{"type":"FeatureCollection","metadata":{"description":"Dubai EV Charging Resilience Index \u2014 H3 Resolution 8 prototype","h3_resolution":8,"study_area":"Dubai coastal urban corridor","risk_model":"Deterministic mock data for visual prototyping only. NOT empirical.","risk_formula":"0.40*flood + 0.35*charger_deficit + 0.20*transport + 0.05*noise","coordinate_system":"WGS84 (EPSG:4326)","cell_count":1919},"features":[{"type":"Feature","properties":{"h3_index":"8843a10433fffff","h3_resolution":8,"center_lat":24.98432,"center_lng":55.03002,"risk_score":0.2644,"risk_class":"low","flood_exposure":0.0781,"charger_access_deficit":0.9986,"transport_disruption":0.0743},"geometry":{"type":"Polygon","coordinates":[[[55.0249,24.9854],[55.0267,24.9812],[55.0318,24.9801],[55.0351,24.9832],[55.0333,24.9875],[55.0282,24.9886],[55.0249,24.9854]]]}},{"type":"Feature","properties":{"h3_index":"8843a10437fffff","h3_resolution":8,"center_lat":24.97689,"center_lng":55.02847,"risk_score":0.2484,"risk_class":"low","flood_exposure":0.0649,"charger_access_deficit":0.9998,"transport_disruption":0.0574},"geometry":{"type":"Polygon","coordinates":[[[55.0234,24.978],[55.0252,24.9737],[55.0302,24.9726],[55.0336,24.9758],[55.0318,24.9801],[55.0267,24.9812],[55.0234,24.978]]]}},{"type":"Feature","properties":{"h3_index":"8843a10481fffff","h3_resolution":8,"center_lat":25.00532,"center_lng":55.05833,"risk_score":0.3819,"risk_class":"moderate","flood_exposure":0.1883,"charger_access_deficit":0.931,"transport_disruption":0.2798},"geometry":{"type":"Polygon","coordinates":[[[55.0532,25.0064],[55.055,25.0022],[55.0601,25.001],[55.0634,25.0042],[55.0617,25.0085],[55.0566,25.0096],[55.0532,25.0064]]]}},{"type":"Feature","properties":{"h3_index":"8843a10483fffff","h3_resolution":8,"center_lat":25.00736,"center_lng":55.06674,"risk_score":0.4226,"risk_class":"moderate","flood_exposure":0.2362,"charger_access_deficit":0.8944,"transport_disruption":0.3258},"geometry":{"type":"Polygon","coordinates":[[[55.0617,25.0085],[55.0634,25.0042],[55.0685,25.0031],[55.0718,25.0062],[55.0701,25.0105],[55.065,25.0116],[55.0617,25.0085]]]}},{"type":"Feature","properties":{"h3_index":"8843a10485fffff","h3_resolution":8,"center_lat":24.99788,"center_lng":55.05678,"risk_score":0.3712,"risk_class":"moderate","flood_exposure":0.1787,"charger_access_deficit":0.9592,"transport_disruption":0.2222},"geometry":{"type":"Polygon","coordinates":[[[55.0517,24.999],[55.0535,24.9947],[55.0586,24.9936],[55.0619,24.9968],[55.0601,25.001],[55.055,25.0022],[55.0517,24.999]]]}},{"type":"Feature","properties":{"h3_index":"8843a10487fffff","h3_resolution":8,"center_lat":24.99992,"center_lng":55.06519,"risk_score":0.3905,"risk_class":"moderate","flood_exposure":0.2276,"charger_access_deficit":0.932,"transport_disruption":0.272},"geometry":{"type":"Polygon","coordinates":[[[55.0601,25.001],[55.0619,24.9968],[55.067,24.9956],[55.0703,24.9988],[55.0685,25.0031],[55.0634,25.0042],[55.0601,25.001]]]}},{"type":"Feature","properties":{"h3_index":"8843a10489fffff","h3_resolution":8,"center_lat":25.01071,"center_lng":55.05148,"risk_score":0.3747,"risk_class":"moderate","flood_exposure":0.1583,"charger_access_deficit":0.928,"transport_disruption":0.3097},"geometry":{"type":"Polygon","coordinates":[[[55.0464,25.0118],[55.0482,25.0075],[55.0532,25.0064],[55.0566,25.0096],[55.0548,25.0139],[55.0497,25.015],[55.0464,25.0118]]]}},{"type":"Feature","properties":{"h3_index":"8843a1048bfffff","h3_resolution":8,"center_lat":25.01275,"center_lng":55.05989,"risk_score":0.3876,"risk_class":"moderate","flood_exposure":0.1943,"charger_access_deficit":0.8946,"transport_disruption":0.3521},"geometry":{"type":"Polygon","coordinates":[[[55.0548,25.0139],[55.0566,25.0096],[55.0617,25.0085],[55.065,25.0116],[55.0632,25.0159],[55.0581,25.017],[55.0548,25.0139]]]}},{"type":"Feature","properties":{"h3_index":"8843a1048dfffff","h3_resolution":8,"center_lat":25.00327,"center_lng":55.04993,"risk_score":0.3526,"risk_class":"moderate","flood_exposure":0.1511,"charger_access_deficit":0.9564,"transport_disruption":0.2366},"geometry":{"type":"Polygon","coordinates":[[[55.0448,25.0044],[55.0466,25.0001],[55.0517,24.999],[55.055,25.0022],[55.0532,25.0064],[55.0482,25.0075],[55.0448,25.0044]]]}},{"type":"Feature","properties":{"h3_index":"8843a10491fffff","h3_resolution":8,"center_lat":25.01683,"center_lng":55.07671,"risk_score":0.4344,"risk_class":"moderate","flood_exposure":0.2911,"charger_access_deficit":0.798,"transport_disruption":0.4365},"geometry":{"type":"Polygon","coordinates":[[[55.0716,25.018],[55.0734,25.0137],[55.0785,25.0126],[55.0818,25.0157],[55.08,25.02],[55.0749,25.0211],[55.0716,25.018]]]}},{"type":"Feature","properties":{"h3_index":"8843a10493fffff","h3_resolution":8,"center_lat":25.01888,"center_lng":55.08512,"risk_score":0.4559,"risk_class":"moderate","flood_exposure":0.3431,"charger_access_deficit":0.7426,"transport_disruption":0.4821},"geometry":{"type":"Polygon","coordinates":[[[55.08,25.02],[55.0818,25.0157],[55.0869,25.0146],[55.0902,25.0178],[55.0884,25.022],[55.0834,25.0232],[55.08,25.02]]]}},{"type":"Feature","properties":{"h3_index":"8843a10495fffff","h3_resolution":8,"center_lat":25.0094,"center_lng":55.07515,"risk_score":0.4572,"risk_class":"moderate","flood_exposure":0.2882,"charger_access_deficit":0.8501,"transport_disruption":0.3734},"geometry":{"type":"Polygon","coordinates":[[[55.0701,25.0105],[55.0718,25.0062],[55.0769,25.0051],[55.0802,25.0083],[55.0785,25.0126],[55.0734,25.0137],[55.0701,25.0105]]]}},{"type":"Feature","properties":{"h3_index":"8843a10497fffff","h3_resolution":8,"center_lat":25.01144,"center_lng":55.08357,"risk_score":0.4776,"risk_class":"moderate","flood_exposure":0.3421,"charger_access_deficit":0.8005,"transport_disruption":0.4242},"geometry":{"type":"Polygon","coordinates":[[[55.0785,25.0126],[55.0802,25.0083],[55.0853,25.0072],[55.0887,25.0103],[55.0869,25.0146],[55.0818,25.0157],[55.0785,25.0126]]]}},{"type":"Feature","properties":{"h3_index":"8843a10499fffff","h3_resolution":8,"center_lat":25.02223,"center_lng":55.06985,"risk_score":0.411,"risk_class":"moderate","flood_exposure":0.2412,"charger_access_deficit":0.8003,"transport_disruption":0.4713},"geometry":{"type":"Polygon","coordinates":[[[55.0648,25.0233],[55.0665,25.0191],[55.0716,25.018],[55.0749,25.0211],[55.0732,25.0254],[55.0681,25.0265],[55.0648,25.0233]]]}},{"type":"Feature","properties":{"h3_index":"8843a1049bfffff","h3_resolution":8,"center_lat":25.02427,"center_lng":55.07826,"risk_score":0.4121,"risk_class":"moderate","flood_exposure":0.2895,"charger_access_deficit":0.7433,"transport_disruption":0.5081},"geometry":{"type":"Polygon","coordinates":[[[55.0732,25.0254],[55.0749,25.0211],[55.08,25.02],[55.0834,25.0232],[55.0816,25.0274],[55.0765,25.0285],[55.0732,25.0254]]]}},{"type":"Feature","properties":{"h3_index":"8843a1049dfffff","h3_resolution":8,"center_lat":25.01479,"center_lng":55.0683,"risk_score":0.3986,"risk_class":"moderate","flood_exposure":0.2408,"charger_access_deficit":0.8496,"transport_disruption":0.3939},"geometry":{"type":"Polygon","coordinates":[[[55.0632,25.0159],[55.065,25.0116],[55.0701,25.0105],[55.0734,25.0137],[55.0716,25.018],[55.0665,25.0191],[55.0632,25.0159]]]}},{"type":"Feature","properties":{"h3_index":"8843a104a1fffff","h3_resolution":8,"center_lat":24.98506,"center_lng":55.06209,"risk_score":0.403,"risk_class":"moderate","flood_exposure":0.1993,"charger_access_deficit":0.98,"transport_disruption":0.2146},"geometry":{"type":"Polygon","coordinates":[[[55.057,24.9862],[55.0588,24.9819],[55.0639,24.9808],[55.0672,24.9839],[55.0654,24.9882],[55.0603,24.9893],[55.057,24.9862]]]}},{"type":"Feature","properties":{"h3_index":"8843a104a3fffff","h3_resolution":8,"center_lat":24.9871,"center_lng":55.07049,"risk_score":0.4717,"risk_class":"moderate","flood_exposure":0.2537,"charger_access_deficit":0.9634,"transport_disruption":0.2768},"geometry":{"type":"Polygon","coordinates":[[[55.0654,24.9882],[55.0672,24.9839],[55.0723,24.9828],[55.0756,24.986],[55.0738,24.9903],[55.0687,24.9914],[55.0654,24.9882]]]}},{"type":"Feature","properties":{"h3_index":"8843a104a5fffff","h3_resolution":8,"center_lat":24.97763,"center_lng":55.06054,"risk_score":0.3906,"risk_class":"moderate","flood_exposure":0.1807,"charger_access_deficit":0.9916,"transport_disruption":0.2064},"geometry":{"type":"Polygon","coordinates":[[[55.0554,24.9787],[55.0572,24.9745],[55.0623,24.9734],[55.0656,24.9765],[55.0639,24.9808],[55.0588,24.9819],[55.0554,24.9787]]]}},{"type":"Feature","properties":{"h3_index":"8843a104a7fffff","h3_resolution":8,"center_lat":24.97967,"center_lng":55.06894,"risk_score":0.4485,"risk_class":"moderate","flood_exposure":0.2345,"charger_access_deficit":0.9821,"transport_disruption":0.2729},"geometry":{"type":"Polygon","coordinates":[[[55.0639,24.9808],[55.0656,24.9765],[55.0707,24.9754],[55.074,24.9785],[55.0723,24.9828],[55.0672,24.9839],[55.0639,24.9808]]]}},{"type":"Feature","properties":{"h3_index":"8843a104a9fffff","h3_resolution":8,"center_lat":24.99045,"center_lng":55.05523,"risk_score":0.368,"risk_class":"moderate","flood_exposure":0.1658,"charger_access_deficit":0.9787,"transport_disruption":0.1817},"geometry":{"type":"Polygon","coordinates":[[[55.0501,24.9916],[55.0519,24.9873],[55.057,24.9862],[55.0603,24.9893],[55.0586,24.9936],[55.0535,24.9947],[55.0501,24.9916]]]}},{"type":"Feature","properties":{"h3_index":"8843a104abfffff","h3_resolution":8,"center_lat":24.99249,"center_lng":55.06364,"risk_score":0.3866,"risk_class":"moderate","flood_exposure":0.2152,"charger_access_deficit":0.9607,"transport_disruption":0.2352},"geometry":{"type":"Polygon","coordinates":[[[55.0586,24.9936],[55.0603,24.9893],[55.0654,24.9882],[55.0687,24.9914],[55.067,24.9956],[55.0619,24.9968],[55.0586,24.9936]]]}},{"type":"Feature","properties":{"h3_index":"8843a104adfffff","h3_resolution":8,"center_lat":24.98302,"center_lng":55.05368,"risk_score":0.3433,"risk_class":"low","flood_exposure":0.1499,"charger_access_deficit":0.9907,"transport_disruption":0.1578},"geometry":{"type":"Polygon","coordinates":[[[55.0486,24.9841],[55.0504,24.9799],[55.0554,24.9787],[55.0588,24.9819],[55.057,24.9862],[55.0519,24.9873],[55.0486,24.9841]]]}},{"type":"Feature","properties":{"h3_index":"8843a104b1fffff","h3_resolution":8,"center_lat":24.99657,"center_lng":55.08046,"risk_score":0.5036,"risk_class":"moderate","flood_exposure":0.326,"charger_access_deficit":0.9021,"transport_disruption":0.3536},"geometry":{"type":"Polygon","coordinates":[[[55.0754,24.9977],[55.0771,24.9934],[55.0822,24.9923],[55.0855,24.9955],[55.0838,24.9997],[55.0787,25.0008],[55.0754,24.9977]]]}},{"type":"Feature","properties":{"h3_index":"8843a104b3fffff","h3_resolution":8,"center_lat":24.99861,"center_lng":55.08887,"risk_score":0.5514,"risk_class":"moderate","flood_exposure":0.3829,"charger_access_deficit":0.8639,"transport_disruption":0.4178},"geometry":{"type":"Polygon","coordinates":[[[55.0838,24.9997],[55.0855,24.9955],[55.0906,24.9943],[55.094,24.9975],[55.0922,25.0018],[55.0871,25.0029],[55.0838,24.9997]]]}},{"type":"Feature","properties":{"h3_index":"8843a104b5fffff","h3_resolution":8,"center_lat":24.98914,"center_lng":55.0789,"risk_score":0.5036,"risk_class":"moderate","flood_exposure":0.311,"charger_access_deficit":0.9402,"transport_disruption":0.3427},"geometry":{"type":"Polygon","coordinates":[[[55.0738,24.9903],[55.0756,24.986],[55.0807,24.9849],[55.084,24.988],[55.0822,24.9923],[55.0771,24.9934],[55.0738,24.9903]]]}},{"type":"Feature","properties":{"h3_index":"8843a104b7fffff","h3_resolution":8,"center_lat":24.99118,"center_lng":55.08731,"risk_score":0.5628,"risk_class":"moderate","flood_exposure":0.3689,"charger_access_deficit":0.911,"transport_disruption":0.4116},"geometry":{"type":"Polygon","coordinates":[[[55.0822,24.9923],[55.084,24.988],[55.0891,24.9869],[55.0924,24.9901],[55.0906,24.9943],[55.0855,24.9955],[55.0822,24.9923]]]}},{"type":"Feature","properties":{"h3_index":"8843a104b9fffff","h3_resolution":8,"center_lat":25.00196,"center_lng":55.0736,"risk_score":0.4513,"risk_class":"moderate","flood_exposure":0.2809,"charger_access_deficit":0.8966,"transport_disruption":0.3245},"geometry":{"type":"Polygon","coordinates":[[[55.0685,25.0031],[55.0703,24.9988],[55.0754,24.9977],[55.0787,25.0008],[55.0769,25.0051],[55.0718,25.0062],[55.0685,25.0031]]]}},{"type":"Feature","properties":{"h3_index":"8843a104bbfffff","h3_resolution":8,"center_lat":25.00401,"center_lng":55.08201,"risk_score":0.4943,"risk_class":"moderate","flood_exposure":0.3364,"charger_access_deficit":0.8546,"transport_disruption":0.3803},"geometry":{"type":"Polygon","coordinates":[[[55.0769,25.0051],[55.0787,25.0008],[55.0838,24.9997],[55.0871,25.0029],[55.0853,25.0072],[55.0802,25.0083],[55.0769,25.0051]]]}},{"type":"Feature","properties":{"h3_index":"8843a104bdfffff","h3_resolution":8,"center_lat":24.99453,"center_lng":55.07205,"risk_score":0.4372,"risk_class":"moderate","flood_exposure":0.2693,"charger_access_deficit":0.9349,"transport_disruption":0.2926},"geometry":{"type":"Polygon","coordinates":[[[55.067,24.9956],[55.0687,24.9914],[55.0738,24.9903],[55.0771,24.9934],[55.0754,24.9977],[55.0703,24.9988],[55.067,24.9956]]]}},{"type":"Feature","properties":{"h3_index":"8843a104c1fffff","h3_resolution":8,"center_lat":25.01406,"center_lng":55.03621,"risk_score":0.3595,"risk_class":"moderate","flood_exposure":0.1193,"charger_access_deficit":0.9462,"transport_disruption":0.3077},"geometry":{"type":"Polygon","coordinates":[[[55.0311,25.0152],[55.0329,25.0109],[55.038,25.0098],[55.0413,25.0129],[55.0395,25.0172],[55.0344,25.0183],[55.0311,25.0152]]]}},{"type":"Feature","properties":{"h3_index":"8843a104c3fffff","h3_resolution":8,"center_lat":25.0161,"center_lng":55.04462,"risk_score":0.3459,"risk_class":"low","flood_exposure":0.138,"charger_access_deficit":0.9223,"transport_disruption":0.352},"geometry":{"type":"Polygon","coordinates":[[[55.0395,25.0172],[55.0413,25.0129],[55.0464,25.0118],[55.0497,25.015],[55.0479,25.0193],[55.0428,25.0204],[55.0395,25.0172]]]}},{"type":"Feature","properties":{"h3_index":"8843a104c5fffff","h3_resolution":8,"center_lat":25.00662,"center_lng":55.03466,"risk_score":0.2946,"risk_class":"low","flood_exposure":0.1127,"charger_access_deficit":0.9696,"transport_disruption":0.2247},"geometry":{"type":"Polygon","coordinates":[[[55.0296,25.0077],[55.0313,25.0035],[55.0364,25.0023],[55.0397,25.0055],[55.038,25.0098],[55.0329,25.0109],[55.0296,25.0077]]]}},{"type":"Feature","properties":{"h3_index":"8843a104c7fffff","h3_resolution":8,"center_lat":25.00867,"center_lng":55.04307,"risk_score":0.342,"risk_class":"low","flood_exposure":0.1328,"charger_access_deficit":0.9516,"transport_disruption":0.2674},"geometry":{"type":"Polygon","coordinates":[[[55.038,25.0098],[55.0397,25.0055],[55.0448,25.0044],[55.0482,25.0075],[55.0464,25.0118],[55.0413,25.0129],[55.038,25.0098]]]}},{"type":"Feature","properties":{"h3_index":"8843a104cbfffff","h3_resolution":8,"center_lat":25.02149,"center_lng":55.03776,"risk_score":0.3566,"risk_class":"moderate","flood_exposure":0.1226,"charger_access_deficit":0.9153,"transport_disruption":0.4013},"geometry":{"type":"Polygon","coordinates":[[[55.0327,25.0226],[55.0344,25.0183],[55.0395,25.0172],[55.0428,25.0204],[55.0411,25.0247],[55.036,25.0258],[55.0327,25.0226]]]}},{"type":"Feature","properties":{"h3_index":"8843a104d1fffff","h3_resolution":8,"center_lat":25.02558,"center_lng":55.05458,"risk_score":0.4005,"risk_class":"moderate","flood_exposure":0.1621,"charger_access_deficit":0.8509,"transport_disruption":0.4856},"geometry":{"type":"Polygon","coordinates":[[[55.0495,25.0267],[55.0513,25.0224],[55.0563,25.0213],[55.0597,25.0245],[55.0579,25.0287],[55.0528,25.0299],[55.0495,25.0267]]]}},{"type":"Feature","properties":{"h3_index":"8843a104d3fffff","h3_resolution":8,"center_lat":25.02762,"center_lng":55.06299,"risk_score":0.4057,"risk_class":"moderate","flood_exposure":0.1947,"charger_access_deficit":0.8055,"transport_disruption":0.5211},"geometry":{"type":"Polygon","coordinates":[[[55.0579,25.0287],[55.0597,25.0245],[55.0648,25.0233],[55.0681,25.0265],[55.0663,25.0308],[55.0612,25.0319],[55.0579,25.0287]]]}},{"type":"Feature","properties":{"h3_index":"8843a104d5fffff","h3_resolution":8,"center_lat":25.01814,"center_lng":55.05303,"risk_score":0.3646,"risk_class":"moderate","flood_exposure":0.1621,"charger_access_deficit":0.8922,"transport_disruption":0.3946},"geometry":{"type":"Polygon","coordinates":[[[55.0479,25.0193],[55.0497,25.015],[55.0548,25.0139],[55.0581,25.017],[55.0563,25.0213],[55.0513,25.0224],[55.0479,25.0193]]]}},{"type":"Feature","properties":{"h3_index":"8843a104d7fffff","h3_resolution":8,"center_lat":25.02019,"center_lng":55.06144,"risk_score":0.4074,"risk_class":"moderate","flood_exposure":0.1965,"charger_access_deficit":0.8518,"transport_disruption":0.4345},"geometry":{"type":"Polygon","coordinates":[[[55.0563,25.0213],[55.0581,25.017],[55.0632,25.0159],[55.0665,25.0191],[55.0648,25.0233],[55.0597,25.0245],[55.0563,25.0213]]]}},{"type":"Feature","properties":{"h3_index":"8843a104d9fffff","h3_resolution":8,"center_lat":25.03097,"center_lng":55.04772,"risk_score":0.3731,"risk_class":"moderate","flood_exposure":0.138,"charger_access_deficit":0.8454,"transport_disruption":0.5393},"geometry":{"type":"Polygon","coordinates":[[[55.0426,25.0321],[55.0444,25.0278],[55.0495,25.0267],[55.0528,25.0299],[55.051,25.0341],[55.046,25.0352],[55.0426,25.0321]]]}},{"type":"Feature","properties":{"h3_index":"8843a104dbfffff","h3_resolution":8,"center_lat":25.03302,"center_lng":55.05613,"risk_score":0.3895,"risk_class":"moderate","flood_exposure":0.1586,"charger_access_deficit":0.8069,"transport_disruption":0.5754},"geometry":{"type":"Polygon","coordinates":[[[55.051,25.0341],[55.0528,25.0299],[55.0579,25.0287],[55.0612,25.0319],[55.0595,25.0362],[55.0544,25.0373],[55.051,25.0341]]]}},{"type":"Feature","properties":{"h3_index":"8843a104ddfffff","h3_resolution":8,"center_lat":25.02354,"center_lng":55.04617,"risk_score":0.3752,"risk_class":"moderate","flood_exposure":0.1397,"charger_access_deficit":0.886,"transport_disruption":0.445},"geometry":{"type":"Polygon","coordinates":[[[55.0411,25.0247],[55.0428,25.0204],[55.0479,25.0193],[55.0513,25.0224],[55.0495,25.0267],[55.0444,25.0278],[55.0411,25.0247]]]}},{"type":"Feature","properties":{"h3_index":"8843a104e1fffff","h3_resolution":8,"center_lat":24.9938,"center_lng":55.03997,"risk_score":0.3127,"risk_class":"low","flood_exposure":0.1132,"charger_access_deficit":0.9875,"transport_disruption":0.1412},"geometry":{"type":"Polygon","coordinates":[[[55.0349,24.9949],[55.0367,24.9906],[55.0417,24.9895],[55.0451,24.9927],[55.0433,24.997],[55.0382,24.9981],[55.0349,24.9949]]]}},{"type":"Feature","properties":{"h3_index":"8843a104e3fffff","h3_resolution":8,"center_lat":24.99584,"center_lng":55.04838,"risk_score":0.3503,"risk_class":"moderate","flood_exposure":0.1406,"charger_access_deficit":0.9767,"transport_disruption":0.1789},"geometry":{"type":"Polygon","coordinates":[[[55.0433,24.997],[55.0451,24.9927],[55.0501,24.9916],[55.0535,24.9947],[55.0517,24.999],[55.0466,25.0001],[55.0433,24.997]]]}},{"type":"Feature","properties":{"h3_index":"8843a104e5fffff","h3_resolution":8,"center_lat":24.98637,"center_lng":55.03842,"risk_score":0.3009,"risk_class":"low","flood_exposure":0.0998,"charger_access_deficit":0.9955,"transport_disruption":0.1042},"geometry":{"type":"Polygon","coordinates":[[[55.0333,24.9875],[55.0351,24.9832],[55.0402,24.9821],[55.0435,24.9853],[55.0417,24.9895],[55.0367,24.9906],[55.0333,24.9875]]]}},{"type":"Feature","properties":{"h3_index":"8843a104e7fffff","h3_resolution":8,"center_lat":24.98841,"center_lng":55.04683,"risk_score":0.3271,"risk_class":"low","flood_exposure":0.1274,"charger_access_deficit":0.9895,"transport_disruption":0.1385},"geometry":{"type":"Polygon","coordinates":[[[55.0417,24.9895],[55.0435,24.9853],[55.0486,24.9841],[55.0519,24.9873],[55.0501,24.9916],[55.0451,24.9927],[55.0417,24.9895]]]}},{"type":"Feature","properties":{"h3_index":"8843a104e9fffff","h3_resolution":8,"center_lat":24.99919,"center_lng":55.03311,"risk_score":0.3169,"risk_class":"low","flood_exposure":0.1032,"charger_access_deficit":0.9853,"transport_disruption":0.1565},"geometry":{"type":"Polygon","coordinates":[[[55.028,25.0003],[55.0298,24.996],[55.0349,24.9949],[55.0382,24.9981],[55.0364,25.0023],[55.0313,25.0035],[55.028,25.0003]]]}},{"type":"Feature","properties":{"h3_index":"8843a104ebfffff","h3_resolution":8,"center_lat":25.00123,"center_lng":55.04152,"risk_score":0.3378,"risk_class":"low","flood_exposure":0.1244,"charger_access_deficit":0.9733,"transport_disruption":0.1962},"geometry":{"type":"Polygon","coordinates":[[[55.0364,25.0023],[55.0382,24.9981],[55.0433,24.997],[55.0466,25.0001],[55.0448,25.0044],[55.0397,25.0055],[55.0364,25.0023]]]}},{"type":"Feature","properties":{"h3_index":"8843a104edfffff","h3_resolution":8,"center_lat":24.99176,"center_lng":55.03156,"risk_score":0.2771,"risk_class":"low","flood_exposure":0.0914,"charger_access_deficit":0.9944,"transport_disruption":0.1061},"geometry":{"type":"Polygon","coordinates":[[[55.0265,24.9929],[55.0282,24.9886],[55.0333,24.9875],[55.0367,24.9906],[55.0349,24.9949],[55.0298,24.996],[55.0265,24.9929]]]}},{"type":"Feature","properties":{"h3_index":"8843a10581fffff","h3_resolution":8,"center_lat":24.9533,"center_lng":55.04748,"risk_score":0.2971,"risk_class":"low","flood_exposure":0.0935,"charger_access_deficit":1.0,"transport_disruption":0.1478},"geometry":{"type":"Polygon","coordinates":[[[55.0424,24.9544],[55.0442,24.9501],[55.0492,24.949],[55.0526,24.9522],[55.0508,24.9565],[55.0457,24.9576],[55.0424,24.9544]]]}},{"type":"Feature","properties":{"h3_index":"8843a10583fffff","h3_resolution":8,"center_lat":24.95534,"center_lng":55.05588,"risk_score":0.3541,"risk_class":"moderate","flood_exposure":0.1318,"charger_access_deficit":1.0,"transport_disruption":0.2121},"geometry":{"type":"Polygon","coordinates":[[[55.0508,24.9565],[55.0526,24.9522],[55.0576,24.9511],[55.061,24.9542],[55.0592,24.9585],[55.0541,24.9596],[55.0508,24.9565]]]}},{"type":"Feature","properties":{"h3_index":"8843a10585fffff","h3_resolution":8,"center_lat":24.94587,"center_lng":55.04593,"risk_score":0.3072,"risk_class":"low","flood_exposure":0.0854,"charger_access_deficit":1.0,"transport_disruption":0.1463},"geometry":{"type":"Polygon","coordinates":[[[55.0408,24.947],[55.0426,24.9427],[55.0477,24.9416],[55.051,24.9448],[55.0492,24.949],[55.0442,24.9501],[55.0408,24.947]]]}},{"type":"Feature","properties":{"h3_index":"8843a10587fffff","h3_resolution":8,"center_lat":24.94791,"center_lng":55.05433,"risk_score":0.3505,"risk_class":"moderate","flood_exposure":0.1216,"charger_access_deficit":1.0,"transport_disruption":0.2152},"geometry":{"type":"Polygon","coordinates":[[[55.0492,24.949],[55.051,24.9448],[55.0561,24.9436],[55.0594,24.9468],[55.0576,24.9511],[55.0526,24.9522],[55.0492,24.949]]]}},{"type":"Feature","properties":{"h3_index":"8843a10589fffff","h3_resolution":8,"center_lat":24.95869,"center_lng":55.04063,"risk_score":0.3068,"risk_class":"low","flood_exposure":0.0746,"charger_access_deficit":1.0,"transport_disruption":0.1005},"geometry":{"type":"Polygon","coordinates":[[[55.0355,24.9598],[55.0373,24.9555],[55.0424,24.9544],[55.0457,24.9576],[55.0439,24.9618],[55.0389,24.963],[55.0355,24.9598]]]}},{"type":"Feature","properties":{"h3_index":"8843a1058bfffff","h3_resolution":8,"center_lat":24.96073,"center_lng":55.04903,"risk_score":0.3014,"risk_class":"low","flood_exposure":0.1025,"charger_access_deficit":0.9999,"transport_disruption":0.145},"geometry":{"type":"Polygon","coordinates":[[[55.0439,24.9618],[55.0457,24.9576],[55.0508,24.9565],[55.0541,24.9596],[55.0523,24.9639],[55.0473,24.965],[55.0439,24.9618]]]}},{"type":"Feature","properties":{"h3_index":"8843a1058dfffff","h3_resolution":8,"center_lat":24.95126,"center_lng":55.03908,"risk_score":0.2568,"risk_class":"low","flood_exposure":0.0685,"charger_access_deficit":1.0,"transport_disruption":0.1054},"geometry":{"type":"Polygon","coordinates":[[[55.034,24.9524],[55.0358,24.9481],[55.0408,24.947],[55.0442,24.9501],[55.0424,24.9544],[55.0373,24.9555],[55.034,24.9524]]]}},{"type":"Feature","properties":{"h3_index":"8843a10591fffff","h3_resolution":8,"center_lat":24.9648,"center_lng":55.06584,"risk_score":0.4422,"risk_class":"moderate","flood_exposure":0.1918,"charger_access_deficit":0.998,"transport_disruption":0.2824},"geometry":{"type":"Polygon","coordinates":[[[55.0608,24.9659],[55.0625,24.9616],[55.0676,24.9605],[55.0709,24.9637],[55.0692,24.968],[55.0641,24.9691],[55.0608,24.9659]]]}},{"type":"Feature","properties":{"h3_index":"8843a10593fffff","h3_resolution":8,"center_lat":24.96684,"center_lng":55.07424,"risk_score":0.5207,"risk_class":"moderate","flood_exposure":0.2461,"charger_access_deficit":0.9945,"transport_disruption":0.3629},"geometry":{"type":"Polygon","coordinates":[[[55.0692,24.968],[55.0709,24.9637],[55.076,24.9626],[55.0793,24.9657],[55.0776,24.97],[55.0725,24.9711],[55.0692,24.968]]]}},{"type":"Feature","properties":{"h3_index":"8843a10595fffff","h3_resolution":8,"center_lat":24.95738,"center_lng":55.06429,"risk_score":0.4287,"risk_class":"moderate","flood_exposure":0.1747,"charger_access_deficit":0.9997,"transport_disruption":0.2877},"geometry":{"type":"Polygon","coordinates":[[[55.0592,24.9585],[55.061,24.9542],[55.0661,24.9531],[55.0694,24.9563],[55.0676,24.9605],[55.0625,24.9616],[55.0592,24.9585]]]}},{"type":"Feature","properties":{"h3_index":"8843a10597fffff","h3_resolution":8,"center_lat":24.95941,"center_lng":55.07269,"risk_score":0.501,"risk_class":"moderate","flood_exposure":0.2229,"charger_access_deficit":0.9987,"transport_disruption":0.3708},"geometry":{"type":"Polygon","coordinates":[[[55.0676,24.9605],[55.0694,24.9563],[55.0745,24.9551],[55.0778,24.9583],[55.076,24.9626],[55.0709,24.9637],[55.0676,24.9605]]]}},{"type":"Feature","properties":{"h3_index":"8843a10599fffff","h3_resolution":8,"center_lat":24.9702,"center_lng":55.05898,"risk_score":0.3986,"risk_class":"moderate","flood_exposure":0.1615,"charger_access_deficit":0.9974,"transport_disruption":0.2059},"geometry":{"type":"Polygon","coordinates":[[[55.0539,24.9713],[55.0557,24.967],[55.0608,24.9659],[55.0641,24.9691],[55.0623,24.9734],[55.0572,24.9745],[55.0539,24.9713]]]}},{"type":"Feature","properties":{"h3_index":"8843a1059bfffff","h3_resolution":8,"center_lat":24.97223,"center_lng":55.06739,"risk_score":0.4412,"risk_class":"moderate","flood_exposure":0.2134,"charger_access_deficit":0.9929,"transport_disruption":0.2764},"geometry":{"type":"Polygon","coordinates":[[[55.0623,24.9734],[55.0641,24.9691],[55.0692,24.968],[55.0725,24.9711],[55.0707,24.9754],[55.0656,24.9765],[55.0623,24.9734]]]}},{"type":"Feature","properties":{"h3_index":"8843a1059dfffff","h3_resolution":8,"center_lat":24.96277,"center_lng":55.05743,"risk_score":0.3475,"risk_class":"low","flood_exposure":0.1426,"charger_access_deficit":0.9995,"transport_disruption":0.2085},"geometry":{"type":"Polygon","coordinates":[[[55.0523,24.9639],[55.0541,24.9596],[55.0592,24.9585],[55.0625,24.9616],[55.0608,24.9659],[55.0557,24.967],[55.0523,24.9639]]]}},{"type":"Feature","properties":{"h3_index":"8843a105b1fffff","h3_resolution":8,"center_lat":24.94456,"center_lng":55.06958,"risk_score":0.4648,"risk_class":"moderate","flood_exposure":0.1959,"charger_access_deficit":1.0,"transport_disruption":0.3773},"geometry":{"type":"Polygon","coordinates":[[[55.0645,24.9457],[55.0663,24.9414],[55.0714,24.9403],[55.0747,24.9434],[55.0729,24.9477],[55.0678,24.9488],[55.0645,24.9457]]]}},{"type":"Feature","properties":{"h3_index":"8843a105b3fffff","h3_resolution":8,"center_lat":24.94659,"center_lng":55.07799,"risk_score":0.5536,"risk_class":"moderate","flood_exposure":0.2416,"charger_access_deficit":1.0,"transport_disruption":0.4658},"geometry":{"type":"Polygon","coordinates":[[[55.0729,24.9477],[55.0747,24.9434],[55.0798,24.9423],[55.0831,24.9455],[55.0813,24.9497],[55.0762,24.9509],[55.0729,24.9477]]]}},{"type":"Feature","properties":{"h3_index":"8843a105b7fffff","h3_resolution":8,"center_lat":24.93917,"center_lng":55.07643,"risk_score":0.5127,"risk_class":"moderate","flood_exposure":0.2307,"charger_access_deficit":1.0,"transport_disruption":0.4664},"geometry":{"type":"Polygon","coordinates":[[[55.0714,24.9403],[55.0731,24.936],[55.0782,24.9349],[55.0815,24.938],[55.0798,24.9423],[55.0747,24.9434],[55.0714,24.9403]]]}},{"type":"Feature","properties":{"h3_index":"8843a105b9fffff","h3_resolution":8,"center_lat":24.94995,"center_lng":55.06273,"risk_score":0.415,"risk_class":"moderate","flood_exposure":0.1629,"charger_access_deficit":1.0,"transport_disruption":0.2916},"geometry":{"type":"Polygon","coordinates":[[[55.0576,24.9511],[55.0594,24.9468],[55.0645,24.9457],[55.0678,24.9488],[55.0661,24.9531],[55.061,24.9542],[55.0576,24.9511]]]}},{"type":"Feature","properties":{"h3_index":"8843a105bbfffff","h3_resolution":8,"center_lat":24.95198,"center_lng":55.07114,"risk_score":0.485,"risk_class":"moderate","flood_exposure":0.2091,"charger_access_deficit":0.9999,"transport_disruption":0.3755},"geometry":{"type":"Polygon","coordinates":[[[55.0661,24.9531],[55.0678,24.9488],[55.0729,24.9477],[55.0762,24.9509],[55.0745,24.9551],[55.0694,24.9563],[55.0661,24.9531]]]}},{"type":"Feature","properties":{"h3_index":"8843a105bdfffff","h3_resolution":8,"center_lat":24.94252,"center_lng":55.06118,"risk_score":0.4026,"risk_class":"moderate","flood_exposure":0.1533,"charger_access_deficit":1.0,"transport_disruption":0.2912},"geometry":{"type":"Polygon","coordinates":[[[55.0561,24.9436],[55.0579,24.9394],[55.0629,24.9382],[55.0663,24.9414],[55.0645,24.9457],[55.0594,24.9468],[55.0561,24.9436]]]}},{"type":"Feature","properties":{"h3_index":"8843a105c1fffff","h3_resolution":8,"center_lat":24.96203,"center_lng":55.02537,"risk_score":0.2434,"risk_class":"low","flood_exposure":0.0458,"charger_access_deficit":1.0,"transport_disruption":0.0498},"geometry":{"type":"Polygon","coordinates":[[[55.0203,24.9631],[55.0221,24.9589],[55.0271,24.9578],[55.0305,24.9609],[55.0287,24.9652],[55.0236,24.9663],[55.0203,24.9631]]]}},{"type":"Feature","properties":{"h3_index":"8843a105c3fffff","h3_resolution":8,"center_lat":24.96407,"center_lng":55.03378,"risk_score":0.2621,"risk_class":"low","flood_exposure":0.0621,"charger_access_deficit":1.0,"transport_disruption":0.0717},"geometry":{"type":"Polygon","coordinates":[[[55.0287,24.9652],[55.0305,24.9609],[55.0355,24.9598],[55.0389,24.963],[55.0371,24.9672],[55.032,24.9683],[55.0287,24.9652]]]}},{"type":"Feature","properties":{"h3_index":"8843a105c5fffff","h3_resolution":8,"center_lat":24.95461,"center_lng":55.02383,"risk_score":0.2623,"risk_class":"low","flood_exposure":0.0404,"charger_access_deficit":1.0,"transport_disruption":0.0525},"geometry":{"type":"Polygon","coordinates":[[[55.0187,24.9557],[55.0205,24.9514],[55.0256,24.9503],[55.0289,24.9535],[55.0271,24.9578],[55.0221,24.9589],[55.0187,24.9557]]]}},{"type":"Feature","properties":{"h3_index":"8843a105c7fffff","h3_resolution":8,"center_lat":24.95665,"center_lng":55.03223,"risk_score":0.2588,"risk_class":"low","flood_exposure":0.0559,"charger_access_deficit":1.0,"transport_disruption":0.0739},"geometry":{"type":"Polygon","coordinates":[[[55.0271,24.9578],[55.0289,24.9535],[55.034,24.9524],[55.0373,24.9555],[55.0355,24.9598],[55.0305,24.9609],[55.0271,24.9578]]]}},{"type":"Feature","properties":{"h3_index":"8843a105cbfffff","h3_resolution":8,"center_lat":24.96946,"center_lng":55.02692,"risk_score":0.2301,"risk_class":"low","flood_exposure":0.0522,"charger_access_deficit":1.0,"transport_disruption":0.0501},"geometry":{"type":"Polygon","coordinates":[[[55.0218,24.9706],[55.0236,24.9663],[55.0287,24.9652],[55.032,24.9683],[55.0302,24.9726],[55.0252,24.9737],[55.0218,24.9706]]]}},{"type":"Feature","properties":{"h3_index":"8843a105d1fffff","h3_resolution":8,"center_lat":24.97355,"center_lng":55.04373,"risk_score":0.2841,"risk_class":"low","flood_exposure":0.0969,"charger_access_deficit":0.9991,"transport_disruption":0.103},"geometry":{"type":"Polygon","coordinates":[[[55.0386,24.9747],[55.0404,24.9704],[55.0455,24.9693],[55.0488,24.9724],[55.047,24.9767],[55.042,24.9778],[55.0386,24.9747]]]}},{"type":"Feature","properties":{"h3_index":"8843a105d3fffff","h3_resolution":8,"center_lat":24.97559,"center_lng":55.05213,"risk_score":0.3231,"risk_class":"low","flood_exposure":0.133,"charger_access_deficit":0.9969,"transport_disruption":0.1468},"geometry":{"type":"Polygon","coordinates":[[[55.047,24.9767],[55.0488,24.9724],[55.0539,24.9713],[55.0572,24.9745],[55.0554,24.9787],[55.0504,24.9799],[55.047,24.9767]]]}},{"type":"Feature","properties":{"h3_index":"8843a105d5fffff","h3_resolution":8,"center_lat":24.96612,"center_lng":55.04218,"risk_score":0.2925,"risk_class":"low","flood_exposure":0.0819,"charger_access_deficit":0.9999,"transport_disruption":0.0986},"geometry":{"type":"Polygon","coordinates":[[[55.0371,24.9672],[55.0389,24.963],[55.0439,24.9618],[55.0473,24.965],[55.0455,24.9693],[55.0404,24.9704],[55.0371,24.9672]]]}},{"type":"Feature","properties":{"h3_index":"8843a105d7fffff","h3_resolution":8,"center_lat":24.96816,"center_lng":55.05058,"risk_score":0.3142,"risk_class":"low","flood_exposure":0.1158,"charger_access_deficit":0.9993,"transport_disruption":0.1439},"geometry":{"type":"Polygon","coordinates":[[[55.0455,24.9693],[55.0473,24.965],[55.0523,24.9639],[55.0557,24.967],[55.0539,24.9713],[55.0488,24.9724],[55.0455,24.9693]]]}},{"type":"Feature","properties":{"h3_index":"8843a105d9fffff","h3_resolution":8,"center_lat":24.97893,"center_lng":55.03687,"risk_score":0.2746,"risk_class":"low","flood_exposure":0.0856,"charger_access_deficit":0.9989,"transport_disruption":0.083},"geometry":{"type":"Polygon","coordinates":[[[55.0318,24.9801],[55.0336,24.9758],[55.0386,24.9747],[55.042,24.9778],[55.0402,24.9821],[55.0351,24.9832],[55.0318,24.9801]]]}},{"type":"Feature","properties":{"h3_index":"8843a105dbfffff","h3_resolution":8,"center_lat":24.98098,"center_lng":55.04528,"risk_score":0.3165,"risk_class":"low","flood_exposure":0.1122,"charger_access_deficit":0.9964,"transport_disruption":0.1145},"geometry":{"type":"Polygon","coordinates":[[[55.0402,24.9821],[55.042,24.9778],[55.047,24.9767],[55.0504,24.9799],[55.0486,24.9841],[55.0435,24.9853],[55.0402,24.9821]]]}},{"type":"Feature","properties":{"h3_index":"8843a105ddfffff","h3_resolution":8,"center_lat":24.9715,"center_lng":55.03532,"risk_score":0.2518,"risk_class":"low","flood_exposure":0.0715,"charger_access_deficit":0.9999,"transport_disruption":0.073},"geometry":{"type":"Polygon","coordinates":[[[55.0302,24.9726],[55.032,24.9683],[55.0371,24.9672],[55.0404,24.9704],[55.0386,24.9747],[55.0336,24.9758],[55.0302,24.9726]]]}},{"type":"Feature","properties":{"h3_index":"8843a105ebfffff","h3_resolution":8,"center_lat":24.94922,"center_lng":55.03068,"risk_score":0.2387,"risk_class":"low","flood_exposure":0.0479,"charger_access_deficit":1.0,"transport_disruption":0.0701},"geometry":{"type":"Polygon","coordinates":[[[55.0256,24.9503],[55.0274,24.9461],[55.0324,24.9449],[55.0358,24.9481],[55.034,24.9524],[55.0289,24.9535],[55.0256,24.9503]]]}},{"type":"Feature","properties":{"h3_index":"8843a106b3fffff","h3_resolution":8,"center_lat":25.03637,"center_lng":55.04086,"risk_score":0.3627,"risk_class":"moderate","flood_exposure":0.1191,"charger_access_deficit":0.8379,"transport_disruption":0.5934},"geometry":{"type":"Polygon","coordinates":[[[55.0358,25.0375],[55.0375,25.0332],[55.0426,25.0321],[55.046,25.0352],[55.0442,25.0395],[55.0391,25.0406],[55.0358,25.0375]]]}},{"type":"Feature","properties":{"h3_index":"8843a106b7fffff","h3_resolution":8,"center_lat":25.02893,"center_lng":55.03931,"risk_score":0.3669,"risk_class":"moderate","flood_exposure":0.1225,"charger_access_deficit":0.8783,"transport_disruption":0.499},"geometry":{"type":"Polygon","coordinates":[[[55.0342,25.03],[55.036,25.0258],[55.0411,25.0247],[55.0444,25.0278],[55.0426,25.0321],[55.0375,25.0332],[55.0342,25.03]]]}},{"type":"Feature","properties":{"h3_index":"8843a12001fffff","h3_resolution":8,"center_lat":25.01028,"center_lng":55.28311,"risk_score":0.4641,"risk_class":"moderate","flood_exposure":0.3854,"charger_access_deficit":0.996,"transport_disruption":0.0044},"geometry":{"type":"Polygon","coordinates":[[[55.278,25.0114],[55.2798,25.0071],[55.2849,25.006],[55.2882,25.0092],[55.2864,25.0134],[55.2814,25.0146],[55.278,25.0114]]]}},{"type":"Feature","properties":{"h3_index":"8843a12003fffff","h3_resolution":8,"center_lat":25.01231,"center_lng":55.29154,"risk_score":0.4648,"risk_class":"moderate","flood_exposure":0.3691,"charger_access_deficit":0.997,"transport_disruption":0.0013},"geometry":{"type":"Polygon","coordinates":[[[55.2864,25.0134],[55.2882,25.0092],[55.2933,25.008],[55.2966,25.0112],[55.2949,25.0155],[55.2898,25.0166],[55.2864,25.0134]]]}},{"type":"Feature","properties":{"h3_index":"8843a12005fffff","h3_resolution":8,"center_lat":25.00285,"center_lng":55.28153,"risk_score":0.4918,"risk_class":"moderate","flood_exposure":0.3884,"charger_access_deficit":0.9986,"transport_disruption":0.003},"geometry":{"type":"Polygon","coordinates":[[[55.2764,25.004],[55.2782,24.9997],[55.2833,24.9986],[55.2866,25.0017],[55.2849,25.006],[55.2798,25.0071],[55.2764,25.004]]]}},{"type":"Feature","properties":{"h3_index":"8843a12007fffff","h3_resolution":8,"center_lat":25.00488,"center_lng":55.28996,"risk_score":0.4555,"risk_class":"moderate","flood_exposure":0.3632,"charger_access_deficit":0.9992,"transport_disruption":0.0007},"geometry":{"type":"Polygon","coordinates":[[[55.2849,25.006],[55.2866,25.0017],[55.2917,25.0006],[55.295,25.0038],[55.2933,25.008],[55.2882,25.0092],[55.2849,25.006]]]}},{"type":"Feature","properties":{"h3_index":"8843a12009fffff","h3_resolution":8,"center_lat":25.01569,"center_lng":55.27626,"risk_score":0.497,"risk_class":"moderate","flood_exposure":0.4153,"charger_access_deficit":0.9885,"transport_disruption":0.0142},"geometry":{"type":"Polygon","coordinates":[[[55.2712,25.0168],[55.2729,25.0125],[55.278,25.0114],[55.2814,25.0146],[55.2796,25.0188],[55.2745,25.02],[55.2712,25.0168]]]}},{"type":"Feature","properties":{"h3_index":"8843a1200bfffff","h3_resolution":8,"center_lat":25.01772,"center_lng":55.28469,"risk_score":0.4768,"risk_class":"moderate","flood_exposure":0.3924,"charger_access_deficit":0.9911,"transport_disruption":0.0061},"geometry":{"type":"Polygon","coordinates":[[[55.2796,25.0188],[55.2814,25.0146],[55.2864,25.0134],[55.2898,25.0166],[55.288,25.0209],[55.2829,25.022],[55.2796,25.0188]]]}},{"type":"Feature","properties":{"h3_index":"8843a1200dfffff","h3_resolution":8,"center_lat":25.00825,"center_lng":55.27468,"risk_score":0.507,"risk_class":"moderate","flood_exposure":0.4102,"charger_access_deficit":0.9947,"transport_disruption":0.0105},"geometry":{"type":"Polygon","coordinates":[[[55.2696,25.0094],[55.2713,25.0051],[55.2764,25.004],[55.2798,25.0071],[55.278,25.0114],[55.2729,25.0125],[55.2696,25.0094]]]}},{"type":"Feature","properties":{"h3_index":"8843a12011fffff","h3_resolution":8,"center_lat":25.02178,"center_lng":55.30155,"risk_score":0.4762,"risk_class":"moderate","flood_exposure":0.3805,"charger_access_deficit":0.9919,"transport_disruption":0.0005},"geometry":{"type":"Polygon","coordinates":[[[55.2965,25.0229],[55.2982,25.0186],[55.3033,25.0175],[55.3066,25.0207],[55.3049,25.0249],[55.2998,25.0261],[55.2965,25.0229]]]}},{"type":"Feature","properties":{"h3_index":"8843a12013fffff","h3_resolution":8,"center_lat":25.02381,"center_lng":55.30998,"risk_score":0.465,"risk_class":"moderate","flood_exposure":0.3782,"charger_access_deficit":0.9907,"transport_disruption":0.0},"geometry":{"type":"Polygon","coordinates":[[[55.3049,25.0249],[55.3066,25.0207],[55.3117,25.0195],[55.3151,25.0227],[55.3133,25.027],[55.3082,25.0281],[55.3049,25.0249]]]}},{"type":"Feature","properties":{"h3_index":"8843a12015fffff","h3_resolution":8,"center_lat":25.01434,"center_lng":55.29997,"risk_score":0.4382,"risk_class":"moderate","flood_exposure":0.3603,"charger_access_deficit":0.9974,"transport_disruption":0.0002},"geometry":{"type":"Polygon","coordinates":[[[55.2949,25.0155],[55.2966,25.0112],[55.3017,25.0101],[55.3051,25.0132],[55.3033,25.0175],[55.2982,25.0186],[55.2949,25.0155]]]}},{"type":"Feature","properties":{"h3_index":"8843a12017fffff","h3_resolution":8,"center_lat":25.01638,"center_lng":55.3084,"risk_score":0.4618,"risk_class":"moderate","flood_exposure":0.3571,"charger_access_deficit":0.9971,"transport_disruption":0.0},"geometry":{"type":"Polygon","coordinates":[[[55.3033,25.0175],[55.3051,25.0132],[55.3102,25.0121],[55.3135,25.0152],[55.3117,25.0195],[55.3066,25.0207],[55.3033,25.0175]]]}},{"type":"Feature","properties":{"h3_index":"8843a12019fffff","h3_resolution":8,"center_lat":25.02719,"center_lng":55.2947,"risk_score":0.4836,"risk_class":"moderate","flood_exposure":0.4062,"charger_access_deficit":0.9828,"transport_disruption":0.0035},"geometry":{"type":"Polygon","coordinates":[[[55.2896,25.0283],[55.2914,25.024],[55.2965,25.0229],[55.2998,25.0261],[55.298,25.0304],[55.2929,25.0315],[55.2896,25.0283]]]}},{"type":"Feature","properties":{"h3_index":"8843a1201bfffff","h3_resolution":8,"center_lat":25.02922,"center_lng":55.30313,"risk_score":0.4916,"risk_class":"moderate","flood_exposure":0.4034,"charger_access_deficit":0.9816,"transport_disruption":0.001},"geometry":{"type":"Polygon","coordinates":[[[55.298,25.0304],[55.2998,25.0261],[55.3049,25.0249],[55.3082,25.0281],[55.3065,25.0324],[55.3014,25.0335],[55.298,25.0304]]]}},{"type":"Feature","properties":{"h3_index":"8843a1201dfffff","h3_resolution":8,"center_lat":25.01975,"center_lng":55.29312,"risk_score":0.4671,"risk_class":"moderate","flood_exposure":0.3843,"charger_access_deficit":0.992,"transport_disruption":0.0022},"geometry":{"type":"Polygon","coordinates":[[[55.288,25.0209],[55.2898,25.0166],[55.2949,25.0155],[55.2982,25.0186],[55.2965,25.0229],[55.2914,25.024],[55.288,25.0209]]]}},{"type":"Feature","properties":{"h3_index":"8843a12029fffff","h3_resolution":8,"center_lat":24.99541,"center_lng":55.27995,"risk_score":0.5078,"risk_class":"moderate","flood_exposure":0.3953,"charger_access_deficit":0.9997,"transport_disruption":0.0021},"geometry":{"type":"Polygon","coordinates":[[[55.2749,24.9965],[55.2766,24.9923],[55.2817,24.9911],[55.285,24.9943],[55.2833,24.9986],[55.2782,24.9997],[55.2749,24.9965]]]}},{"type":"Feature","properties":{"h3_index":"8843a1202bfffff","h3_resolution":8,"center_lat":24.99744,"center_lng":55.28838,"risk_score":0.453,"risk_class":"moderate","flood_exposure":0.3656,"charger_access_deficit":0.9999,"transport_disruption":0.0004},"geometry":{"type":"Polygon","coordinates":[[[55.2833,24.9986],[55.285,24.9943],[55.2901,24.9932],[55.2935,24.9963],[55.2917,25.0006],[55.2866,25.0017],[55.2833,24.9986]]]}},{"type":"Feature","properties":{"h3_index":"8843a1202dfffff","h3_resolution":8,"center_lat":24.98797,"center_lng":55.27837,"risk_score":0.5114,"risk_class":"moderate","flood_exposure":0.4065,"charger_access_deficit":1.0,"transport_disruption":0.0015},"geometry":{"type":"Polygon","coordinates":[[[55.2733,24.9891],[55.275,24.9848],[55.2801,24.9837],[55.2835,24.9868],[55.2817,24.9911],[55.2766,24.9923],[55.2733,24.9891]]]}},{"type":"Feature","properties":{"h3_index":"8843a12039fffff","h3_resolution":8,"center_lat":25.00691,"center_lng":55.29839,"risk_score":0.4466,"risk_class":"moderate","flood_exposure":0.3492,"charger_access_deficit":0.9995,"transport_disruption":0.0},"geometry":{"type":"Polygon","coordinates":[[[55.2933,25.008],[55.295,25.0038],[55.3001,25.0026],[55.3035,25.0058],[55.3017,25.0101],[55.2966,25.0112],[55.2933,25.008]]]}},{"type":"Feature","properties":{"h3_index":"8843a1203bfffff","h3_resolution":8,"center_lat":25.00894,"center_lng":55.30682,"risk_score":0.4321,"risk_class":"moderate","flood_exposure":0.3416,"charger_access_deficit":0.9996,"transport_disruption":0.0},"geometry":{"type":"Polygon","coordinates":[[[55.3017,25.0101],[55.3035,25.0058],[55.3086,25.0047],[55.3119,25.0078],[55.3102,25.0121],[55.3051,25.0132],[55.3017,25.0101]]]}},{"type":"Feature","properties":{"h3_index":"8843a1203dfffff","h3_resolution":8,"center_lat":24.99947,"center_lng":55.29681,"risk_score":0.4264,"risk_class":"moderate","flood_exposure":0.3449,"charger_access_deficit":1.0,"transport_disruption":0.0},"geometry":{"type":"Polygon","coordinates":[[[55.2917,25.0006],[55.2935,24.9963],[55.2986,24.9952],[55.3019,24.9983],[55.3001,25.0026],[55.295,25.0038],[55.2917,25.0006]]]}},{"type":"Feature","properties":{"h3_index":"8843a12041fffff","h3_resolution":8,"center_lat":25.01906,"center_lng":55.26098,"risk_score":0.5475,"risk_class":"moderate","flood_exposure":0.4855,"charger_access_deficit":0.9663,"transport_disruption":0.0606},"geometry":{"type":"Polygon","coordinates":[[[55.2559,25.0202],[55.2576,25.0159],[55.2627,25.0148],[55.2661,25.0179],[55.2643,25.0222],[55.2592,25.0233],[55.2559,25.0202]]]}},{"type":"Feature","properties":{"h3_index":"8843a12043fffff","h3_resolution":8,"center_lat":25.0211,"center_lng":55.26941,"risk_score":0.5418,"risk_class":"moderate","flood_exposure":0.4563,"charger_access_deficit":0.9726,"transport_disruption":0.0359},"geometry":{"type":"Polygon","coordinates":[[[55.2643,25.0222],[55.2661,25.0179],[55.2712,25.0168],[55.2745,25.02],[55.2727,25.0243],[55.2677,25.0254],[55.2643,25.0222]]]}},{"type":"Feature","properties":{"h3_index":"8843a12045fffff","h3_resolution":8,"center_lat":25.01163,"center_lng":55.2594,"risk_score":0.5647,"risk_class":"moderate","flood_exposure":0.4836,"charger_access_deficit":0.9806,"transport_disruption":0.0492},"geometry":{"type":"Polygon","coordinates":[[[55.2543,25.0128],[55.2561,25.0085],[55.2612,25.0073],[55.2645,25.0105],[55.2627,25.0148],[55.2576,25.0159],[55.2543,25.0128]]]}},{"type":"Feature","properties":{"h3_index":"8843a12047fffff","h3_resolution":8,"center_lat":25.01366,"center_lng":55.26783,"risk_score":0.5289,"risk_class":"moderate","flood_exposure":0.4457,"charger_access_deficit":0.9851,"transport_disruption":0.028},"geometry":{"type":"Polygon","coordinates":[[[55.2627,25.0148],[55.2645,25.0105],[55.2696,25.0094],[55.2729,25.0125],[55.2712,25.0168],[55.2661,25.0179],[55.2627,25.0148]]]}},{"type":"Feature","properties":{"h3_index":"8843a12049fffff","h3_resolution":8,"center_lat":25.02447,"center_lng":55.25413,"risk_score":0.5466,"risk_class":"moderate","flood_exposure":0.5254,"charger_access_deficit":0.9359,"transport_disruption":0.1119},"geometry":{"type":"Polygon","coordinates":[[[55.249,25.0256],[55.2508,25.0213],[55.2559,25.0202],[55.2592,25.0233],[55.2575,25.0276],[55.2524,25.0288],[55.249,25.0256]]]}},{"type":"Feature","properties":{"h3_index":"8843a1204bfffff","h3_resolution":8,"center_lat":25.0265,"center_lng":55.26256,"risk_score":0.5609,"risk_class":"moderate","flood_exposure":0.4987,"charger_access_deficit":0.9459,"transport_disruption":0.0737},"geometry":{"type":"Polygon","coordinates":[[[55.2575,25.0276],[55.2592,25.0233],[55.2643,25.0222],[55.2677,25.0254],[55.2659,25.0297],[55.2608,25.0308],[55.2575,25.0276]]]}},{"type":"Feature","properties":{"h3_index":"8843a1204dfffff","h3_resolution":8,"center_lat":25.01703,"center_lng":55.25255,"risk_score":0.5926,"risk_class":"moderate","flood_exposure":0.5219,"charger_access_deficit":0.9584,"transport_disruption":0.0946},"geometry":{"type":"Polygon","coordinates":[[[55.2475,25.0182],[55.2492,25.0139],[55.2543,25.0128],[55.2576,25.0159],[55.2559,25.0202],[55.2508,25.0213],[55.2475,25.0182]]]}},{"type":"Feature","properties":{"h3_index":"8843a12051fffff","h3_resolution":8,"center_lat":25.03057,"center_lng":55.27942,"risk_score":0.5067,"risk_class":"moderate","flood_exposure":0.4616,"charger_access_deficit":0.9607,"transport_disruption":0.0253},"geometry":{"type":"Polygon","coordinates":[[[55.2743,25.0317],[55.2761,25.0274],[55.2812,25.0263],[55.2845,25.0294],[55.2828,25.0337],[55.2777,25.0349],[55.2743,25.0317]]]}},{"type":"Feature","properties":{"h3_index":"8843a12053fffff","h3_resolution":8,"center_lat":25.0326,"center_lng":55.28785,"risk_score":0.4933,"risk_class":"moderate","flood_exposure":0.4479,"charger_access_deficit":0.9651,"transport_disruption":0.0125},"geometry":{"type":"Polygon","coordinates":[[[55.2828,25.0337],[55.2845,25.0294],[55.2896,25.0283],[55.2929,25.0315],[55.2912,25.0358],[55.2861,25.0369],[55.2828,25.0337]]]}},{"type":"Feature","properties":{"h3_index":"8843a12055fffff","h3_resolution":8,"center_lat":25.02313,"center_lng":55.27784,"risk_score":0.5019,"risk_class":"moderate","flood_exposure":0.4336,"charger_access_deficit":0.9776,"transport_disruption":0.0192},"geometry":{"type":"Polygon","coordinates":[[[55.2727,25.0243],[55.2745,25.02],[55.2796,25.0188],[55.2829,25.022],[55.2812,25.0263],[55.2761,25.0274],[55.2727,25.0243]]]}},{"type":"Feature","properties":{"h3_index":"8843a12057fffff","h3_resolution":8,"center_lat":25.02516,"center_lng":55.28627,"risk_score":0.5112,"risk_class":"moderate","flood_exposure":0.4165,"charger_access_deficit":0.9812,"transport_disruption":0.0089},"geometry":{"type":"Polygon","coordinates":[[[55.2812,25.0263],[55.2829,25.022],[55.288,25.0209],[55.2914,25.024],[55.2896,25.0283],[55.2845,25.0294],[55.2812,25.0263]]]}},{"type":"Feature","properties":{"h3_index":"8843a12059fffff","h3_resolution":8,"center_lat":25.03598,"center_lng":55.27257,"risk_score":0.5266,"risk_class":"moderate","flood_exposure":0.5095,"charger_access_deficit":0.9288,"transport_disruption":0.0559},"geometry":{"type":"Polygon","coordinates":[[[55.2675,25.0371],[55.2692,25.0328],[55.2743,25.0317],[55.2777,25.0349],[55.2759,25.0391],[55.2708,25.0403],[55.2675,25.0371]]]}},{"type":"Feature","properties":{"h3_index":"8843a1205bfffff","h3_resolution":8,"center_lat":25.03801,"center_lng":55.281,"risk_score":0.5217,"risk_class":"moderate","flood_exposure":0.4968,"charger_access_deficit":0.9363,"transport_disruption":0.0326},"geometry":{"type":"Polygon","coordinates":[[[55.2759,25.0391],[55.2777,25.0349],[55.2828,25.0337],[55.2861,25.0369],[55.2843,25.0412],[55.2792,25.0423],[55.2759,25.0391]]]}},{"type":"Feature","properties":{"h3_index":"8843a1205dfffff","h3_resolution":8,"center_lat":25.02854,"center_lng":55.27099,"risk_score":0.5487,"risk_class":"moderate","flood_exposure":0.478,"charger_access_deficit":0.9542,"transport_disruption":0.0451},"geometry":{"type":"Polygon","coordinates":[[[55.2659,25.0297],[55.2677,25.0254],[55.2727,25.0243],[55.2761,25.0274],[55.2743,25.0317],[55.2692,25.0328],[55.2659,25.0297]]]}},{"type":"Feature","properties":{"h3_index":"8843a12061fffff","h3_resolution":8,"center_lat":24.99878,"center_lng":55.26467,"risk_score":0.5276,"risk_class":"moderate","flood_exposure":0.4593,"charger_access_deficit":0.9968,"transport_disruption":0.0179},"geometry":{"type":"Polygon","coordinates":[[[55.2596,24.9999],[55.2613,24.9956],[55.2664,24.9945],[55.2698,24.9977],[55.268,25.0019],[55.2629,25.0031],[55.2596,24.9999]]]}},{"type":"Feature","properties":{"h3_index":"8843a12063fffff","h3_resolution":8,"center_lat":25.00081,"center_lng":55.2731,"risk_score":0.4951,"risk_class":"moderate","flood_exposure":0.419,"charger_access_deficit":0.9979,"transport_disruption":0.0082},"geometry":{"type":"Polygon","coordinates":[[[55.268,25.0019],[55.2698,24.9977],[55.2749,24.9965],[55.2782,24.9997],[55.2764,25.004],[55.2713,25.0051],[55.268,25.0019]]]}},{"type":"Feature","properties":{"h3_index":"8843a12065fffff","h3_resolution":8,"center_lat":24.99135,"center_lng":55.2631,"risk_score":0.551,"risk_class":"moderate","flood_exposure":0.4795,"charger_access_deficit":0.9989,"transport_disruption":0.0155},"geometry":{"type":"Polygon","coordinates":[[[55.258,24.9925],[55.2598,24.9882],[55.2649,24.9871],[55.2682,24.9902],[55.2664,24.9945],[55.2613,24.9956],[55.258,24.9925]]]}},{"type":"Feature","properties":{"h3_index":"8843a12067fffff","h3_resolution":8,"center_lat":24.99338,"center_lng":55.27152,"risk_score":0.4952,"risk_class":"moderate","flood_exposure":0.4343,"charger_access_deficit":0.9994,"transport_disruption":0.0068},"geometry":{"type":"Polygon","coordinates":[[[55.2664,24.9945],[55.2682,24.9902],[55.2733,24.9891],[55.2766,24.9923],[55.2749,24.9965],[55.2698,24.9977],[55.2664,24.9945]]]}},{"type":"Feature","properties":{"h3_index":"8843a12069fffff","h3_resolution":8,"center_lat":25.00419,"center_lng":55.25782,"risk_score":0.5633,"risk_class":"moderate","flood_exposure":0.4896,"charger_access_deficit":0.9899,"transport_disruption":0.0394},"geometry":{"type":"Polygon","coordinates":[[[55.2527,25.0053],[55.2545,25.001],[55.2596,24.9999],[55.2629,25.0031],[55.2612,25.0073],[55.2561,25.0085],[55.2527,25.0053]]]}},{"type":"Feature","properties":{"h3_index":"8843a1206bfffff","h3_resolution":8,"center_lat":25.00622,"center_lng":55.26625,"risk_score":0.5053,"risk_class":"moderate","flood_exposure":0.4454,"charger_access_deficit":0.9928,"transport_disruption":0.0215},"geometry":{"type":"Polygon","coordinates":[[[55.2612,25.0073],[55.2629,25.0031],[55.268,25.0019],[55.2713,25.0051],[55.2696,25.0094],[55.2645,25.0105],[55.2612,25.0073]]]}},{"type":"Feature","properties":{"h3_index":"8843a1206dfffff","h3_resolution":8,"center_lat":24.99675,"center_lng":55.25625,"risk_score":0.5837,"risk_class":"moderate","flood_exposure":0.5027,"charger_access_deficit":0.995,"transport_disruption":0.0335},"geometry":{"type":"Polygon","coordinates":[[[55.2512,24.9979],[55.2529,24.9936],[55.258,24.9925],[55.2613,24.9956],[55.2596,24.9999],[55.2545,25.001],[55.2512,24.9979]]]}},{"type":"Feature","properties":{"h3_index":"8843a120c1fffff","h3_resolution":8,"center_lat":25.03329,"center_lng":55.32,"risk_score":0.4673,"risk_class":"moderate","flood_exposure":0.4012,"charger_access_deficit":0.9736,"transport_disruption":0.0},"geometry":{"type":"Polygon","coordinates":[[[55.3149,25.0344],[55.3167,25.0301],[55.3218,25.029],[55.3251,25.0322],[55.3233,25.0364],[55.3182,25.0376],[55.3149,25.0344]]]}},{"type":"Feature","properties":{"h3_index":"8843a120c5fffff","h3_resolution":8,"center_lat":25.02585,"center_lng":55.31842,"risk_score":0.4913,"risk_class":"moderate","flood_exposure":0.3789,"charger_access_deficit":0.9879,"transport_disruption":0.0},"geometry":{"type":"Polygon","coordinates":[[[55.3133,25.027],[55.3151,25.0227],[55.3202,25.0216],[55.3235,25.0247],[55.3218,25.029],[55.3167,25.0301],[55.3133,25.027]]]}},{"type":"Feature","properties":{"h3_index":"8843a120c9fffff","h3_resolution":8,"center_lat":25.0387,"center_lng":55.31315,"risk_score":0.481,"risk_class":"moderate","flood_exposure":0.4264,"charger_access_deficit":0.9593,"transport_disruption":0.0003},"geometry":{"type":"Polygon","coordinates":[[[55.3081,25.0398],[55.3098,25.0355],[55.3149,25.0344],[55.3182,25.0376],[55.3165,25.0419],[55.3114,25.043],[55.3081,25.0398]]]}},{"type":"Feature","properties":{"h3_index":"8843a120cbfffff","h3_resolution":8,"center_lat":25.04073,"center_lng":55.32159,"risk_score":0.4852,"risk_class":"moderate","flood_exposure":0.4175,"charger_access_deficit":0.9535,"transport_disruption":0.0},"geometry":{"type":"Polygon","coordinates":[[[55.3165,25.0419],[55.3182,25.0376],[55.3233,25.0364],[55.3267,25.0396],[55.3249,25.0439],[55.3198,25.045],[55.3165,25.0419]]]}},{"type":"Feature","properties":{"h3_index":"8843a120cdfffff","h3_resolution":8,"center_lat":25.03126,"center_lng":55.31157,"risk_score":0.4542,"risk_class":"moderate","flood_exposure":0.4034,"charger_access_deficit":0.9782,"transport_disruption":0.0001},"geometry":{"type":"Polygon","coordinates":[[[55.3065,25.0324],[55.3082,25.0281],[55.3133,25.027],[55.3167,25.0301],[55.3149,25.0344],[55.3098,25.0355],[55.3065,25.0324]]]}},{"type":"Feature","properties":{"h3_index":"8843a120d9fffff","h3_resolution":8,"center_lat":25.0502,"center_lng":55.33161,"risk_score":0.4431,"risk_class":"moderate","flood_exposure":0.4197,"charger_access_deficit":0.9188,"transport_disruption":0.0},"geometry":{"type":"Polygon","coordinates":[[[55.3265,25.0513],[55.3283,25.047],[55.3334,25.0459],[55.3367,25.0491],[55.335,25.0534],[55.3299,25.0545],[55.3265,25.0513]]]}},{"type":"Feature","properties":{"h3_index":"8843a120dbfffff","h3_resolution":8,"center_lat":25.05223,"center_lng":55.34005,"risk_score":0.4313,"risk_class":"moderate","flood_exposure":0.4046,"charger_access_deficit":0.9091,"transport_disruption":0.0},"geometry":{"type":"Polygon","coordinates":[[[55.335,25.0534],[55.3367,25.0491],[55.3418,25.0479],[55.3451,25.0511],[55.3434,25.0554],[55.3383,25.0565],[55.335,25.0534]]]}},{"type":"Feature","properties":{"h3_index":"8843a120ddfffff","h3_resolution":8,"center_lat":25.04276,"center_lng":55.33003,"risk_score":0.4793,"risk_class":"moderate","flood_exposure":0.4096,"charger_access_deficit":0.9459,"transport_disruption":0.0},"geometry":{"type":"Polygon","coordinates":[[[55.3249,25.0439],[55.3267,25.0396],[55.3318,25.0385],[55.3351,25.0416],[55.3334,25.0459],[55.3283,25.047],[55.3249,25.0439]]]}},{"type":"Feature","properties":{"h3_index":"8843a12149fffff","h3_resolution":8,"center_lat":24.97242,"center_lng":55.2431,"risk_score":0.6345,"risk_class":"moderate","flood_exposure":0.6045,"charger_access_deficit":0.9993,"transport_disruption":0.0485},"geometry":{"type":"Polygon","coordinates":[[[55.238,24.9735],[55.2398,24.9693],[55.2449,24.9681],[55.2482,24.9713],[55.2464,24.9756],[55.2413,24.9767],[55.238,24.9735]]]}},{"type":"Feature","properties":{"h3_index":"8843a1214bfffff","h3_resolution":8,"center_lat":24.97445,"center_lng":55.25152,"risk_score":0.6335,"risk_class":"moderate","flood_exposure":0.565,"charger_access_deficit":0.9998,"transport_disruption":0.0276},"geometry":{"type":"Polygon","coordinates":[[[55.2464,24.9756],[55.2482,24.9713],[55.2533,24.9702],[55.2566,24.9733],[55.2549,24.9776],[55.2498,24.9787],[55.2464,24.9756]]]}},{"type":"Feature","properties":{"h3_index":"8843a12159fffff","h3_resolution":8,"center_lat":24.98391,"center_lng":55.26152,"risk_score":0.5713,"risk_class":"moderate","flood_exposure":0.4974,"charger_access_deficit":0.9998,"transport_disruption":0.0138},"geometry":{"type":"Polygon","coordinates":[[[55.2564,24.985],[55.2582,24.9808],[55.2633,24.9796],[55.2666,24.9828],[55.2649,24.9871],[55.2598,24.9882],[55.2564,24.985]]]}},{"type":"Feature","properties":{"h3_index":"8843a1215bfffff","h3_resolution":8,"center_lat":24.98594,"center_lng":55.26994,"risk_score":0.5474,"risk_class":"moderate","flood_exposure":0.4529,"charger_access_deficit":0.9999,"transport_disruption":0.0056},"geometry":{"type":"Polygon","coordinates":[[[55.2649,24.9871],[55.2666,24.9828],[55.2717,24.9817],[55.275,24.9848],[55.2733,24.9891],[55.2682,24.9902],[55.2649,24.9871]]]}},{"type":"Feature","properties":{"h3_index":"8843a12201fffff","h3_resolution":8,"center_lat":25.04813,"center_lng":55.23514,"risk_score":0.6451,"risk_class":"moderate","flood_exposure":0.6359,"charger_access_deficit":0.7277,"transport_disruption":0.4024},"geometry":{"type":"Polygon","coordinates":[[[55.23,25.0493],[55.2318,25.045],[55.2369,25.0438],[55.2402,25.047],[55.2385,25.0513],[55.2334,25.0524],[55.23,25.0493]]]}},{"type":"Feature","properties":{"h3_index":"8843a12203fffff","h3_resolution":8,"center_lat":25.05017,"center_lng":55.24357,"risk_score":0.6238,"risk_class":"moderate","flood_exposure":0.6395,"charger_access_deficit":0.7474,"transport_disruption":0.3289},"geometry":{"type":"Polygon","coordinates":[[[55.2385,25.0513],[55.2402,25.047],[55.2453,25.0459],[55.2487,25.049],[55.2469,25.0533],[55.2418,25.0544],[55.2385,25.0513]]]}},{"type":"Feature","properties":{"h3_index":"8843a12205fffff","h3_resolution":8,"center_lat":25.04069,"center_lng":55.23357,"risk_score":0.6348,"risk_class":"moderate","flood_exposure":0.619,"charger_access_deficit":0.7751,"transport_disruption":0.3712},"geometry":{"type":"Polygon","coordinates":[[[55.2285,25.0418],[55.2302,25.0375],[55.2353,25.0364],[55.2387,25.0396],[55.2369,25.0438],[55.2318,25.045],[55.2285,25.0418]]]}},{"type":"Feature","properties":{"h3_index":"8843a12207fffff","h3_resolution":8,"center_lat":25.04272,"center_lng":55.242,"risk_score":0.604,"risk_class":"moderate","flood_exposure":0.6102,"charger_access_deficit":0.7947,"transport_disruption":0.2994},"geometry":{"type":"Polygon","coordinates":[[[55.2369,25.0438],[55.2387,25.0396],[55.2438,25.0384],[55.2471,25.0416],[55.2453,25.0459],[55.2402,25.047],[55.2369,25.0438]]]}},{"type":"Feature","properties":{"h3_index":"8843a12209fffff","h3_resolution":8,"center_lat":25.05354,"center_lng":55.22829,"risk_score":0.6455,"risk_class":"moderate","flood_exposure":0.6539,"charger_access_deficit":0.6573,"transport_disruption":0.5097},"geometry":{"type":"Polygon","coordinates":[[[55.2232,25.0547],[55.225,25.0504],[55.23,25.0493],[55.2334,25.0524],[55.2316,25.0567],[55.2265,25.0578],[55.2232,25.0547]]]}},{"type":"Feature","properties":{"h3_index":"8843a1220bfffff","h3_resolution":8,"center_lat":25.05557,"center_lng":55.23672,"risk_score":0.6343,"risk_class":"moderate","flood_exposure":0.6659,"charger_access_deficit":0.6778,"transport_disruption":0.4339},"geometry":{"type":"Polygon","coordinates":[[[55.2316,25.0567],[55.2334,25.0524],[55.2385,25.0513],[55.2418,25.0544],[55.2401,25.0587],[55.235,25.0599],[55.2316,25.0567]]]}},{"type":"Feature","properties":{"h3_index":"8843a1220dfffff","h3_resolution":8,"center_lat":25.04609,"center_lng":55.22671,"risk_score":0.6784,"risk_class":"high","flood_exposure":0.6367,"charger_access_deficit":0.7066,"transport_disruption":0.478},"geometry":{"type":"Polygon","coordinates":[[[55.2216,25.0472],[55.2234,25.0429],[55.2285,25.0418],[55.2318,25.045],[55.23,25.0493],[55.225,25.0504],[55.2216,25.0472]]]}},{"type":"Feature","properties":{"h3_index":"8843a12211fffff","h3_resolution":8,"center_lat":25.05964,"center_lng":55.25358,"risk_score":0.6166,"risk_class":"moderate","flood_exposure":0.6882,"charger_access_deficit":0.7179,"transport_disruption":0.2877},"geometry":{"type":"Polygon","coordinates":[[[55.2485,25.0608],[55.2502,25.0565],[55.2553,25.0554],[55.2587,25.0585],[55.2569,25.0628],[55.2518,25.0639],[55.2485,25.0608]]]}},{"type":"Feature","properties":{"h3_index":"8843a12213fffff","h3_resolution":8,"center_lat":25.06168,"center_lng":55.26202,"risk_score":0.6183,"risk_class":"moderate","flood_exposure":0.6912,"charger_access_deficit":0.7354,"transport_disruption":0.2221},"geometry":{"type":"Polygon","coordinates":[[[55.2569,25.0628],[55.2587,25.0585],[55.2638,25.0574],[55.2671,25.0606],[55.2654,25.0648],[55.2603,25.066],[55.2569,25.0628]]]}},{"type":"Feature","properties":{"h3_index":"8843a12215fffff","h3_resolution":8,"center_lat":25.0522,"center_lng":55.252,"risk_score":0.5915,"risk_class":"moderate","flood_exposure":0.6439,"charger_access_deficit":0.7666,"transport_disruption":0.2599},"geometry":{"type":"Polygon","coordinates":[[[55.2469,25.0533],[55.2487,25.049],[55.2538,25.0479],[55.2571,25.0511],[55.2553,25.0554],[55.2502,25.0565],[55.2469,25.0533]]]}},{"type":"Feature","properties":{"h3_index":"8843a12217fffff","h3_resolution":8,"center_lat":25.05424,"center_lng":55.26044,"risk_score":0.597,"risk_class":"moderate","flood_exposure":0.6459,"charger_access_deficit":0.7841,"transport_disruption":0.1973},"geometry":{"type":"Polygon","coordinates":[[[55.2553,25.0554],[55.2571,25.0511],[55.2622,25.05],[55.2655,25.0531],[55.2638,25.0574],[55.2587,25.0585],[55.2553,25.0554]]]}},{"type":"Feature","properties":{"h3_index":"8843a12219fffff","h3_resolution":8,"center_lat":25.06505,"center_lng":55.24673,"risk_score":0.6478,"risk_class":"moderate","flood_exposure":0.7234,"charger_access_deficit":0.6484,"transport_disruption":0.3897},"geometry":{"type":"Polygon","coordinates":[[[55.2416,25.0662],[55.2434,25.0619],[55.2485,25.0608],[55.2518,25.0639],[55.2501,25.0682],[55.245,25.0693],[55.2416,25.0662]]]}},{"type":"Feature","properties":{"h3_index":"8843a1221bfffff","h3_resolution":8,"center_lat":25.06709,"center_lng":55.25516,"risk_score":0.6491,"risk_class":"moderate","flood_exposure":0.7342,"charger_access_deficit":0.6683,"transport_disruption":0.3164},"geometry":{"type":"Polygon","coordinates":[[[55.2501,25.0682],[55.2518,25.0639],[55.2569,25.0628],[55.2603,25.066],[55.2585,25.0702],[55.2534,25.0714],[55.2501,25.0682]]]}},{"type":"Feature","properties":{"h3_index":"8843a1221dfffff","h3_resolution":8,"center_lat":25.05761,"center_lng":55.24515,"risk_score":0.6516,"risk_class":"high","flood_exposure":0.6786,"charger_access_deficit":0.6982,"transport_disruption":0.3591},"geometry":{"type":"Polygon","coordinates":[[[55.2401,25.0587],[55.2418,25.0544],[55.2469,25.0533],[55.2502,25.0565],[55.2485,25.0608],[55.2434,25.0619],[55.2401,25.0587]]]}},{"type":"Feature","properties":{"h3_index":"8843a12221fffff","h3_resolution":8,"center_lat":25.02784,"center_lng":55.23885,"risk_score":0.6392,"risk_class":"moderate","flood_exposure":0.5908,"charger_access_deficit":0.8768,"transport_disruption":0.2434},"geometry":{"type":"Polygon","coordinates":[[[55.2338,25.029],[55.2355,25.0247],[55.2406,25.0236],[55.2439,25.0267],[55.2422,25.031],[55.2371,25.0321],[55.2338,25.029]]]}},{"type":"Feature","properties":{"h3_index":"8843a12223fffff","h3_resolution":8,"center_lat":25.02988,"center_lng":55.24727,"risk_score":0.5903,"risk_class":"moderate","flood_exposure":0.5623,"charger_access_deficit":0.8928,"transport_disruption":0.1829},"geometry":{"type":"Polygon","coordinates":[[[55.2422,25.031],[55.2439,25.0267],[55.249,25.0256],[55.2524,25.0288],[55.2506,25.033],[55.2455,25.0342],[55.2422,25.031]]]}},{"type":"Feature","properties":{"h3_index":"8843a12225fffff","h3_resolution":8,"center_lat":25.0204,"center_lng":55.23727,"risk_score":0.6636,"risk_class":"high","flood_exposure":0.5985,"charger_access_deficit":0.9094,"transport_disruption":0.2171},"geometry":{"type":"Polygon","coordinates":[[[55.2322,25.0215],[55.2339,25.0172],[55.239,25.0161],[55.2424,25.0193],[55.2406,25.0236],[55.2355,25.0247],[55.2322,25.0215]]]}},{"type":"Feature","properties":{"h3_index":"8843a12227fffff","h3_resolution":8,"center_lat":25.02244,"center_lng":55.2457,"risk_score":0.6221,"risk_class":"moderate","flood_exposure":0.5588,"charger_access_deficit":0.924,"transport_disruption":0.16},"geometry":{"type":"Polygon","coordinates":[[[55.2406,25.0236],[55.2424,25.0193],[55.2475,25.0182],[55.2508,25.0213],[55.249,25.0256],[55.2439,25.0267],[55.2406,25.0236]]]}},{"type":"Feature","properties":{"h3_index":"8843a12229fffff","h3_resolution":8,"center_lat":25.03325,"center_lng":55.23199,"risk_score":0.6643,"risk_class":"high","flood_exposure":0.6164,"charger_access_deficit":0.8189,"transport_disruption":0.3406},"geometry":{"type":"Polygon","coordinates":[[[55.2269,25.0344],[55.2287,25.0301],[55.2338,25.029],[55.2371,25.0321],[55.2353,25.0364],[55.2302,25.0375],[55.2269,25.0344]]]}},{"type":"Feature","properties":{"h3_index":"8843a1222bfffff","h3_resolution":8,"center_lat":25.03528,"center_lng":55.24042,"risk_score":0.6172,"risk_class":"moderate","flood_exposure":0.5938,"charger_access_deficit":0.8383,"transport_disruption":0.2709},"geometry":{"type":"Polygon","coordinates":[[[55.2353,25.0364],[55.2371,25.0321],[55.2422,25.031],[55.2455,25.0342],[55.2438,25.0384],[55.2387,25.0396],[55.2353,25.0364]]]}},{"type":"Feature","properties":{"h3_index":"8843a1222dfffff","h3_resolution":8,"center_lat":25.02581,"center_lng":55.23042,"risk_score":0.6951,"risk_class":"high","flood_exposure":0.6262,"charger_access_deficit":0.8579,"transport_disruption":0.3107},"geometry":{"type":"Polygon","coordinates":[[[55.2253,25.0269],[55.2271,25.0227],[55.2322,25.0215],[55.2355,25.0247],[55.2338,25.029],[55.2287,25.0301],[55.2253,25.0269]]]}},{"type":"Feature","properties":{"h3_index":"8843a12231fffff","h3_resolution":8,"center_lat":25.03935,"center_lng":55.25728,"risk_score":0.5839,"risk_class":"moderate","flood_exposure":0.567,"charger_access_deficit":0.8708,"transport_disruption":0.1516},"geometry":{"type":"Polygon","coordinates":[[[55.2522,25.0405],[55.2539,25.0362],[55.259,25.0351],[55.2624,25.0382],[55.2606,25.0425],[55.2555,25.0436],[55.2522,25.0405]]]}},{"type":"Feature","properties":{"h3_index":"8843a12233fffff","h3_resolution":8,"center_lat":25.04139,"center_lng":55.26571,"risk_score":0.5768,"risk_class":"moderate","flood_exposure":0.5579,"charger_access_deficit":0.8846,"transport_disruption":0.1049},"geometry":{"type":"Polygon","coordinates":[[[55.2606,25.0425],[55.2624,25.0382],[55.2675,25.0371],[55.2708,25.0403],[55.269,25.0445],[55.264,25.0457],[55.2606,25.0425]]]}},{"type":"Feature","properties":{"h3_index":"8843a12235fffff","h3_resolution":8,"center_lat":25.03191,"center_lng":55.2557,"risk_score":0.5959,"risk_class":"moderate","flood_exposure":0.5404,"charger_access_deficit":0.9066,"transport_disruption":0.1309},"geometry":{"type":"Polygon","coordinates":[[[55.2506,25.033],[55.2524,25.0288],[55.2575,25.0276],[55.2608,25.0308],[55.259,25.0351],[55.2539,25.0362],[55.2506,25.033]]]}},{"type":"Feature","properties":{"h3_index":"8843a12237fffff","h3_resolution":8,"center_lat":25.03394,"center_lng":55.26413,"risk_score":0.5658,"risk_class":"moderate","flood_exposure":0.5236,"charger_access_deficit":0.9187,"transport_disruption":0.0884},"geometry":{"type":"Polygon","coordinates":[[[55.259,25.0351],[55.2608,25.0308],[55.2659,25.0297],[55.2692,25.0328],[55.2675,25.0371],[55.2624,25.0382],[55.259,25.0351]]]}},{"type":"Feature","properties":{"h3_index":"8843a12239fffff","h3_resolution":8,"center_lat":25.04476,"center_lng":55.25043,"risk_score":0.6086,"risk_class":"moderate","flood_exposure":0.606,"charger_access_deficit":0.8128,"transport_disruption":0.233},"geometry":{"type":"Polygon","coordinates":[[[55.2453,25.0459],[55.2471,25.0416],[55.2522,25.0405],[55.2555,25.0436],[55.2538,25.0479],[55.2487,25.049],[55.2453,25.0459]]]}},{"type":"Feature","properties":{"h3_index":"8843a1223bfffff","h3_resolution":8,"center_lat":25.04679,"center_lng":55.25886,"risk_score":0.6208,"risk_class":"moderate","flood_exposure":0.6032,"charger_access_deficit":0.8296,"transport_disruption":0.1737},"geometry":{"type":"Polygon","coordinates":[[[55.2538,25.0479],[55.2555,25.0436],[55.2606,25.0425],[55.264,25.0457],[55.2622,25.05],[55.2571,25.0511],[55.2538,25.0479]]]}},{"type":"Feature","properties":{"h3_index":"8843a1223dfffff","h3_resolution":8,"center_lat":25.03732,"center_lng":55.24885,"risk_score":0.6054,"risk_class":"moderate","flood_exposure":0.578,"charger_access_deficit":0.8553,"transport_disruption":0.2073},"geometry":{"type":"Polygon","coordinates":[[[55.2438,25.0384],[55.2455,25.0342],[55.2506,25.033],[55.2539,25.0362],[55.2522,25.0405],[55.2471,25.0416],[55.2438,25.0384]]]}},{"type":"Feature","properties":{"h3_index":"8843a12241fffff","h3_resolution":8,"center_lat":25.0569,"center_lng":55.213,"risk_score":0.635,"risk_class":"moderate","flood_exposure":0.6465,"charger_access_deficit":0.5644,"transport_disruption":0.6773},"geometry":{"type":"Polygon","coordinates":[[[55.2079,25.058],[55.2097,25.0537],[55.2148,25.0526],[55.2181,25.0558],[55.2163,25.0601],[55.2112,25.0612],[55.2079,25.058]]]}},{"type":"Feature","properties":{"h3_index":"8843a12243fffff","h3_resolution":8,"center_lat":25.05894,"center_lng":55.22143,"risk_score":0.6432,"risk_class":"moderate","flood_exposure":0.6629,"charger_access_deficit":0.5863,"transport_disruption":0.6128},"geometry":{"type":"Polygon","coordinates":[[[55.2163,25.0601],[55.2181,25.0558],[55.2232,25.0547],[55.2265,25.0578],[55.2248,25.0621],[55.2197,25.0632],[55.2163,25.0601]]]}},{"type":"Feature","properties":{"h3_index":"8843a12245fffff","h3_resolution":8,"center_lat":25.04946,"center_lng":55.21143,"risk_score":0.6793,"risk_class":"high","flood_exposure":0.6448,"charger_access_deficit":0.6111,"transport_disruption":0.6511},"geometry":{"type":"Polygon","coordinates":[[[55.2063,25.0506],[55.2081,25.0463],[55.2132,25.0452],[55.2165,25.0483],[55.2148,25.0526],[55.2097,25.0537],[55.2063,25.0506]]]}},{"type":"Feature","properties":{"h3_index":"8843a12247fffff","h3_resolution":8,"center_lat":25.0515,"center_lng":55.21986,"risk_score":0.6521,"risk_class":"high","flood_exposure":0.646,"charger_access_deficit":0.6357,"transport_disruption":0.5832},"geometry":{"type":"Polygon","coordinates":[[[55.2148,25.0526],[55.2165,25.0483],[55.2216,25.0472],[55.225,25.0504],[55.2232,25.0547],[55.2181,25.0558],[55.2148,25.0526]]]}},{"type":"Feature","properties":{"h3_index":"8843a12249fffff","h3_resolution":8,"center_lat":25.06231,"center_lng":55.20614,"risk_score":0.6208,"risk_class":"moderate","flood_exposure":0.6379,"charger_access_deficit":0.494,"transport_disruption":0.7507},"geometry":{"type":"Polygon","coordinates":[[[55.201,25.0634],[55.2028,25.0591],[55.2079,25.058],[55.2112,25.0612],[55.2095,25.0655],[55.2044,25.0666],[55.201,25.0634]]]}},{"type":"Feature","properties":{"h3_index":"8843a1224bfffff","h3_resolution":8,"center_lat":25.06435,"center_lng":55.21457,"risk_score":0.6449,"risk_class":"moderate","flood_exposure":0.6624,"charger_access_deficit":0.516,"transport_disruption":0.702},"geometry":{"type":"Polygon","coordinates":[[[55.2095,25.0655],[55.2112,25.0612],[55.2163,25.0601],[55.2197,25.0632],[55.2179,25.0675],[55.2128,25.0686],[55.2095,25.0655]]]}},{"type":"Feature","properties":{"h3_index":"8843a1224dfffff","h3_resolution":8,"center_lat":25.05487,"center_lng":55.20457,"risk_score":0.6282,"risk_class":"moderate","flood_exposure":0.6366,"charger_access_deficit":0.5389,"transport_disruption":0.7314},"geometry":{"type":"Polygon","coordinates":[[[55.1995,25.056],[55.2012,25.0517],[55.2063,25.0506],[55.2097,25.0537],[55.2079,25.058],[55.2028,25.0591],[55.1995,25.056]]]}},{"type":"Feature","properties":{"h3_index":"8843a12251fffff","h3_resolution":8,"center_lat":25.06842,"center_lng":55.23144,"risk_score":0.627,"risk_class":"moderate","flood_exposure":0.7218,"charger_access_deficit":0.556,"transport_disruption":0.5719},"geometry":{"type":"Polygon","coordinates":[[[55.2263,25.0695],[55.2281,25.0653],[55.2332,25.0641],[55.2365,25.0673],[55.2348,25.0716],[55.2297,25.0727],[55.2263,25.0695]]]}},{"type":"Feature","properties":{"h3_index":"8843a12253fffff","h3_resolution":8,"center_lat":25.07046,"center_lng":55.23987,"risk_score":0.6615,"risk_class":"high","flood_exposure":0.749,"charger_access_deficit":0.5775,"transport_disruption":0.4971},"geometry":{"type":"Polygon","coordinates":[[[55.2348,25.0716],[55.2365,25.0673],[55.2416,25.0662],[55.245,25.0693],[55.2432,25.0736],[55.2381,25.0747],[55.2348,25.0716]]]}},{"type":"Feature","properties":{"h3_index":"8843a12255fffff","h3_resolution":8,"center_lat":25.06098,"center_lng":55.22986,"risk_score":0.6468,"risk_class":"moderate","flood_exposure":0.6837,"charger_access_deficit":0.6066,"transport_disruption":0.5411},"geometry":{"type":"Polygon","coordinates":[[[55.2248,25.0621],[55.2265,25.0578],[55.2316,25.0567],[55.235,25.0599],[55.2332,25.0641],[55.2281,25.0653],[55.2248,25.0621]]]}},{"type":"Feature","properties":{"h3_index":"8843a12257fffff","h3_resolution":8,"center_lat":25.06301,"center_lng":55.23829,"risk_score":0.6367,"risk_class":"moderate","flood_exposure":0.7052,"charger_access_deficit":0.6273,"transport_disruption":0.4656},"geometry":{"type":"Polygon","coordinates":[[[55.2332,25.0641],[55.235,25.0599],[55.2401,25.0587],[55.2434,25.0619],[55.2416,25.0662],[55.2365,25.0673],[55.2332,25.0641]]]}},{"type":"Feature","properties":{"h3_index":"8843a12259fffff","h3_resolution":8,"center_lat":25.07383,"center_lng":55.22458,"risk_score":0.6563,"risk_class":"high","flood_exposure":0.7268,"charger_access_deficit":0.4856,"transport_disruption":0.6682},"geometry":{"type":"Polygon","coordinates":[[[55.2195,25.075],[55.2212,25.0707],[55.2263,25.0695],[55.2297,25.0727],[55.2279,25.077],[55.2228,25.0781],[55.2195,25.075]]]}},{"type":"Feature","properties":{"h3_index":"8843a1225bfffff","h3_resolution":8,"center_lat":25.07587,"center_lng":55.23301,"risk_score":0.6685,"risk_class":"high","flood_exposure":0.7625,"charger_access_deficit":0.5066,"transport_disruption":0.6016},"geometry":{"type":"Polygon","coordinates":[[[55.2279,25.077],[55.2297,25.0727],[55.2348,25.0716],[55.2381,25.0747],[55.2363,25.079],[55.2312,25.0802],[55.2279,25.077]]]}},{"type":"Feature","properties":{"h3_index":"8843a1225dfffff","h3_resolution":8,"center_lat":25.06638,"center_lng":55.223,"risk_score":0.6269,"risk_class":"moderate","flood_exposure":0.6915,"charger_access_deficit":0.5358,"transport_disruption":0.6412},"geometry":{"type":"Polygon","coordinates":[[[55.2179,25.0675],[55.2197,25.0632],[55.2248,25.0621],[55.2281,25.0653],[55.2263,25.0695],[55.2212,25.0707],[55.2179,25.0675]]]}},{"type":"Feature","properties":{"h3_index":"8843a12261fffff","h3_resolution":8,"center_lat":25.03662,"center_lng":55.21671,"risk_score":0.7037,"risk_class":"high","flood_exposure":0.6569,"charger_access_deficit":0.7279,"transport_disruption":0.5216},"geometry":{"type":"Polygon","coordinates":[[[55.2116,25.0377],[55.2134,25.0335],[55.2185,25.0323],[55.2218,25.0355],[55.22,25.0398],[55.215,25.0409],[55.2116,25.0377]]]}},{"type":"Feature","properties":{"h3_index":"8843a12263fffff","h3_resolution":8,"center_lat":25.03865,"center_lng":55.22514,"risk_score":0.6651,"risk_class":"high","flood_exposure":0.6345,"charger_access_deficit":0.7533,"transport_disruption":0.4462},"geometry":{"type":"Polygon","coordinates":[[[55.22,25.0398],[55.2218,25.0355],[55.2269,25.0344],[55.2302,25.0375],[55.2285,25.0418],[55.2234,25.0429],[55.22,25.0398]]]}},{"type":"Feature","properties":{"h3_index":"8843a12265fffff","h3_resolution":8,"center_lat":25.02918,"center_lng":55.21514,"risk_score":0.7105,"risk_class":"high","flood_exposure":0.6808,"charger_access_deficit":0.77,"transport_disruption":0.49},"geometry":{"type":"Polygon","coordinates":[[[55.21,25.0303],[55.2118,25.026],[55.2169,25.0249],[55.2202,25.0281],[55.2185,25.0323],[55.2134,25.0335],[55.21,25.0303]]]}},{"type":"Feature","properties":{"h3_index":"8843a12267fffff","h3_resolution":8,"center_lat":25.03121,"center_lng":55.22357,"risk_score":0.6993,"risk_class":"high","flood_exposure":0.646,"charger_access_deficit":0.7962,"transport_disruption":0.4144},"geometry":{"type":"Polygon","coordinates":[[[55.2185,25.0323],[55.2202,25.0281],[55.2253,25.0269],[55.2287,25.0301],[55.2269,25.0344],[55.2218,25.0355],[55.2185,25.0323]]]}},{"type":"Feature","properties":{"h3_index":"8843a12269fffff","h3_resolution":8,"center_lat":25.04202,"center_lng":55.20986,"risk_score":0.6879,"risk_class":"high","flood_exposure":0.6584,"charger_access_deficit":0.656,"transport_disruption":0.6233},"geometry":{"type":"Polygon","coordinates":[[[55.2048,25.0431],[55.2065,25.0389],[55.2116,25.0377],[55.215,25.0409],[55.2132,25.0452],[55.2081,25.0463],[55.2048,25.0431]]]}},{"type":"Feature","properties":{"h3_index":"8843a1226bfffff","h3_resolution":8,"center_lat":25.04406,"center_lng":55.21828,"risk_score":0.6588,"risk_class":"high","flood_exposure":0.6441,"charger_access_deficit":0.6831,"transport_disruption":0.5528},"geometry":{"type":"Polygon","coordinates":[[[55.2132,25.0452],[55.215,25.0409],[55.22,25.0398],[55.2234,25.0429],[55.2216,25.0472],[55.2165,25.0483],[55.2132,25.0452]]]}},{"type":"Feature","properties":{"h3_index":"8843a1226dfffff","h3_resolution":8,"center_lat":25.03458,"center_lng":55.20829,"risk_score":0.7334,"risk_class":"high","flood_exposure":0.6844,"charger_access_deficit":0.6991,"transport_disruption":0.5943},"geometry":{"type":"Polygon","coordinates":[[[55.2032,25.0357],[55.205,25.0314],[55.21,25.0303],[55.2134,25.0335],[55.2116,25.0377],[55.2065,25.0389],[55.2032,25.0357]]]}},{"type":"Feature","properties":{"h3_index":"8843a12281fffff","h3_resolution":8,"center_lat":25.06237,"center_lng":55.29418,"risk_score":0.5234,"risk_class":"moderate","flood_exposure":0.5865,"charger_access_deficit":0.815,"transport_disruption":0.037},"geometry":{"type":"Polygon","coordinates":[[[55.2891,25.0635],[55.2908,25.0592],[55.2959,25.0581],[55.2993,25.0612],[55.2975,25.0655],[55.2924,25.0667],[55.2891,25.0635]]]}},{"type":"Feature","properties":{"h3_index":"8843a12283fffff","h3_resolution":8,"center_lat":25.0644,"center_lng":55.30261,"risk_score":0.4787,"risk_class":"moderate","flood_exposure":0.5557,"charger_access_deficit":0.8149,"transport_disruption":0.0198},"geometry":{"type":"Polygon","coordinates":[[[55.2975,25.0655],[55.2993,25.0612],[55.3044,25.0601],[55.3077,25.0633],[55.306,25.0676],[55.3009,25.0687],[55.2975,25.0655]]]}},{"type":"Feature","properties":{"h3_index":"8843a12285fffff","h3_resolution":8,"center_lat":25.05493,"center_lng":55.29259,"risk_score":0.5291,"risk_class":"moderate","flood_exposure":0.5556,"charger_access_deficit":0.8649,"transport_disruption":0.0291},"geometry":{"type":"Polygon","coordinates":[[[55.2875,25.0561],[55.2893,25.0518],[55.2944,25.0506],[55.2977,25.0538],[55.2959,25.0581],[55.2908,25.0592],[55.2875,25.0561]]]}},{"type":"Feature","properties":{"h3_index":"8843a12287fffff","h3_resolution":8,"center_lat":25.05696,"center_lng":55.30103,"risk_score":0.5135,"risk_class":"moderate","flood_exposure":0.5309,"charger_access_deficit":0.8652,"transport_disruption":0.0148},"geometry":{"type":"Polygon","coordinates":[[[55.2959,25.0581],[55.2977,25.0538],[55.3028,25.0527],[55.3061,25.0558],[55.3044,25.0601],[55.2993,25.0612],[55.2959,25.0581]]]}},{"type":"Feature","properties":{"h3_index":"8843a12289fffff","h3_resolution":8,"center_lat":25.06778,"center_lng":55.28732,"risk_score":0.5285,"risk_class":"moderate","flood_exposure":0.6447,"charger_access_deficit":0.7588,"transport_disruption":0.0754},"geometry":{"type":"Polygon","coordinates":[[[55.2822,25.0689],[55.284,25.0646],[55.2891,25.0635],[55.2924,25.0667],[55.2907,25.0709],[55.2856,25.0721],[55.2822,25.0689]]]}},{"type":"Feature","properties":{"h3_index":"8843a1228bfffff","h3_resolution":8,"center_lat":25.06982,"center_lng":55.29576,"risk_score":0.508,"risk_class":"moderate","flood_exposure":0.6124,"charger_access_deficit":0.7591,"transport_disruption":0.0461},"geometry":{"type":"Polygon","coordinates":[[[55.2907,25.0709],[55.2924,25.0667],[55.2975,25.0655],[55.3009,25.0687],[55.2991,25.073],[55.294,25.0741],[55.2907,25.0709]]]}},{"type":"Feature","properties":{"h3_index":"8843a1228dfffff","h3_resolution":8,"center_lat":25.06034,"center_lng":55.28574,"risk_score":0.5453,"risk_class":"moderate","flood_exposure":0.6125,"charger_access_deficit":0.8135,"transport_disruption":0.0625},"geometry":{"type":"Polygon","coordinates":[[[55.2806,25.0615],[55.2824,25.0572],[55.2875,25.0561],[55.2908,25.0592],[55.2891,25.0635],[55.284,25.0646],[55.2806,25.0615]]]}},{"type":"Feature","properties":{"h3_index":"8843a12291fffff","h3_resolution":8,"center_lat":25.07388,"center_lng":55.31264,"risk_score":0.4648,"risk_class":"moderate","flood_exposure":0.5351,"charger_access_deficit":0.7627,"transport_disruption":0.0127},"geometry":{"type":"Polygon","coordinates":[[[55.3075,25.075],[55.3093,25.0707],[55.3144,25.0696],[55.3177,25.0728],[55.316,25.077],[55.3109,25.0782],[55.3075,25.075]]]}},{"type":"Feature","properties":{"h3_index":"8843a12293fffff","h3_resolution":8,"center_lat":25.07592,"center_lng":55.32108,"risk_score":0.3777,"risk_class":"moderate","flood_exposure":0.4929,"charger_access_deficit":0.7697,"transport_disruption":0.0053},"geometry":{"type":"Polygon","coordinates":[[[55.316,25.077],[55.3177,25.0728],[55.3228,25.0716],[55.3262,25.0748],[55.3244,25.0791],[55.3193,25.0802],[55.316,25.077]]]}},{"type":"Feature","properties":{"h3_index":"8843a12295fffff","h3_resolution":8,"center_lat":25.06644,"center_lng":55.31105,"risk_score":0.4665,"risk_class":"moderate","flood_exposure":0.5212,"charger_access_deficit":0.8157,"transport_disruption":0.0091},"geometry":{"type":"Polygon","coordinates":[[[55.306,25.0676],[55.3077,25.0633],[55.3128,25.0622],[55.3162,25.0653],[55.3144,25.0696],[55.3093,25.0707],[55.306,25.0676]]]}},{"type":"Feature","properties":{"h3_index":"8843a12297fffff","h3_resolution":8,"center_lat":25.06847,"center_lng":55.31949,"risk_score":0.4249,"risk_class":"moderate","flood_exposure":0.4848,"charger_access_deficit":0.8188,"transport_disruption":0.0034},"geometry":{"type":"Polygon","coordinates":[[[55.3144,25.0696],[55.3162,25.0653],[55.3212,25.0642],[55.3246,25.0673],[55.3228,25.0716],[55.3177,25.0728],[55.3144,25.0696]]]}},{"type":"Feature","properties":{"h3_index":"8843a12299fffff","h3_resolution":8,"center_lat":25.0793,"center_lng":55.30578,"risk_score":0.4401,"risk_class":"moderate","flood_exposure":0.5888,"charger_access_deficit":0.7017,"transport_disruption":0.033},"geometry":{"type":"Polygon","coordinates":[[[55.3007,25.0804],[55.3024,25.0761],[55.3075,25.075],[55.3109,25.0782],[55.3091,25.0825],[55.304,25.0836],[55.3007,25.0804]]]}},{"type":"Feature","properties":{"h3_index":"8843a1229bfffff","h3_resolution":8,"center_lat":25.08133,"center_lng":55.31422,"risk_score":0.4313,"risk_class":"moderate","flood_exposure":0.5432,"charger_access_deficit":0.7081,"transport_disruption":0.0172},"geometry":{"type":"Polygon","coordinates":[[[55.3091,25.0825],[55.3109,25.0782],[55.316,25.077],[55.3193,25.0802],[55.3176,25.0845],[55.3125,25.0856],[55.3091,25.0825]]]}},{"type":"Feature","properties":{"h3_index":"8843a1229dfffff","h3_resolution":8,"center_lat":25.07185,"center_lng":55.3042,"risk_score":0.4669,"risk_class":"moderate","flood_exposure":0.5753,"charger_access_deficit":0.7596,"transport_disruption":0.0258},"geometry":{"type":"Polygon","coordinates":[[[55.2991,25.073],[55.3009,25.0687],[55.306,25.0676],[55.3093,25.0707],[55.3075,25.075],[55.3024,25.0761],[55.2991,25.073]]]}},{"type":"Feature","properties":{"h3_index":"8843a122a1fffff","h3_resolution":8,"center_lat":25.04208,"center_lng":55.29787,"risk_score":0.5321,"risk_class":"moderate","flood_exposure":0.4692,"charger_access_deficit":0.9427,"transport_disruption":0.0076},"geometry":{"type":"Polygon","coordinates":[[[55.2928,25.0432],[55.2945,25.0389],[55.2996,25.0378],[55.303,25.0409],[55.3012,25.0452],[55.2961,25.0464],[55.2928,25.0432]]]}},{"type":"Feature","properties":{"h3_index":"8843a122a3fffff","h3_resolution":8,"center_lat":25.04411,"center_lng":55.3063,"risk_score":0.4816,"risk_class":"moderate","flood_exposure":0.4553,"charger_access_deficit":0.9409,"transport_disruption":0.0028},"geometry":{"type":"Polygon","coordinates":[[[55.3012,25.0452],[55.303,25.0409],[55.3081,25.0398],[55.3114,25.043],[55.3096,25.0473],[55.3045,25.0484],[55.3012,25.0452]]]}},{"type":"Feature","properties":{"h3_index":"8843a122a5fffff","h3_resolution":8,"center_lat":25.03463,"center_lng":55.29628,"risk_score":0.496,"risk_class":"moderate","flood_exposure":0.4354,"charger_access_deficit":0.9673,"transport_disruption":0.0052},"geometry":{"type":"Polygon","coordinates":[[[55.2912,25.0358],[55.2929,25.0315],[55.298,25.0304],[55.3014,25.0335],[55.2996,25.0378],[55.2945,25.0389],[55.2912,25.0358]]]}},{"type":"Feature","properties":{"h3_index":"8843a122a7fffff","h3_resolution":8,"center_lat":25.03667,"center_lng":55.30472,"risk_score":0.4781,"risk_class":"moderate","flood_exposure":0.4315,"charger_access_deficit":0.9644,"transport_disruption":0.0017},"geometry":{"type":"Polygon","coordinates":[[[55.2996,25.0378],[55.3014,25.0335],[55.3065,25.0324],[55.3098,25.0355],[55.3081,25.0398],[55.303,25.0409],[55.2996,25.0378]]]}},{"type":"Feature","properties":{"h3_index":"8843a122a9fffff","h3_resolution":8,"center_lat":25.04748,"center_lng":55.29101,"risk_score":0.5131,"risk_class":"moderate","flood_exposure":0.5206,"charger_access_deficit":0.9075,"transport_disruption":0.0225},"geometry":{"type":"Polygon","coordinates":[[[55.2859,25.0486],[55.2877,25.0443],[55.2928,25.0432],[55.2961,25.0464],[55.2944,25.0506],[55.2893,25.0518],[55.2859,25.0486]]]}},{"type":"Feature","properties":{"h3_index":"8843a122abfffff","h3_resolution":8,"center_lat":25.04952,"center_lng":55.29945,"risk_score":0.5053,"risk_class":"moderate","flood_exposure":0.5015,"charger_access_deficit":0.9085,"transport_disruption":0.0108},"geometry":{"type":"Polygon","coordinates":[[[55.2944,25.0506],[55.2961,25.0464],[55.3012,25.0452],[55.3045,25.0484],[55.3028,25.0527],[55.2977,25.0538],[55.2944,25.0506]]]}},{"type":"Feature","properties":{"h3_index":"8843a122adfffff","h3_resolution":8,"center_lat":25.04004,"center_lng":55.28943,"risk_score":0.511,"risk_class":"moderate","flood_exposure":0.4838,"charger_access_deficit":0.9409,"transport_disruption":0.017},"geometry":{"type":"Polygon","coordinates":[[[55.2843,25.0412],[55.2861,25.0369],[55.2912,25.0358],[55.2945,25.0389],[55.2928,25.0432],[55.2877,25.0443],[55.2843,25.0412]]]}},{"type":"Feature","properties":{"h3_index":"8843a122b1fffff","h3_resolution":8,"center_lat":25.05358,"center_lng":55.31632,"risk_score":0.4684,"risk_class":"moderate","flood_exposure":0.4612,"charger_access_deficit":0.9017,"transport_disruption":0.0013},"geometry":{"type":"Polygon","coordinates":[[[55.3112,25.0547],[55.313,25.0504],[55.3181,25.0493],[55.3214,25.0525],[55.3197,25.0567],[55.3146,25.0579],[55.3112,25.0547]]]}},{"type":"Feature","properties":{"h3_index":"8843a122b3fffff","h3_resolution":8,"center_lat":25.05561,"center_lng":55.32476,"risk_score":0.4171,"risk_class":"moderate","flood_exposure":0.4431,"charger_access_deficit":0.8936,"transport_disruption":0.0002},"geometry":{"type":"Polygon","coordinates":[[[55.3197,25.0567],[55.3214,25.0525],[55.3265,25.0513],[55.3299,25.0545],[55.3281,25.0588],[55.323,25.0599],[55.3197,25.0567]]]}},{"type":"Feature","properties":{"h3_index":"8843a122b5fffff","h3_resolution":8,"center_lat":25.04614,"center_lng":55.31474,"risk_score":0.5025,"risk_class":"moderate","flood_exposure":0.4454,"charger_access_deficit":0.9341,"transport_disruption":0.0007},"geometry":{"type":"Polygon","coordinates":[[[55.3096,25.0473],[55.3114,25.043],[55.3165,25.0419],[55.3198,25.045],[55.3181,25.0493],[55.313,25.0504],[55.3096,25.0473]]]}},{"type":"Feature","properties":{"h3_index":"8843a122b7fffff","h3_resolution":8,"center_lat":25.04817,"center_lng":55.32317,"risk_score":0.4572,"risk_class":"moderate","flood_exposure":0.4329,"charger_access_deficit":0.9258,"transport_disruption":0.0},"geometry":{"type":"Polygon","coordinates":[[[55.3181,25.0493],[55.3198,25.045],[55.3249,25.0439],[55.3283,25.047],[55.3265,25.0513],[55.3214,25.0525],[55.3181,25.0493]]]}},{"type":"Feature","properties":{"h3_index":"8843a122b9fffff","h3_resolution":8,"center_lat":25.05899,"center_lng":55.30947,"risk_score":0.4983,"risk_class":"moderate","flood_exposure":0.5025,"charger_access_deficit":0.8648,"transport_disruption":0.0064},"geometry":{"type":"Polygon","coordinates":[[[55.3044,25.0601],[55.3061,25.0558],[55.3112,25.0547],[55.3146,25.0579],[55.3128,25.0622],[55.3077,25.0633],[55.3044,25.0601]]]}},{"type":"Feature","properties":{"h3_index":"8843a122bbfffff","h3_resolution":8,"center_lat":25.06103,"center_lng":55.31791,"risk_score":0.4359,"risk_class":"moderate","flood_exposure":0.4719,"charger_access_deficit":0.8653,"transport_disruption":0.0021},"geometry":{"type":"Polygon","coordinates":[[[55.3128,25.0622],[55.3146,25.0579],[55.3197,25.0567],[55.323,25.0599],[55.3212,25.0642],[55.3162,25.0653],[55.3128,25.0622]]]}},{"type":"Feature","properties":{"h3_index":"8843a122bdfffff","h3_resolution":8,"center_lat":25.05155,"center_lng":55.30788,"risk_score":0.4888,"risk_class":"moderate","flood_exposure":0.4795,"charger_access_deficit":0.9078,"transport_disruption":0.0043},"geometry":{"type":"Polygon","coordinates":[[[55.3028,25.0527],[55.3045,25.0484],[55.3096,25.0473],[55.313,25.0504],[55.3112,25.0547],[55.3061,25.0558],[55.3028,25.0527]]]}},{"type":"Feature","properties":{"h3_index":"8843a122c1fffff","h3_resolution":8,"center_lat":25.07116,"center_lng":55.27203,"risk_score":0.6417,"risk_class":"moderate","flood_exposure":0.7236,"charger_access_deficit":0.6953,"transport_disruption":0.1864},"geometry":{"type":"Polygon","coordinates":[[[55.2669,25.0723],[55.2687,25.068],[55.2738,25.0669],[55.2771,25.07],[55.2754,25.0743],[55.2703,25.0754],[55.2669,25.0723]]]}},{"type":"Feature","properties":{"h3_index":"8843a122c3fffff","h3_resolution":8,"center_lat":25.07319,"center_lng":55.28047,"risk_score":0.5521,"risk_class":"moderate","flood_exposure":0.7016,"charger_access_deficit":0.6996,"transport_disruption":0.1333},"geometry":{"type":"Polygon","coordinates":[[[55.2754,25.0743],[55.2771,25.07],[55.2822,25.0689],[55.2856,25.0721],[55.2838,25.0764],[55.2787,25.0775],[55.2754,25.0743]]]}},{"type":"Feature","properties":{"h3_index":"8843a122c5fffff","h3_resolution":8,"center_lat":25.06371,"center_lng":55.27045,"risk_score":0.5755,"risk_class":"moderate","flood_exposure":0.6853,"charger_access_deficit":0.7487,"transport_disruption":0.1638},"geometry":{"type":"Polygon","coordinates":[[[55.2654,25.0648],[55.2671,25.0606],[55.2722,25.0594],[55.2755,25.0626],[55.2738,25.0669],[55.2687,25.068],[55.2654,25.0648]]]}},{"type":"Feature","properties":{"h3_index":"8843a122c7fffff","h3_resolution":8,"center_lat":25.06575,"center_lng":55.27889,"risk_score":0.5628,"risk_class":"moderate","flood_exposure":0.6696,"charger_access_deficit":0.7562,"transport_disruption":0.1146},"geometry":{"type":"Polygon","coordinates":[[[55.2738,25.0669],[55.2755,25.0626],[55.2806,25.0615],[55.284,25.0646],[55.2822,25.0689],[55.2771,25.07],[55.2738,25.0669]]]}},{"type":"Feature","properties":{"h3_index":"8843a122c9fffff","h3_resolution":8,"center_lat":25.07657,"center_lng":55.26517,"risk_score":0.6335,"risk_class":"moderate","flood_exposure":0.7721,"charger_access_deficit":0.6327,"transport_disruption":0.2749},"geometry":{"type":"Polygon","coordinates":[[[55.2601,25.0777],[55.2618,25.0734],[55.2669,25.0723],[55.2703,25.0754],[55.2685,25.0797],[55.2634,25.0809],[55.2601,25.0777]]]}},{"type":"Feature","properties":{"h3_index":"8843a122cbfffff","h3_resolution":8,"center_lat":25.0786,"center_lng":55.27361,"risk_score":0.6031,"risk_class":"moderate","flood_exposure":0.7544,"charger_access_deficit":0.6394,"transport_disruption":0.2103},"geometry":{"type":"Polygon","coordinates":[[[55.2685,25.0797],[55.2703,25.0754],[55.2754,25.0743],[55.2787,25.0775],[55.2769,25.0818],[55.2719,25.0829],[55.2685,25.0797]]]}},{"type":"Feature","properties":{"h3_index":"8843a122cdfffff","h3_resolution":8,"center_lat":25.06912,"center_lng":55.26359,"risk_score":0.6407,"risk_class":"moderate","flood_exposure":0.7346,"charger_access_deficit":0.6847,"transport_disruption":0.248},"geometry":{"type":"Polygon","coordinates":[[[55.2585,25.0702],[55.2603,25.066],[55.2654,25.0648],[55.2687,25.068],[55.2669,25.0723],[55.2618,25.0734],[55.2585,25.0702]]]}},{"type":"Feature","properties":{"h3_index":"8843a122d1fffff","h3_resolution":8,"center_lat":25.08267,"center_lng":55.29049,"risk_score":0.499,"risk_class":"moderate","flood_exposure":0.6877,"charger_access_deficit":0.6386,"transport_disruption":0.1061},"geometry":{"type":"Polygon","coordinates":[[[55.2854,25.0838],[55.2871,25.0795],[55.2922,25.0784],[55.2956,25.0815],[55.2938,25.0858],[55.2887,25.087],[55.2854,25.0838]]]}},{"type":"Feature","properties":{"h3_index":"8843a122d3fffff","h3_resolution":8,"center_lat":25.08471,"center_lng":55.29893,"risk_score":0.4327,"risk_class":"moderate","flood_exposure":0.6437,"charger_access_deficit":0.6383,"transport_disruption":0.0689},"geometry":{"type":"Polygon","coordinates":[[[55.2938,25.0858],[55.2956,25.0815],[55.3007,25.0804],[55.304,25.0836],[55.3023,25.0879],[55.2972,25.089],[55.2938,25.0858]]]}},{"type":"Feature","properties":{"h3_index":"8843a122d5fffff","h3_resolution":8,"center_lat":25.07523,"center_lng":55.2889,"risk_score":0.5181,"risk_class":"moderate","flood_exposure":0.6703,"charger_access_deficit":0.6998,"transport_disruption":0.0899},"geometry":{"type":"Polygon","coordinates":[[[55.2838,25.0764],[55.2856,25.0721],[55.2907,25.0709],[55.294,25.0741],[55.2922,25.0784],[55.2871,25.0795],[55.2838,25.0764]]]}},{"type":"Feature","properties":{"h3_index":"8843a122d7fffff","h3_resolution":8,"center_lat":25.07726,"center_lng":55.29734,"risk_score":0.499,"risk_class":"moderate","flood_exposure":0.632,"charger_access_deficit":0.6994,"transport_disruption":0.0568},"geometry":{"type":"Polygon","coordinates":[[[55.2922,25.0784],[55.294,25.0741],[55.2991,25.073],[55.3024,25.0761],[55.3007,25.0804],[55.2956,25.0815],[55.2922,25.0784]]]}},{"type":"Feature","properties":{"h3_index":"8843a122d9fffff","h3_resolution":8,"center_lat":25.08808,"center_lng":55.28363,"risk_score":0.5354,"risk_class":"moderate","flood_exposure":0.7394,"charger_access_deficit":0.5795,"transport_disruption":0.1752},"geometry":{"type":"Polygon","coordinates":[[[55.2785,25.0892],[55.2803,25.0849],[55.2854,25.0838],[55.2887,25.087],[55.287,25.0912],[55.2819,25.0924],[55.2785,25.0892]]]}},{"type":"Feature","properties":{"h3_index":"8843a122dbfffff","h3_resolution":8,"center_lat":25.09012,"center_lng":55.29207,"risk_score":0.4473,"risk_class":"moderate","flood_exposure":0.6956,"charger_access_deficit":0.5767,"transport_disruption":0.1239},"geometry":{"type":"Polygon","coordinates":[[[55.287,25.0912],[55.2887,25.087],[55.2938,25.0858],[55.2972,25.089],[55.2954,25.0933],[55.2903,25.0944],[55.287,25.0912]]]}},{"type":"Feature","properties":{"h3_index":"8843a122ddfffff","h3_resolution":8,"center_lat":25.08064,"center_lng":55.28205,"risk_score":0.55,"risk_class":"moderate","flood_exposure":0.7255,"charger_access_deficit":0.6403,"transport_disruption":0.1535},"geometry":{"type":"Polygon","coordinates":[[[55.2769,25.0818],[55.2787,25.0775],[55.2838,25.0764],[55.2871,25.0795],[55.2854,25.0838],[55.2803,25.0849],[55.2769,25.0818]]]}},{"type":"Feature","properties":{"h3_index":"8843a122e1fffff","h3_resolution":8,"center_lat":25.05086,"center_lng":55.27572,"risk_score":0.5827,"risk_class":"moderate","flood_exposure":0.59,"charger_access_deficit":0.8555,"transport_disruption":0.0821},"geometry":{"type":"Polygon","coordinates":[[[55.2706,25.052],[55.2724,25.0477],[55.2775,25.0466],[55.2808,25.0497],[55.2791,25.054],[55.274,25.0551],[55.2706,25.052]]]}},{"type":"Feature","properties":{"h3_index":"8843a122e3fffff","h3_resolution":8,"center_lat":25.05289,"center_lng":55.28416,"risk_score":0.5744,"risk_class":"moderate","flood_exposure":0.5755,"charger_access_deficit":0.8622,"transport_disruption":0.0511},"geometry":{"type":"Polygon","coordinates":[[[55.2791,25.054],[55.2808,25.0497],[55.2859,25.0486],[55.2893,25.0518],[55.2875,25.0561],[55.2824,25.0572],[55.2791,25.054]]]}},{"type":"Feature","properties":{"h3_index":"8843a122e5fffff","h3_resolution":8,"center_lat":25.04342,"center_lng":55.27414,"risk_score":0.5609,"risk_class":"moderate","flood_exposure":0.5481,"charger_access_deficit":0.8957,"transport_disruption":0.0683},"geometry":{"type":"Polygon","coordinates":[[[55.269,25.0445],[55.2708,25.0403],[55.2759,25.0391],[55.2792,25.0423],[55.2775,25.0466],[55.2724,25.0477],[55.269,25.0445]]]}},{"type":"Feature","properties":{"h3_index":"8843a122e7fffff","h3_resolution":8,"center_lat":25.04545,"center_lng":55.28258,"risk_score":0.5432,"risk_class":"moderate","flood_exposure":0.536,"charger_access_deficit":0.9035,"transport_disruption":0.0411},"geometry":{"type":"Polygon","coordinates":[[[55.2775,25.0466],[55.2792,25.0423],[55.2843,25.0412],[55.2877,25.0443],[55.2859,25.0486],[55.2808,25.0497],[55.2775,25.0466]]]}},{"type":"Feature","properties":{"h3_index":"8843a122e9fffff","h3_resolution":8,"center_lat":25.05627,"center_lng":55.26887,"risk_score":0.5715,"risk_class":"moderate","flood_exposure":0.6424,"charger_access_deficit":0.7986,"transport_disruption":0.1427},"geometry":{"type":"Polygon","coordinates":[[[55.2638,25.0574],[55.2655,25.0531],[55.2706,25.052],[55.274,25.0551],[55.2722,25.0594],[55.2671,25.0606],[55.2638,25.0574]]]}},{"type":"Feature","properties":{"h3_index":"8843a122ebfffff","h3_resolution":8,"center_lat":25.0583,"center_lng":55.2773,"risk_score":0.5582,"risk_class":"moderate","flood_exposure":0.6315,"charger_access_deficit":0.8086,"transport_disruption":0.0975},"geometry":{"type":"Polygon","coordinates":[[[55.2722,25.0594],[55.274,25.0551],[55.2791,25.054],[55.2824,25.0572],[55.2806,25.0615],[55.2755,25.0626],[55.2722,25.0594]]]}},{"type":"Feature","properties":{"h3_index":"8843a122edfffff","h3_resolution":8,"center_lat":25.04883,"center_lng":55.26729,"risk_score":0.5789,"risk_class":"moderate","flood_exposure":0.5987,"charger_access_deficit":0.8442,"transport_disruption":0.1231},"geometry":{"type":"Polygon","coordinates":[[[55.2622,25.05],[55.264,25.0457],[55.269,25.0445],[55.2724,25.0477],[55.2706,25.052],[55.2655,25.0531],[55.2622,25.05]]]}},{"type":"Feature","properties":{"h3_index":"8843a12301fffff","h3_resolution":8,"center_lat":24.99606,"center_lng":55.22413,"risk_score":0.7645,"risk_class":"high","flood_exposure":0.6925,"charger_access_deficit":0.961,"transport_disruption":0.2026},"geometry":{"type":"Polygon","coordinates":[[[55.219,24.9972],[55.2208,24.9929],[55.2259,24.9918],[55.2292,24.9949],[55.2275,24.9992],[55.2224,25.0003],[55.219,24.9972]]]}},{"type":"Feature","properties":{"h3_index":"8843a12303fffff","h3_resolution":8,"center_lat":24.99809,"center_lng":55.23255,"risk_score":0.7128,"risk_class":"high","flood_exposure":0.6417,"charger_access_deficit":0.9712,"transport_disruption":0.1476},"geometry":{"type":"Polygon","coordinates":[[[55.2275,24.9992],[55.2292,24.9949],[55.2343,24.9938],[55.2376,24.997],[55.2359,25.0012],[55.2308,25.0024],[55.2275,24.9992]]]}},{"type":"Feature","properties":{"h3_index":"8843a12305fffff","h3_resolution":8,"center_lat":24.98862,"center_lng":55.22256,"risk_score":0.7554,"risk_class":"high","flood_exposure":0.697,"charger_access_deficit":0.9753,"transport_disruption":0.1801},"geometry":{"type":"Polygon","coordinates":[[[55.2175,24.9897],[55.2192,24.9855],[55.2243,24.9843],[55.2276,24.9875],[55.2259,24.9918],[55.2208,24.9929],[55.2175,24.9897]]]}},{"type":"Feature","properties":{"h3_index":"8843a12307fffff","h3_resolution":8,"center_lat":24.99066,"center_lng":55.23098,"risk_score":0.6963,"risk_class":"high","flood_exposure":0.651,"charger_access_deficit":0.9824,"transport_disruption":0.1285},"geometry":{"type":"Polygon","coordinates":[[[55.2259,24.9918],[55.2276,24.9875],[55.2327,24.9864],[55.2361,24.9895],[55.2343,24.9938],[55.2292,24.9949],[55.2259,24.9918]]]}},{"type":"Feature","properties":{"h3_index":"8843a12309fffff","h3_resolution":8,"center_lat":25.00146,"center_lng":55.21728,"risk_score":0.7885,"risk_class":"high","flood_exposure":0.7318,"charger_access_deficit":0.9271,"transport_disruption":0.2929},"geometry":{"type":"Polygon","coordinates":[[[55.2122,25.0026],[55.2139,24.9983],[55.219,24.9972],[55.2224,25.0003],[55.2206,25.0046],[55.2155,25.0057],[55.2122,25.0026]]]}},{"type":"Feature","properties":{"h3_index":"8843a1230bfffff","h3_resolution":8,"center_lat":25.00349,"center_lng":55.2257,"risk_score":0.7299,"risk_class":"high","flood_exposure":0.6807,"charger_access_deficit":0.9426,"transport_disruption":0.2274},"geometry":{"type":"Polygon","coordinates":[[[55.2206,25.0046],[55.2224,25.0003],[55.2275,24.9992],[55.2308,25.0024],[55.229,25.0067],[55.2239,25.0078],[55.2206,25.0046]]]}},{"type":"Feature","properties":{"h3_index":"8843a1230dfffff","h3_resolution":8,"center_lat":24.99403,"center_lng":55.21571,"risk_score":0.8186,"risk_class":"high","flood_exposure":0.7396,"charger_access_deficit":0.9496,"transport_disruption":0.2654},"geometry":{"type":"Polygon","coordinates":[[[55.2106,24.9951],[55.2124,24.9909],[55.2175,24.9897],[55.2208,24.9929],[55.219,24.9972],[55.2139,24.9983],[55.2106,24.9951]]]}},{"type":"Feature","properties":{"h3_index":"8843a12311fffff","h3_resolution":8,"center_lat":25.00756,"center_lng":55.24255,"risk_score":0.6092,"risk_class":"moderate","flood_exposure":0.576,"charger_access_deficit":0.9666,"transport_disruption":0.1192},"geometry":{"type":"Polygon","coordinates":[[[55.2375,25.0087],[55.2392,25.0044],[55.2443,25.0033],[55.2476,25.0064],[55.2459,25.0107],[55.2408,25.0118],[55.2375,25.0087]]]}},{"type":"Feature","properties":{"h3_index":"8843a12313fffff","h3_resolution":8,"center_lat":25.00959,"center_lng":55.25097,"risk_score":0.5896,"risk_class":"moderate","flood_exposure":0.5273,"charger_access_deficit":0.9746,"transport_disruption":0.0793},"geometry":{"type":"Polygon","coordinates":[[[55.2459,25.0107],[55.2476,25.0064],[55.2527,25.0053],[55.2561,25.0085],[55.2543,25.0128],[55.2492,25.0139],[55.2459,25.0107]]]}},{"type":"Feature","properties":{"h3_index":"8843a12315fffff","h3_resolution":8,"center_lat":25.00012,"center_lng":55.24097,"risk_score":0.6596,"risk_class":"high","flood_exposure":0.5897,"charger_access_deficit":0.9794,"transport_disruption":0.1017},"geometry":{"type":"Polygon","coordinates":[[[55.2359,25.0012],[55.2376,24.997],[55.2427,24.9958],[55.2461,24.999],[55.2443,25.0033],[55.2392,25.0044],[55.2359,25.0012]]]}},{"type":"Feature","properties":{"h3_index":"8843a12317fffff","h3_resolution":8,"center_lat":25.00216,"center_lng":55.2494,"risk_score":0.6255,"risk_class":"moderate","flood_exposure":0.5383,"charger_access_deficit":0.9856,"transport_disruption":0.0658},"geometry":{"type":"Polygon","coordinates":[[[55.2443,25.0033],[55.2461,24.999],[55.2512,24.9979],[55.2545,25.001],[55.2527,25.0053],[55.2476,25.0064],[55.2443,25.0033]]]}},{"type":"Feature","properties":{"h3_index":"8843a12319fffff","h3_resolution":8,"center_lat":25.01297,"center_lng":55.2357,"risk_score":0.6767,"risk_class":"high","flood_exposure":0.6122,"charger_access_deficit":0.9356,"transport_disruption":0.1922},"geometry":{"type":"Polygon","coordinates":[[[55.2306,25.0141],[55.2324,25.0098],[55.2375,25.0087],[55.2408,25.0118],[55.239,25.0161],[55.2339,25.0172],[55.2306,25.0141]]]}},{"type":"Feature","properties":{"h3_index":"8843a1231bfffff","h3_resolution":8,"center_lat":25.015,"center_lng":55.24412,"risk_score":0.6413,"risk_class":"moderate","flood_exposure":0.5646,"charger_access_deficit":0.9484,"transport_disruption":0.1387},"geometry":{"type":"Polygon","coordinates":[[[55.239,25.0161],[55.2408,25.0118],[55.2459,25.0107],[55.2492,25.0139],[55.2475,25.0182],[55.2424,25.0193],[55.239,25.0161]]]}},{"type":"Feature","properties":{"h3_index":"8843a1231dfffff","h3_resolution":8,"center_lat":25.00553,"center_lng":55.23412,"risk_score":0.6868,"risk_class":"high","flood_exposure":0.6279,"charger_access_deficit":0.9559,"transport_disruption":0.1689},"geometry":{"type":"Polygon","coordinates":[[[55.229,25.0067],[55.2308,25.0024],[55.2359,25.0012],[55.2392,25.0044],[55.2375,25.0087],[55.2324,25.0098],[55.229,25.0067]]]}},{"type":"Feature","properties":{"h3_index":"8843a12321fffff","h3_resolution":8,"center_lat":24.97579,"center_lng":55.22783,"risk_score":0.7122,"risk_class":"high","flood_exposure":0.6627,"charger_access_deficit":0.9944,"transport_disruption":0.1112},"geometry":{"type":"Polygon","coordinates":[[[55.2227,24.9769],[55.2245,24.9726],[55.2296,24.9715],[55.2329,24.9747],[55.2312,24.9789],[55.2261,24.9801],[55.2227,24.9769]]]}},{"type":"Feature","properties":{"h3_index":"8843a12323fffff","h3_resolution":8,"center_lat":24.97782,"center_lng":55.23625,"risk_score":0.6771,"risk_class":"high","flood_exposure":0.6306,"charger_access_deficit":0.9964,"transport_disruption":0.0772},"geometry":{"type":"Polygon","coordinates":[[[55.2312,24.9789],[55.2329,24.9747],[55.238,24.9735],[55.2413,24.9767],[55.2396,24.981],[55.2345,24.9821],[55.2312,24.9789]]]}},{"type":"Feature","properties":{"h3_index":"8843a12325fffff","h3_resolution":8,"center_lat":24.96835,"center_lng":55.22626,"risk_score":0.749,"risk_class":"high","flood_exposure":0.6668,"charger_access_deficit":0.9975,"transport_disruption":0.1125},"geometry":{"type":"Polygon","coordinates":[[[55.2212,24.9695],[55.2229,24.9652],[55.228,24.9641],[55.2313,24.9672],[55.2296,24.9715],[55.2245,24.9726],[55.2212,24.9695]]]}},{"type":"Feature","properties":{"h3_index":"8843a12327fffff","h3_resolution":8,"center_lat":24.97039,"center_lng":55.23468,"risk_score":0.7056,"risk_class":"high","flood_exposure":0.6369,"charger_access_deficit":0.9985,"transport_disruption":0.0754},"geometry":{"type":"Polygon","coordinates":[[[55.2296,24.9715],[55.2313,24.9672],[55.2364,24.9661],[55.2398,24.9693],[55.238,24.9735],[55.2329,24.9747],[55.2296,24.9715]]]}},{"type":"Feature","properties":{"h3_index":"8843a12329fffff","h3_resolution":8,"center_lat":24.98119,"center_lng":55.22098,"risk_score":0.7659,"risk_class":"high","flood_exposure":0.6941,"charger_access_deficit":0.9857,"transport_disruption":0.1601},"geometry":{"type":"Polygon","coordinates":[[[55.2159,24.9823],[55.2177,24.978],[55.2227,24.9769],[55.2261,24.9801],[55.2243,24.9843],[55.2192,24.9855],[55.2159,24.9823]]]}},{"type":"Feature","properties":{"h3_index":"8843a1232bfffff","h3_resolution":8,"center_lat":24.98322,"center_lng":55.2294,"risk_score":0.7621,"risk_class":"high","flood_exposure":0.6567,"charger_access_deficit":0.9898,"transport_disruption":0.1153},"geometry":{"type":"Polygon","coordinates":[[[55.2243,24.9843],[55.2261,24.9801],[55.2312,24.9789],[55.2345,24.9821],[55.2327,24.9864],[55.2276,24.9875],[55.2243,24.9843]]]}},{"type":"Feature","properties":{"h3_index":"8843a1232dfffff","h3_resolution":8,"center_lat":24.97376,"center_lng":55.21941,"risk_score":0.7609,"risk_class":"high","flood_exposure":0.6935,"charger_access_deficit":0.9921,"transport_disruption":0.156},"geometry":{"type":"Polygon","coordinates":[[[55.2143,24.9749],[55.2161,24.9706],[55.2212,24.9695],[55.2245,24.9726],[55.2227,24.9769],[55.2177,24.978],[55.2143,24.9749]]]}},{"type":"Feature","properties":{"h3_index":"8843a12331fffff","h3_resolution":8,"center_lat":24.98728,"center_lng":55.24625,"risk_score":0.6404,"risk_class":"moderate","flood_exposure":0.5723,"charger_access_deficit":0.9959,"transport_disruption":0.0512},"geometry":{"type":"Polygon","coordinates":[[[55.2412,24.9884],[55.2429,24.9841],[55.248,24.983],[55.2513,24.9862],[55.2496,24.9904],[55.2445,24.9916],[55.2412,24.9884]]]}},{"type":"Feature","properties":{"h3_index":"8843a12333fffff","h3_resolution":8,"center_lat":24.98932,"center_lng":55.25467,"risk_score":0.5922,"risk_class":"moderate","flood_exposure":0.5239,"charger_access_deficit":0.9978,"transport_disruption":0.0295},"geometry":{"type":"Polygon","coordinates":[[[55.2496,24.9904],[55.2513,24.9862],[55.2564,24.985],[55.2598,24.9882],[55.258,24.9925],[55.2529,24.9936],[55.2496,24.9904]]]}},{"type":"Feature","properties":{"h3_index":"8843a12335fffff","h3_resolution":8,"center_lat":24.97985,"center_lng":55.24467,"risk_score":0.6442,"risk_class":"moderate","flood_exposure":0.5916,"charger_access_deficit":0.998,"transport_disruption":0.0493},"geometry":{"type":"Polygon","coordinates":[[[55.2396,24.981],[55.2413,24.9767],[55.2464,24.9756],[55.2498,24.9787],[55.248,24.983],[55.2429,24.9841],[55.2396,24.981]]]}},{"type":"Feature","properties":{"h3_index":"8843a12337fffff","h3_resolution":8,"center_lat":24.98188,"center_lng":55.2531,"risk_score":0.6371,"risk_class":"moderate","flood_exposure":0.546,"charger_access_deficit":0.9992,"transport_disruption":0.0284},"geometry":{"type":"Polygon","coordinates":[[[55.248,24.983],[55.2498,24.9787],[55.2549,24.9776],[55.2582,24.9808],[55.2564,24.985],[55.2513,24.9862],[55.248,24.983]]]}},{"type":"Feature","properties":{"h3_index":"8843a12339fffff","h3_resolution":8,"center_lat":24.99269,"center_lng":55.2394,"risk_score":0.6831,"risk_class":"high","flood_exposure":0.6018,"charger_access_deficit":0.9881,"transport_disruption":0.0863},"geometry":{"type":"Polygon","coordinates":[[[55.2343,24.9938],[55.2361,24.9895],[55.2412,24.9884],[55.2445,24.9916],[55.2427,24.9958],[55.2376,24.997],[55.2343,24.9938]]]}},{"type":"Feature","properties":{"h3_index":"8843a1233bfffff","h3_resolution":8,"center_lat":24.99472,"center_lng":55.24782,"risk_score":0.5974,"risk_class":"moderate","flood_exposure":0.5531,"charger_access_deficit":0.9922,"transport_disruption":0.0561},"geometry":{"type":"Polygon","coordinates":[[[55.2427,24.9958],[55.2445,24.9916],[55.2496,24.9904],[55.2529,24.9936],[55.2512,24.9979],[55.2461,24.999],[55.2427,24.9958]]]}},{"type":"Feature","properties":{"h3_index":"8843a1233dfffff","h3_resolution":8,"center_lat":24.98525,"center_lng":55.23783,"risk_score":0.6698,"risk_class":"high","flood_exposure":0.6172,"charger_access_deficit":0.9931,"transport_disruption":0.081},"geometry":{"type":"Polygon","coordinates":[[[55.2327,24.9864],[55.2345,24.9821],[55.2396,24.981],[55.2429,24.9841],[55.2412,24.9884],[55.2361,24.9895],[55.2327,24.9864]]]}},{"type":"Feature","properties":{"h3_index":"8843a12341fffff","h3_resolution":8,"center_lat":25.00483,"center_lng":55.202,"risk_score":0.8849,"risk_class":"high","flood_exposure":0.807,"charger_access_deficit":0.8597,"transport_disruption":0.4704},"geometry":{"type":"Polygon","coordinates":[[[55.1969,25.006],[55.1987,25.0017],[55.2038,25.0005],[55.2071,25.0037],[55.2053,25.008],[55.2002,25.0091],[55.1969,25.006]]]}},{"type":"Feature","properties":{"h3_index":"8843a12343fffff","h3_resolution":8,"center_lat":25.00686,"center_lng":55.21043,"risk_score":0.8423,"risk_class":"high","flood_exposure":0.7644,"charger_access_deficit":0.88,"transport_disruption":0.395},"geometry":{"type":"Polygon","coordinates":[[[55.2053,25.008],[55.2071,25.0037],[55.2122,25.0026],[55.2155,25.0057],[55.2138,25.01],[55.2087,25.0111],[55.2053,25.008]]]}},{"type":"Feature","properties":{"h3_index":"8843a12345fffff","h3_resolution":8,"center_lat":24.99739,"center_lng":55.20043,"risk_score":0.879,"risk_class":"high","flood_exposure":0.816,"charger_access_deficit":0.8951,"transport_disruption":0.4387},"geometry":{"type":"Polygon","coordinates":[[[55.1953,24.9985],[55.1971,24.9942],[55.2022,24.9931],[55.2055,24.9963],[55.2038,25.0005],[55.1987,25.0017],[55.1953,24.9985]]]}},{"type":"Feature","properties":{"h3_index":"8843a12347fffff","h3_resolution":8,"center_lat":24.99943,"center_lng":55.20886,"risk_score":0.8197,"risk_class":"high","flood_exposure":0.7781,"charger_access_deficit":0.9108,"transport_disruption":0.364},"geometry":{"type":"Polygon","coordinates":[[[55.2038,25.0005],[55.2055,24.9963],[55.2106,24.9951],[55.2139,24.9983],[55.2122,25.0026],[55.2071,25.0037],[55.2038,25.0005]]]}},{"type":"Feature","properties":{"h3_index":"8843a12349fffff","h3_resolution":8,"center_lat":25.01023,"center_lng":55.19515,"risk_score":0.8634,"risk_class":"high","flood_exposure":0.8217,"charger_access_deficit":0.7985,"transport_disruption":0.5759},"geometry":{"type":"Polygon","coordinates":[[[55.1901,25.0114],[55.1918,25.0071],[55.1969,25.006],[55.2002,25.0091],[55.1985,25.0134],[55.1934,25.0145],[55.1901,25.0114]]]}},{"type":"Feature","properties":{"h3_index":"8843a1234bfffff","h3_resolution":8,"center_lat":25.01227,"center_lng":55.20357,"risk_score":0.8482,"risk_class":"high","flood_exposure":0.7853,"charger_access_deficit":0.8216,"transport_disruption":0.5022},"geometry":{"type":"Polygon","coordinates":[[[55.1985,25.0134],[55.2002,25.0091],[55.2053,25.008],[55.2087,25.0111],[55.2069,25.0154],[55.2018,25.0165],[55.1985,25.0134]]]}},{"type":"Feature","properties":{"h3_index":"8843a1234dfffff","h3_resolution":8,"center_lat":25.00279,"center_lng":55.19358,"risk_score":0.9184,"risk_class":"high","flood_exposure":0.839,"charger_access_deficit":0.8413,"transport_disruption":0.5455},"geometry":{"type":"Polygon","coordinates":[[[55.1885,25.0039],[55.1903,24.9996],[55.1953,24.9985],[55.1987,25.0017],[55.1969,25.006],[55.1918,25.0071],[55.1885,25.0039]]]}},{"type":"Feature","properties":{"h3_index":"8843a12351fffff","h3_resolution":8,"center_lat":25.01634,"center_lng":55.22042,"risk_score":0.7581,"risk_class":"high","flood_exposure":0.6918,"charger_access_deficit":0.8699,"transport_disruption":0.3522},"geometry":{"type":"Polygon","coordinates":[[[55.2153,25.0175],[55.2171,25.0132],[55.2222,25.0121],[55.2255,25.0152],[55.2238,25.0195],[55.2187,25.0206],[55.2153,25.0175]]]}},{"type":"Feature","properties":{"h3_index":"8843a12353fffff","h3_resolution":8,"center_lat":25.01837,"center_lng":55.22885,"risk_score":0.6934,"risk_class":"high","flood_exposure":0.6435,"charger_access_deficit":0.8914,"transport_disruption":0.2818},"geometry":{"type":"Polygon","coordinates":[[[55.2238,25.0195],[55.2255,25.0152],[55.2306,25.0141],[55.2339,25.0172],[55.2322,25.0215],[55.2271,25.0227],[55.2238,25.0195]]]}},{"type":"Feature","properties":{"h3_index":"8843a12355fffff","h3_resolution":8,"center_lat":25.0089,"center_lng":55.21885,"risk_score":0.7632,"risk_class":"high","flood_exposure":0.7152,"charger_access_deficit":0.9006,"transport_disruption":0.3221},"geometry":{"type":"Polygon","coordinates":[[[55.2138,25.01],[55.2155,25.0057],[55.2206,25.0046],[55.2239,25.0078],[55.2222,25.0121],[55.2171,25.0132],[55.2138,25.01]]]}},{"type":"Feature","properties":{"h3_index":"8843a12357fffff","h3_resolution":8,"center_lat":25.01093,"center_lng":55.22727,"risk_score":0.6993,"risk_class":"high","flood_exposure":0.6632,"charger_access_deficit":0.9195,"transport_disruption":0.2539},"geometry":{"type":"Polygon","coordinates":[[[55.2222,25.0121],[55.2239,25.0078],[55.229,25.0067],[55.2324,25.0098],[55.2306,25.0141],[55.2255,25.0152],[55.2222,25.0121]]]}},{"type":"Feature","properties":{"h3_index":"8843a12359fffff","h3_resolution":8,"center_lat":25.02174,"center_lng":55.21357,"risk_score":0.7722,"risk_class":"high","flood_exposure":0.7106,"charger_access_deficit":0.8094,"transport_disruption":0.4582},"geometry":{"type":"Polygon","coordinates":[[[55.2085,25.0229],[55.2102,25.0186],[55.2153,25.0175],[55.2187,25.0206],[55.2169,25.0249],[55.2118,25.026],[55.2085,25.0229]]]}},{"type":"Feature","properties":{"h3_index":"8843a1235bfffff","h3_resolution":8,"center_lat":25.02377,"center_lng":55.22199,"risk_score":0.728,"risk_class":"high","flood_exposure":0.6669,"charger_access_deficit":0.8352,"transport_disruption":0.3831},"geometry":{"type":"Polygon","coordinates":[[[55.2169,25.0249],[55.2187,25.0206],[55.2238,25.0195],[55.2271,25.0227],[55.2253,25.0269],[55.2202,25.0281],[55.2169,25.0249]]]}},{"type":"Feature","properties":{"h3_index":"8843a1235dfffff","h3_resolution":8,"center_lat":25.0143,"center_lng":55.212,"risk_score":0.8165,"risk_class":"high","flood_exposure":0.7405,"charger_access_deficit":0.8461,"transport_disruption":0.4265},"geometry":{"type":"Polygon","coordinates":[[[55.2069,25.0154],[55.2087,25.0111],[55.2138,25.01],[55.2171,25.0132],[55.2153,25.0175],[55.2102,25.0186],[55.2069,25.0154]]]}},{"type":"Feature","properties":{"h3_index":"8843a12361fffff","h3_resolution":8,"center_lat":24.98456,"center_lng":55.20572,"risk_score":0.8671,"risk_class":"high","flood_exposure":0.7714,"charger_access_deficit":0.9598,"transport_disruption":0.3062},"geometry":{"type":"Polygon","coordinates":[[[55.2006,24.9857],[55.2024,24.9814],[55.2075,24.9803],[55.2108,24.9834],[55.209,24.9877],[55.204,24.9888],[55.2006,24.9857]]]}},{"type":"Feature","properties":{"h3_index":"8843a12363fffff","h3_resolution":8,"center_lat":24.98659,"center_lng":55.21413,"risk_score":0.8081,"risk_class":"high","flood_exposure":0.738,"charger_access_deficit":0.9675,"transport_disruption":0.2399},"geometry":{"type":"Polygon","coordinates":[[[55.209,24.9877],[55.2108,24.9834],[55.2159,24.9823],[55.2192,24.9855],[55.2175,24.9897],[55.2124,24.9909],[55.209,24.9877]]]}},{"type":"Feature","properties":{"h3_index":"8843a12365fffff","h3_resolution":8,"center_lat":24.97712,"center_lng":55.20415,"risk_score":0.8631,"risk_class":"high","flood_exposure":0.7537,"charger_access_deficit":0.9764,"transport_disruption":0.2816},"geometry":{"type":"Polygon","coordinates":[[[55.1991,24.9782],[55.2008,24.974],[55.2059,24.9728],[55.2092,24.976],[55.2075,24.9803],[55.2024,24.9814],[55.1991,24.9782]]]}},{"type":"Feature","properties":{"h3_index":"8843a12367fffff","h3_resolution":8,"center_lat":24.97916,"center_lng":55.21256,"risk_score":0.8016,"risk_class":"high","flood_exposure":0.7279,"charger_access_deficit":0.981,"transport_disruption":0.2172},"geometry":{"type":"Polygon","coordinates":[[[55.2075,24.9803],[55.2092,24.976],[55.2143,24.9749],[55.2177,24.978],[55.2159,24.9823],[55.2108,24.9834],[55.2075,24.9803]]]}},{"type":"Feature","properties":{"h3_index":"8843a12369fffff","h3_resolution":8,"center_lat":24.98996,"center_lng":55.19887,"risk_score":0.8939,"risk_class":"high","flood_exposure":0.8113,"charger_access_deficit":0.9267,"transport_disruption":0.4073},"geometry":{"type":"Polygon","coordinates":[[[55.1938,24.9911],[55.1955,24.9868],[55.2006,24.9857],[55.204,24.9888],[55.2022,24.9931],[55.1971,24.9942],[55.1938,24.9911]]]}},{"type":"Feature","properties":{"h3_index":"8843a1236bfffff","h3_resolution":8,"center_lat":24.99199,"center_lng":55.20728,"risk_score":0.8518,"risk_class":"high","flood_exposure":0.7803,"charger_access_deficit":0.9377,"transport_disruption":0.3342},"geometry":{"type":"Polygon","coordinates":[[[55.2022,24.9931],[55.204,24.9888],[55.209,24.9877],[55.2124,24.9909],[55.2106,24.9951],[55.2055,24.9963],[55.2022,24.9931]]]}},{"type":"Feature","properties":{"h3_index":"8843a1236dfffff","h3_resolution":8,"center_lat":24.98252,"center_lng":55.1973,"risk_score":0.8884,"risk_class":"high","flood_exposure":0.7946,"charger_access_deficit":0.9528,"transport_disruption":0.3778},"geometry":{"type":"Polygon","coordinates":[[[55.1922,24.9836],[55.194,24.9794],[55.1991,24.9782],[55.2024,24.9814],[55.2006,24.9857],[55.1955,24.9868],[55.1922,24.9836]]]}},{"type":"Feature","properties":{"h3_index":"8843a12601fffff","h3_resolution":8,"center_lat":25.12875,"center_lng":55.3644,"risk_score":0.2275,"risk_class":"low","flood_exposure":0.3395,"charger_access_deficit":0.7282,"transport_disruption":0.0006},"geometry":{"type":"Polygon","coordinates":[[[55.3593,25.1299],[55.3611,25.1256],[55.3662,25.1245],[55.3695,25.1276],[55.3677,25.1319],[55.3626,25.133],[55.3593,25.1299]]]}},{"type":"Feature","properties":{"h3_index":"8843a12603fffff","h3_resolution":8,"center_lat":25.13078,"center_lng":55.37285,"risk_score":0.2739,"risk_class":"low","flood_exposure":0.3234,"charger_access_deficit":0.7687,"transport_disruption":0.0},"geometry":{"type":"Polygon","coordinates":[[[55.3677,25.1319],[55.3695,25.1276],[55.3746,25.1265],[55.378,25.1297],[55.3762,25.1339],[55.3711,25.1351],[55.3677,25.1319]]]}},{"type":"Feature","properties":{"h3_index":"8843a12605fffff","h3_resolution":8,"center_lat":25.12129,"center_lng":55.36281,"risk_score":0.2497,"risk_class":"low","flood_exposure":0.3204,"charger_access_deficit":0.7339,"transport_disruption":0.0003},"geometry":{"type":"Polygon","coordinates":[[[55.3577,25.1224],[55.3595,25.1181],[55.3646,25.117],[55.3679,25.1202],[55.3662,25.1245],[55.3611,25.1256],[55.3577,25.1224]]]}},{"type":"Feature","properties":{"h3_index":"8843a12607fffff","h3_resolution":8,"center_lat":25.12333,"center_lng":55.37126,"risk_score":0.252,"risk_class":"low","flood_exposure":0.3055,"charger_access_deficit":0.7671,"transport_disruption":0.0},"geometry":{"type":"Polygon","coordinates":[[[55.3662,25.1245],[55.3679,25.1202],[55.373,25.119],[55.3764,25.1222],[55.3746,25.1265],[55.3695,25.1276],[55.3662,25.1245]]]}},{"type":"Feature","properties":{"h3_index":"8843a12609fffff","h3_resolution":8,"center_lat":25.13416,"center_lng":55.35754,"risk_score":0.2486,"risk_class":"low","flood_exposure":0.388,"charger_access_deficit":0.6727,"transport_disruption":0.0038},"geometry":{"type":"Polygon","coordinates":[[[55.3524,25.1353],[55.3542,25.131],[55.3593,25.1299],[55.3626,25.133],[55.3609,25.1373],[55.3558,25.1385],[55.3524,25.1353]]]}},{"type":"Feature","properties":{"h3_index":"8843a1260bfffff","h3_resolution":8,"center_lat":25.1362,"center_lng":55.36599,"risk_score":0.2807,"risk_class":"low","flood_exposure":0.3641,"charger_access_deficit":0.7276,"transport_disruption":0.001},"geometry":{"type":"Polygon","coordinates":[[[55.3609,25.1373],[55.3626,25.133],[55.3677,25.1319],[55.3711,25.1351],[55.3693,25.1394],[55.3642,25.1405],[55.3609,25.1373]]]}},{"type":"Feature","properties":{"h3_index":"8843a1260dfffff","h3_resolution":8,"center_lat":25.12671,"center_lng":55.35595,"risk_score":0.267,"risk_class":"low","flood_exposure":0.3655,"charger_access_deficit":0.6766,"transport_disruption":0.0026},"geometry":{"type":"Polygon","coordinates":[[[55.3508,25.1278],[55.3526,25.1235],[55.3577,25.1224],[55.3611,25.1256],[55.3593,25.1299],[55.3542,25.131],[55.3508,25.1278]]]}},{"type":"Feature","properties":{"h3_index":"8843a12611fffff","h3_resolution":8,"center_lat":25.14027,"center_lng":55.3829,"risk_score":0.3058,"risk_class":"low","flood_exposure":0.3406,"charger_access_deficit":0.7994,"transport_disruption":0.0},"geometry":{"type":"Polygon","coordinates":[[[55.3778,25.1414],[55.3796,25.1371],[55.3847,25.136],[55.388,25.1391],[55.3863,25.1434],[55.3811,25.1446],[55.3778,25.1414]]]}},{"type":"Feature","properties":{"h3_index":"8843a12613fffff","h3_resolution":8,"center_lat":25.1423,"center_lng":55.39136,"risk_score":0.3119,"risk_class":"low","flood_exposure":0.3358,"charger_access_deficit":0.8254,"transport_disruption":0.0},"geometry":{"type":"Polygon","coordinates":[[[55.3863,25.1434],[55.388,25.1391],[55.3931,25.138],[55.3965,25.1412],[55.3947,25.1455],[55.3896,25.1466],[55.3863,25.1434]]]}},{"type":"Feature","properties":{"h3_index":"8843a12615fffff","h3_resolution":8,"center_lat":25.13281,"center_lng":55.38131,"risk_score":0.2769,"risk_class":"low","flood_exposure":0.3164,"charger_access_deficit":0.7968,"transport_disruption":0.0},"geometry":{"type":"Polygon","coordinates":[[[55.3762,25.1339],[55.378,25.1297],[55.3831,25.1285],[55.3864,25.1317],[55.3847,25.136],[55.3796,25.1371],[55.3762,25.1339]]]}},{"type":"Feature","properties":{"h3_index":"8843a12617fffff","h3_resolution":8,"center_lat":25.13485,"center_lng":55.38976,"risk_score":0.2967,"risk_class":"low","flood_exposure":0.3138,"charger_access_deficit":0.8186,"transport_disruption":0.0},"geometry":{"type":"Polygon","coordinates":[[[55.3847,25.136],[55.3864,25.1317],[55.3915,25.1306],[55.3949,25.1337],[55.3931,25.138],[55.388,25.1391],[55.3847,25.136]]]}},{"type":"Feature","properties":{"h3_index":"8843a12619fffff","h3_resolution":8,"center_lat":25.14569,"center_lng":55.37604,"risk_score":0.2955,"risk_class":"low","flood_exposure":0.3731,"charger_access_deficit":0.7735,"transport_disruption":0.0002},"geometry":{"type":"Polygon","coordinates":[[[55.3709,25.1468],[55.3727,25.1425],[55.3778,25.1414],[55.3811,25.1446],[55.3794,25.1488],[55.3743,25.15],[55.3709,25.1468]]]}},{"type":"Feature","properties":{"h3_index":"8843a1261bfffff","h3_resolution":8,"center_lat":25.14772,"center_lng":55.3845,"risk_score":0.3233,"risk_class":"low","flood_exposure":0.3615,"charger_access_deficit":0.8053,"transport_disruption":0.0},"geometry":{"type":"Polygon","coordinates":[[[55.3794,25.1488],[55.3811,25.1446],[55.3863,25.1434],[55.3896,25.1466],[55.3878,25.1509],[55.3827,25.152],[55.3794,25.1488]]]}},{"type":"Feature","properties":{"h3_index":"8843a1261dfffff","h3_resolution":8,"center_lat":25.13823,"center_lng":55.37445,"risk_score":0.2925,"risk_class":"low","flood_exposure":0.3482,"charger_access_deficit":0.7703,"transport_disruption":0.0001},"geometry":{"type":"Polygon","coordinates":[[[55.3693,25.1394],[55.3711,25.1351],[55.3762,25.1339],[55.3796,25.1371],[55.3778,25.1414],[55.3727,25.1425],[55.3693,25.1394]]]}},{"type":"Feature","properties":{"h3_index":"8843a12621fffff","h3_resolution":8,"center_lat":25.10842,"center_lng":55.36807,"risk_score":0.2746,"risk_class":"low","flood_exposure":0.2888,"charger_access_deficit":0.7745,"transport_disruption":0.0},"geometry":{"type":"Polygon","coordinates":[[[55.363,25.1096],[55.3647,25.1053],[55.3698,25.1041],[55.3732,25.1073],[55.3714,25.1116],[55.3663,25.1127],[55.363,25.1096]]]}},{"type":"Feature","properties":{"h3_index":"8843a12623fffff","h3_resolution":8,"center_lat":25.11046,"center_lng":55.37652,"risk_score":0.2644,"risk_class":"low","flood_exposure":0.2719,"charger_access_deficit":0.7969,"transport_disruption":0.0},"geometry":{"type":"Polygon","coordinates":[[[55.3714,25.1116],[55.3732,25.1073],[55.3783,25.1062],[55.3816,25.1093],[55.3799,25.1136],[55.3748,25.1147],[55.3714,25.1116]]]}},{"type":"Feature","properties":{"h3_index":"8843a12625fffff","h3_resolution":8,"center_lat":25.10097,"center_lng":55.36648,"risk_score":0.272,"risk_class":"low","flood_exposure":0.2928,"charger_access_deficit":0.7827,"transport_disruption":0.0},"geometry":{"type":"Polygon","coordinates":[[[55.3614,25.1021],[55.3631,25.0978],[55.3682,25.0967],[55.3716,25.0998],[55.3698,25.1041],[55.3647,25.1053],[55.3614,25.1021]]]}},{"type":"Feature","properties":{"h3_index":"8843a12627fffff","h3_resolution":8,"center_lat":25.10301,"center_lng":55.37493,"risk_score":0.244,"risk_class":"low","flood_exposure":0.2711,"charger_access_deficit":0.8015,"transport_disruption":0.0},"geometry":{"type":"Polygon","coordinates":[[[55.3698,25.1041],[55.3716,25.0998],[55.3767,25.0987],[55.38,25.1019],[55.3783,25.1062],[55.3732,25.1073],[55.3698,25.1041]]]}},{"type":"Feature","properties":{"h3_index":"8843a12629fffff","h3_resolution":8,"center_lat":25.11384,"center_lng":55.36122,"risk_score":0.2539,"risk_class":"low","flood_exposure":0.3122,"charger_access_deficit":0.7407,"transport_disruption":0.0001},"geometry":{"type":"Polygon","coordinates":[[[55.3561,25.115],[55.3579,25.1107],[55.363,25.1096],[55.3663,25.1127],[55.3646,25.117],[55.3595,25.1181],[55.3561,25.115]]]}},{"type":"Feature","properties":{"h3_index":"8843a1262bfffff","h3_resolution":8,"center_lat":25.11587,"center_lng":55.36967,"risk_score":0.2337,"risk_class":"low","flood_exposure":0.2925,"charger_access_deficit":0.7705,"transport_disruption":0.0},"geometry":{"type":"Polygon","coordinates":[[[55.3646,25.117],[55.3663,25.1127],[55.3714,25.1116],[55.3748,25.1147],[55.373,25.119],[55.3679,25.1202],[55.3646,25.117]]]}},{"type":"Feature","properties":{"h3_index":"8843a1262dfffff","h3_resolution":8,"center_lat":25.10639,"center_lng":55.35962,"risk_score":0.256,"risk_class":"low","flood_exposure":0.3147,"charger_access_deficit":0.7484,"transport_disruption":0.0},"geometry":{"type":"Polygon","coordinates":[[[55.3545,25.1075],[55.3563,25.1032],[55.3614,25.1021],[55.3647,25.1053],[55.363,25.1096],[55.3579,25.1107],[55.3545,25.1075]]]}},{"type":"Feature","properties":{"h3_index":"8843a12631fffff","h3_resolution":8,"center_lat":25.11994,"center_lng":55.38657,"risk_score":0.2695,"risk_class":"low","flood_exposure":0.2732,"charger_access_deficit":0.8141,"transport_disruption":0.0},"geometry":{"type":"Polygon","coordinates":[[[55.3815,25.1211],[55.3832,25.1168],[55.3883,25.1156],[55.3917,25.1188],[55.3899,25.1231],[55.3848,25.1242],[55.3815,25.1211]]]}},{"type":"Feature","properties":{"h3_index":"8843a12635fffff","h3_resolution":8,"center_lat":25.11249,"center_lng":55.38497,"risk_score":0.2442,"risk_class":"low","flood_exposure":0.2603,"charger_access_deficit":0.8153,"transport_disruption":0.0},"geometry":{"type":"Polygon","coordinates":[[[55.3799,25.1136],[55.3816,25.1093],[55.3867,25.1082],[55.3901,25.1114],[55.3883,25.1156],[55.3832,25.1168],[55.3799,25.1136]]]}},{"type":"Feature","properties":{"h3_index":"8843a12639fffff","h3_resolution":8,"center_lat":25.12536,"center_lng":55.37971,"risk_score":0.2959,"risk_class":"low","flood_exposure":0.2974,"charger_access_deficit":0.7934,"transport_disruption":0.0},"geometry":{"type":"Polygon","coordinates":[[[55.3746,25.1265],[55.3764,25.1222],[55.3815,25.1211],[55.3848,25.1242],[55.3831,25.1285],[55.378,25.1297],[55.3746,25.1265]]]}},{"type":"Feature","properties":{"h3_index":"8843a1263bfffff","h3_resolution":8,"center_lat":25.12739,"center_lng":55.38816,"risk_score":0.2862,"risk_class":"low","flood_exposure":0.2903,"charger_access_deficit":0.8165,"transport_disruption":0.0},"geometry":{"type":"Polygon","coordinates":[[[55.3831,25.1285],[55.3848,25.1242],[55.3899,25.1231],[55.3933,25.1263],[55.3915,25.1306],[55.3864,25.1317],[55.3831,25.1285]]]}},{"type":"Feature","properties":{"h3_index":"8843a1263dfffff","h3_resolution":8,"center_lat":25.11791,"center_lng":55.37812,"risk_score":0.2299,"risk_class":"low","flood_exposure":0.2817,"charger_access_deficit":0.793,"transport_disruption":0.0},"geometry":{"type":"Polygon","coordinates":[[[55.373,25.119],[55.3748,25.1147],[55.3799,25.1136],[55.3832,25.1168],[55.3815,25.1211],[55.3764,25.1222],[55.373,25.119]]]}},{"type":"Feature","properties":{"h3_index":"8843a12641fffff","h3_resolution":8,"center_lat":25.13755,"center_lng":55.34223,"risk_score":0.2541,"risk_class":"low","flood_exposure":0.4686,"charger_access_deficit":0.5491,"transport_disruption":0.0276},"geometry":{"type":"Polygon","coordinates":[[[55.3371,25.1387],[55.3389,25.1344],[55.344,25.1333],[55.3473,25.1364],[55.3456,25.1407],[55.3405,25.1418],[55.3371,25.1387]]]}},{"type":"Feature","properties":{"h3_index":"8843a12643fffff","h3_resolution":8,"center_lat":25.13958,"center_lng":55.35068,"risk_score":0.2571,"risk_class":"low","flood_exposure":0.4414,"charger_access_deficit":0.6128,"transport_disruption":0.0132},"geometry":{"type":"Polygon","coordinates":[[[55.3456,25.1407],[55.3473,25.1364],[55.3524,25.1353],[55.3558,25.1385],[55.354,25.1427],[55.3489,25.1439],[55.3456,25.1407]]]}},{"type":"Feature","properties":{"h3_index":"8843a12645fffff","h3_resolution":8,"center_lat":25.13009,"center_lng":55.34064,"risk_score":0.2311,"risk_class":"low","flood_exposure":0.4456,"charger_access_deficit":0.5552,"transport_disruption":0.0222},"geometry":{"type":"Polygon","coordinates":[[[55.3355,25.1312],[55.3373,25.1269],[55.3424,25.1258],[55.3457,25.129],[55.344,25.1333],[55.3389,25.1344],[55.3355,25.1312]]]}},{"type":"Feature","properties":{"h3_index":"8843a12647fffff","h3_resolution":8,"center_lat":25.13213,"center_lng":55.34909,"risk_score":0.2491,"risk_class":"low","flood_exposure":0.4152,"charger_access_deficit":0.6143,"transport_disruption":0.0103},"geometry":{"type":"Polygon","coordinates":[[[55.344,25.1333],[55.3457,25.129],[55.3508,25.1278],[55.3542,25.131],[55.3524,25.1353],[55.3473,25.1364],[55.344,25.1333]]]}},{"type":"Feature","properties":{"h3_index":"8843a12649fffff","h3_resolution":8,"center_lat":25.14296,"center_lng":55.33537,"risk_score":0.2625,"risk_class":"low","flood_exposure":0.5224,"charger_access_deficit":0.4859,"transport_disruption":0.0587},"geometry":{"type":"Polygon","coordinates":[[[55.3303,25.1441],[55.332,25.1398],[55.3371,25.1387],[55.3405,25.1418],[55.3387,25.1461],[55.3336,25.1473],[55.3303,25.1441]]]}},{"type":"Feature","properties":{"h3_index":"8843a1264bfffff","h3_resolution":8,"center_lat":25.145,"center_lng":55.34382,"risk_score":0.2444,"risk_class":"low","flood_exposure":0.4978,"charger_access_deficit":0.5517,"transport_disruption":0.0329},"geometry":{"type":"Polygon","coordinates":[[[55.3387,25.1461],[55.3405,25.1418],[55.3456,25.1407],[55.3489,25.1439],[55.3472,25.1482],[55.3421,25.1493],[55.3387,25.1461]]]}},{"type":"Feature","properties":{"h3_index":"8843a1264dfffff","h3_resolution":8,"center_lat":25.13551,"center_lng":55.33378,"risk_score":0.2187,"risk_class":"low","flood_exposure":0.4961,"charger_access_deficit":0.4872,"transport_disruption":0.0499},"geometry":{"type":"Polygon","coordinates":[[[55.3287,25.1366],[55.3304,25.1323],[55.3355,25.1312],[55.3389,25.1344],[55.3371,25.1387],[55.332,25.1398],[55.3287,25.1366]]]}},{"type":"Feature","properties":{"h3_index":"8843a12651fffff","h3_resolution":8,"center_lat":25.14907,"center_lng":55.36073,"risk_score":0.317,"risk_class":"low","flood_exposure":0.4439,"charger_access_deficit":0.6796,"transport_disruption":0.0063},"geometry":{"type":"Polygon","coordinates":[[[55.3556,25.1502],[55.3574,25.1459],[55.3625,25.1448],[55.3658,25.1479],[55.3641,25.1522],[55.359,25.1534],[55.3556,25.1502]]]}},{"type":"Feature","properties":{"h3_index":"8843a12653fffff","h3_resolution":8,"center_lat":25.15111,"center_lng":55.36918,"risk_score":0.3389,"risk_class":"low","flood_exposure":0.4163,"charger_access_deficit":0.7356,"transport_disruption":0.0018},"geometry":{"type":"Polygon","coordinates":[[[55.3641,25.1522],[55.3658,25.1479],[55.3709,25.1468],[55.3743,25.15],[55.3725,25.1543],[55.3674,25.1554],[55.3641,25.1522]]]}},{"type":"Feature","properties":{"h3_index":"8843a12655fffff","h3_resolution":8,"center_lat":25.14162,"center_lng":55.35913,"risk_score":0.307,"risk_class":"low","flood_exposure":0.4154,"charger_access_deficit":0.6743,"transport_disruption":0.0051},"geometry":{"type":"Polygon","coordinates":[[[55.354,25.1427],[55.3558,25.1385],[55.3609,25.1373],[55.3642,25.1405],[55.3625,25.1448],[55.3574,25.1459],[55.354,25.1427]]]}},{"type":"Feature","properties":{"h3_index":"8843a12657fffff","h3_resolution":8,"center_lat":25.14365,"center_lng":55.36759,"risk_score":0.3231,"risk_class":"low","flood_exposure":0.3908,"charger_access_deficit":0.7309,"transport_disruption":0.0014},"geometry":{"type":"Polygon","coordinates":[[[55.3625,25.1448],[55.3642,25.1405],[55.3693,25.1394],[55.3727,25.1425],[55.3709,25.1468],[55.3658,25.1479],[55.3625,25.1448]]]}},{"type":"Feature","properties":{"h3_index":"8843a12659fffff","h3_resolution":8,"center_lat":25.15449,"center_lng":55.35387,"risk_score":0.2904,"risk_class":"low","flood_exposure":0.5014,"charger_access_deficit":0.6256,"transport_disruption":0.0181},"geometry":{"type":"Polygon","coordinates":[[[55.3488,25.1556],[55.3505,25.1513],[55.3556,25.1502],[55.359,25.1534],[55.3572,25.1577],[55.3521,25.1588],[55.3488,25.1556]]]}},{"type":"Feature","properties":{"h3_index":"8843a1265bfffff","h3_resolution":8,"center_lat":25.15653,"center_lng":55.36232,"risk_score":0.3412,"risk_class":"low","flood_exposure":0.4703,"charger_access_deficit":0.6853,"transport_disruption":0.0071},"geometry":{"type":"Polygon","coordinates":[[[55.3572,25.1577],[55.359,25.1534],[55.3641,25.1522],[55.3674,25.1554],[55.3657,25.1597],[55.3606,25.1608],[55.3572,25.1577]]]}},{"type":"Feature","properties":{"h3_index":"8843a1265dfffff","h3_resolution":8,"center_lat":25.14704,"center_lng":55.35227,"risk_score":0.2634,"risk_class":"low","flood_exposure":0.4714,"charger_access_deficit":0.6175,"transport_disruption":0.016},"geometry":{"type":"Polygon","coordinates":[[[55.3472,25.1482],[55.3489,25.1439],[55.354,25.1427],[55.3574,25.1459],[55.3556,25.1502],[55.3505,25.1513],[55.3472,25.1482]]]}},{"type":"Feature","properties":{"h3_index":"8843a12661fffff","h3_resolution":8,"center_lat":25.11723,"center_lng":55.34591,"risk_score":0.2569,"risk_class":"low","flood_exposure":0.3855,"charger_access_deficit":0.6391,"transport_disruption":0.0052},"geometry":{"type":"Polygon","coordinates":[[[55.3408,25.1184],[55.3426,25.1141],[55.3477,25.1129],[55.351,25.1161],[55.3493,25.1204],[55.3442,25.1215],[55.3408,25.1184]]]}},{"type":"Feature","properties":{"h3_index":"8843a12663fffff","h3_resolution":8,"center_lat":25.11926,"center_lng":55.35436,"risk_score":0.2417,"risk_class":"low","flood_exposure":0.3499,"charger_access_deficit":0.6871,"transport_disruption":0.0016},"geometry":{"type":"Polygon","coordinates":[[[55.3493,25.1204],[55.351,25.1161],[55.3561,25.115],[55.3595,25.1181],[55.3577,25.1224],[55.3526,25.1235],[55.3493,25.1204]]]}},{"type":"Feature","properties":{"h3_index":"8843a12665fffff","h3_resolution":8,"center_lat":25.10978,"center_lng":55.34432,"risk_score":0.2316,"risk_class":"low","flood_exposure":0.3837,"charger_access_deficit":0.6612,"transport_disruption":0.0034},"geometry":{"type":"Polygon","coordinates":[[[55.3392,25.1109],[55.341,25.1066],[55.3461,25.1055],[55.3494,25.1086],[55.3477,25.1129],[55.3426,25.1141],[55.3392,25.1109]]]}},{"type":"Feature","properties":{"h3_index":"8843a12667fffff","h3_resolution":8,"center_lat":25.11181,"center_lng":55.35277,"risk_score":0.271,"risk_class":"low","flood_exposure":0.3431,"charger_access_deficit":0.7031,"transport_disruption":0.0009},"geometry":{"type":"Polygon","coordinates":[[[55.3477,25.1129],[55.3494,25.1086],[55.3545,25.1075],[55.3579,25.1107],[55.3561,25.115],[55.351,25.1161],[55.3477,25.1129]]]}},{"type":"Feature","properties":{"h3_index":"8843a12669fffff","h3_resolution":8,"center_lat":25.12264,"center_lng":55.33905,"risk_score":0.237,"risk_class":"low","flood_exposure":0.4314,"charger_access_deficit":0.5699,"transport_disruption":0.0171},"geometry":{"type":"Polygon","coordinates":[[[55.3339,25.1238],[55.3357,25.1195],[55.3408,25.1184],[55.3442,25.1215],[55.3424,25.1258],[55.3373,25.1269],[55.3339,25.1238]]]}},{"type":"Feature","properties":{"h3_index":"8843a1266bfffff","h3_resolution":8,"center_lat":25.12468,"center_lng":55.3475,"risk_score":0.2069,"risk_class":"low","flood_exposure":0.396,"charger_access_deficit":0.6232,"transport_disruption":0.0075},"geometry":{"type":"Polygon","coordinates":[[[55.3424,25.1258],[55.3442,25.1215],[55.3493,25.1204],[55.3526,25.1235],[55.3508,25.1278],[55.3457,25.129],[55.3424,25.1258]]]}},{"type":"Feature","properties":{"h3_index":"8843a1266dfffff","h3_resolution":8,"center_lat":25.11519,"center_lng":55.33746,"risk_score":0.2417,"risk_class":"low","flood_exposure":0.4268,"charger_access_deficit":0.5921,"transport_disruption":0.0127},"geometry":{"type":"Polygon","coordinates":[[[55.3324,25.1163],[55.3341,25.112],[55.3392,25.1109],[55.3426,25.1141],[55.3408,25.1184],[55.3357,25.1195],[55.3324,25.1163]]]}},{"type":"Feature","properties":{"h3_index":"8843a126c9fffff","h3_resolution":8,"center_lat":25.15721,"center_lng":55.39455,"risk_score":0.3309,"risk_class":"low","flood_exposure":0.3657,"charger_access_deficit":0.8244,"transport_disruption":0.0},"geometry":{"type":"Polygon","coordinates":[[[55.3894,25.1583],[55.3912,25.154],[55.3963,25.1529],[55.3997,25.1561],[55.3979,25.1604],[55.3928,25.1615],[55.3894,25.1583]]]}},{"type":"Feature","properties":{"h3_index":"8843a126cbfffff","h3_resolution":8,"center_lat":25.15924,"center_lng":55.40301,"risk_score":0.3416,"risk_class":"low","flood_exposure":0.3533,"charger_access_deficit":0.8372,"transport_disruption":0.0},"geometry":{"type":"Polygon","coordinates":[[[55.3979,25.1604],[55.3997,25.1561],[55.4048,25.155],[55.4081,25.1581],[55.4064,25.1624],[55.4013,25.1635],[55.3979,25.1604]]]}},{"type":"Feature","properties":{"h3_index":"8843a126cdfffff","h3_resolution":8,"center_lat":25.14975,"center_lng":55.39295,"risk_score":0.3279,"risk_class":"low","flood_exposure":0.3535,"charger_access_deficit":0.8284,"transport_disruption":0.0},"geometry":{"type":"Polygon","coordinates":[[[55.3878,25.1509],[55.3896,25.1466],[55.3947,25.1455],[55.3981,25.1486],[55.3963,25.1529],[55.3912,25.154],[55.3878,25.1509]]]}},{"type":"Feature","properties":{"h3_index":"8843a12701fffff","h3_resolution":8,"center_lat":25.0766,"center_lng":55.35326,"risk_score":0.3562,"risk_class":"moderate","flood_exposure":0.3615,"charger_access_deficit":0.8236,"transport_disruption":0.0},"geometry":{"type":"Polygon","coordinates":[[[55.3482,25.0777],[55.3499,25.0734],[55.355,25.0723],[55.3584,25.0755],[55.3566,25.0798],[55.3515,25.0809],[55.3482,25.0777]]]}},{"type":"Feature","properties":{"h3_index":"8843a12703fffff","h3_resolution":8,"center_lat":25.07863,"center_lng":55.3617,"risk_score":0.2961,"risk_class":"low","flood_exposure":0.331,"charger_access_deficit":0.8262,"transport_disruption":0.0},"geometry":{"type":"Polygon","coordinates":[[[55.3566,25.0798],[55.3584,25.0755],[55.3635,25.0743],[55.3668,25.0775],[55.3651,25.0818],[55.36,25.0829],[55.3566,25.0798]]]}},{"type":"Feature","properties":{"h3_index":"8843a12705fffff","h3_resolution":8,"center_lat":25.06915,"center_lng":55.35167,"risk_score":0.3672,"risk_class":"moderate","flood_exposure":0.3716,"charger_access_deficit":0.8505,"transport_disruption":0.0},"geometry":{"type":"Polygon","coordinates":[[[55.3466,25.0703],[55.3483,25.066],[55.3534,25.0649],[55.3568,25.068],[55.355,25.0723],[55.3499,25.0734],[55.3466,25.0703]]]}},{"type":"Feature","properties":{"h3_index":"8843a12709fffff","h3_resolution":8,"center_lat":25.08201,"center_lng":55.34641,"risk_score":0.3545,"risk_class":"moderate","flood_exposure":0.3787,"charger_access_deficit":0.7923,"transport_disruption":0.0},"geometry":{"type":"Polygon","coordinates":[[[55.3413,25.0831],[55.3431,25.0789],[55.3482,25.0777],[55.3515,25.0809],[55.3498,25.0852],[55.3447,25.0863],[55.3413,25.0831]]]}},{"type":"Feature","properties":{"h3_index":"8843a1270bfffff","h3_resolution":8,"center_lat":25.08405,"center_lng":55.35485,"risk_score":0.2995,"risk_class":"low","flood_exposure":0.3455,"charger_access_deficit":0.8024,"transport_disruption":0.0},"geometry":{"type":"Polygon","coordinates":[[[55.3498,25.0852],[55.3515,25.0809],[55.3566,25.0798],[55.36,25.0829],[55.3582,25.0872],[55.3531,25.0883],[55.3498,25.0852]]]}},{"type":"Feature","properties":{"h3_index":"8843a1270dfffff","h3_resolution":8,"center_lat":25.07457,"center_lng":55.34482,"risk_score":0.3591,"risk_class":"moderate","flood_exposure":0.3888,"charger_access_deficit":0.8208,"transport_disruption":0.0},"geometry":{"type":"Polygon","coordinates":[[[55.3397,25.0757],[55.3415,25.0714],[55.3466,25.0703],[55.3499,25.0734],[55.3482,25.0777],[55.3431,25.0789],[55.3397,25.0757]]]}},{"type":"Feature","properties":{"h3_index":"8843a12719fffff","h3_resolution":8,"center_lat":25.09353,"center_lng":55.36489,"risk_score":0.2775,"risk_class":"low","flood_exposure":0.3045,"charger_access_deficit":0.7949,"transport_disruption":0.0},"geometry":{"type":"Polygon","coordinates":[[[55.3598,25.0947],[55.3615,25.0904],[55.3666,25.0892],[55.37,25.0924],[55.3682,25.0967],[55.3631,25.0978],[55.3598,25.0947]]]}},{"type":"Feature","properties":{"h3_index":"8843a1271bfffff","h3_resolution":8,"center_lat":25.09556,"center_lng":55.37334,"risk_score":0.255,"risk_class":"low","flood_exposure":0.2781,"charger_access_deficit":0.8096,"transport_disruption":0.0},"geometry":{"type":"Polygon","coordinates":[[[55.3682,25.0967],[55.37,25.0924],[55.3751,25.0913],[55.3784,25.0944],[55.3767,25.0987],[55.3716,25.0998],[55.3682,25.0967]]]}},{"type":"Feature","properties":{"h3_index":"8843a1271dfffff","h3_resolution":8,"center_lat":25.08608,"center_lng":55.3633,"risk_score":0.3037,"risk_class":"low","flood_exposure":0.3167,"charger_access_deficit":0.811,"transport_disruption":0.0},"geometry":{"type":"Polygon","coordinates":[[[55.3582,25.0872],[55.36,25.0829],[55.3651,25.0818],[55.3684,25.0849],[55.3666,25.0892],[55.3615,25.0904],[55.3582,25.0872]]]}},{"type":"Feature","properties":{"h3_index":"8843a12741fffff","h3_resolution":8,"center_lat":25.0854,"center_lng":55.33111,"risk_score":0.3482,"risk_class":"low","flood_exposure":0.449,"charger_access_deficit":0.7365,"transport_disruption":0.0027},"geometry":{"type":"Polygon","coordinates":[[[55.326,25.0865],[55.3278,25.0822],[55.3329,25.0811],[55.3362,25.0843],[55.3345,25.0886],[55.3294,25.0897],[55.326,25.0865]]]}},{"type":"Feature","properties":{"h3_index":"8843a12743fffff","h3_resolution":8,"center_lat":25.08743,"center_lng":55.33955,"risk_score":0.3111,"risk_class":"low","flood_exposure":0.4026,"charger_access_deficit":0.7565,"transport_disruption":0.0006},"geometry":{"type":"Polygon","coordinates":[[[55.3345,25.0886],[55.3362,25.0843],[55.3413,25.0831],[55.3447,25.0863],[55.3429,25.0906],[55.3378,25.0917],[55.3345,25.0886]]]}},{"type":"Feature","properties":{"h3_index":"8843a12745fffff","h3_resolution":8,"center_lat":25.07795,"center_lng":55.32952,"risk_score":0.4009,"risk_class":"moderate","flood_exposure":0.4503,"charger_access_deficit":0.7805,"transport_disruption":0.0016},"geometry":{"type":"Polygon","coordinates":[[[55.3244,25.0791],[55.3262,25.0748],[55.3313,25.0737],[55.3346,25.0768],[55.3329,25.0811],[55.3278,25.0822],[55.3244,25.0791]]]}},{"type":"Feature","properties":{"h3_index":"8843a12747fffff","h3_resolution":8,"center_lat":25.07998,"center_lng":55.33796,"risk_score":0.3631,"risk_class":"moderate","flood_exposure":0.4134,"charger_access_deficit":0.7866,"transport_disruption":0.0003},"geometry":{"type":"Polygon","coordinates":[[[55.3329,25.0811],[55.3346,25.0768],[55.3397,25.0757],[55.3431,25.0789],[55.3413,25.0831],[55.3362,25.0843],[55.3329,25.0811]]]}},{"type":"Feature","properties":{"h3_index":"8843a12749fffff","h3_resolution":8,"center_lat":25.09081,"center_lng":55.32425,"risk_score":0.3389,"risk_class":"low","flood_exposure":0.4942,"charger_access_deficit":0.6717,"transport_disruption":0.0108},"geometry":{"type":"Polygon","coordinates":[[[55.3192,25.0919],[55.3209,25.0876],[55.326,25.0865],[55.3294,25.0897],[55.3276,25.094],[55.3225,25.0951],[55.3192,25.0919]]]}},{"type":"Feature","properties":{"h3_index":"8843a1274bfffff","h3_resolution":8,"center_lat":25.09284,"center_lng":55.3327,"risk_score":0.3068,"risk_class":"low","flood_exposure":0.4436,"charger_access_deficit":0.6945,"transport_disruption":0.0043},"geometry":{"type":"Polygon","coordinates":[[[55.3276,25.094],[55.3294,25.0897],[55.3345,25.0886],[55.3378,25.0917],[55.336,25.096],[55.3309,25.0971],[55.3276,25.094]]]}},{"type":"Feature","properties":{"h3_index":"8843a1274dfffff","h3_resolution":8,"center_lat":25.08336,"center_lng":55.32266,"risk_score":0.3629,"risk_class":"moderate","flood_exposure":0.4962,"charger_access_deficit":0.7199,"transport_disruption":0.0077},"geometry":{"type":"Polygon","coordinates":[[[55.3176,25.0845],[55.3193,25.0802],[55.3244,25.0791],[55.3278,25.0822],[55.326,25.0865],[55.3209,25.0876],[55.3176,25.0845]]]}},{"type":"Feature","properties":{"h3_index":"8843a12751fffff","h3_resolution":8,"center_lat":25.09691,"center_lng":55.34959,"risk_score":0.2963,"risk_class":"low","flood_exposure":0.3536,"charger_access_deficit":0.7456,"transport_disruption":0.0002},"geometry":{"type":"Polygon","coordinates":[[[55.3445,25.098],[55.3462,25.0937],[55.3513,25.0926],[55.3547,25.0958],[55.3529,25.1001],[55.3478,25.1012],[55.3445,25.098]]]}},{"type":"Feature","properties":{"h3_index":"8843a12753fffff","h3_resolution":8,"center_lat":25.09894,"center_lng":55.35803,"risk_score":0.2647,"risk_class":"low","flood_exposure":0.3204,"charger_access_deficit":0.7648,"transport_disruption":0.0},"geometry":{"type":"Polygon","coordinates":[[[55.3529,25.1001],[55.3547,25.0958],[55.3598,25.0947],[55.3631,25.0978],[55.3614,25.1021],[55.3563,25.1032],[55.3529,25.1001]]]}},{"type":"Feature","properties":{"h3_index":"8843a12755fffff","h3_resolution":8,"center_lat":25.08946,"center_lng":55.348,"risk_score":0.3108,"risk_class":"low","flood_exposure":0.3676,"charger_access_deficit":0.7674,"transport_disruption":0.0},"geometry":{"type":"Polygon","coordinates":[[[55.3429,25.0906],[55.3447,25.0863],[55.3498,25.0852],[55.3531,25.0883],[55.3513,25.0926],[55.3462,25.0937],[55.3429,25.0906]]]}},{"type":"Feature","properties":{"h3_index":"8843a12757fffff","h3_resolution":8,"center_lat":25.09149,"center_lng":55.35644,"risk_score":0.2838,"risk_class":"low","flood_exposure":0.3316,"charger_access_deficit":0.7811,"transport_disruption":0.0},"geometry":{"type":"Polygon","coordinates":[[[55.3513,25.0926],[55.3531,25.0883],[55.3582,25.0872],[55.3615,25.0904],[55.3598,25.0947],[55.3547,25.0958],[55.3513,25.0926]]]}},{"type":"Feature","properties":{"h3_index":"8843a12759fffff","h3_resolution":8,"center_lat":25.10233,"center_lng":55.34273,"risk_score":0.2769,"risk_class":"low","flood_exposure":0.388,"charger_access_deficit":0.6888,"transport_disruption":0.0021},"geometry":{"type":"Polygon","coordinates":[[[55.3376,25.1035],[55.3394,25.0992],[55.3445,25.098],[55.3478,25.1012],[55.3461,25.1055],[55.341,25.1066],[55.3376,25.1035]]]}},{"type":"Feature","properties":{"h3_index":"8843a1275bfffff","h3_resolution":8,"center_lat":25.10436,"center_lng":55.35118,"risk_score":0.2564,"risk_class":"low","flood_exposure":0.344,"charger_access_deficit":0.7244,"transport_disruption":0.0004},"geometry":{"type":"Polygon","coordinates":[[[55.3461,25.1055],[55.3478,25.1012],[55.3529,25.1001],[55.3563,25.1032],[55.3545,25.1075],[55.3494,25.1086],[55.3461,25.1055]]]}},{"type":"Feature","properties":{"h3_index":"8843a1275dfffff","h3_resolution":8,"center_lat":25.09488,"center_lng":55.34114,"risk_score":0.3056,"risk_class":"low","flood_exposure":0.3954,"charger_access_deficit":0.7209,"transport_disruption":0.0012},"geometry":{"type":"Polygon","coordinates":[[[55.336,25.096],[55.3378,25.0917],[55.3429,25.0906],[55.3462,25.0937],[55.3445,25.098],[55.3394,25.0992],[55.336,25.096]]]}},{"type":"Feature","properties":{"h3_index":"8843a12761fffff","h3_resolution":8,"center_lat":25.06509,"center_lng":55.33479,"risk_score":0.4022,"risk_class":"moderate","flood_exposure":0.4238,"charger_access_deficit":0.8537,"transport_disruption":0.0},"geometry":{"type":"Polygon","coordinates":[[[55.3297,25.0662],[55.3314,25.0619],[55.3365,25.0608],[55.3399,25.064],[55.3381,25.0682],[55.333,25.0694],[55.3297,25.0662]]]}},{"type":"Feature","properties":{"h3_index":"8843a12763fffff","h3_resolution":8,"center_lat":25.06712,"center_lng":55.34323,"risk_score":0.3948,"risk_class":"moderate","flood_exposure":0.3967,"charger_access_deficit":0.8526,"transport_disruption":0.0},"geometry":{"type":"Polygon","coordinates":[[[55.3381,25.0682],[55.3399,25.064],[55.345,25.0628],[55.3483,25.066],[55.3466,25.0703],[55.3415,25.0714],[55.3381,25.0682]]]}},{"type":"Feature","properties":{"h3_index":"8843a12765fffff","h3_resolution":8,"center_lat":25.05765,"center_lng":55.3332,"risk_score":0.4359,"risk_class":"moderate","flood_exposure":0.4223,"charger_access_deficit":0.8885,"transport_disruption":0.0},"geometry":{"type":"Polygon","coordinates":[[[55.3281,25.0588],[55.3299,25.0545],[55.335,25.0534],[55.3383,25.0565],[55.3365,25.0608],[55.3314,25.0619],[55.3281,25.0588]]]}},{"type":"Feature","properties":{"h3_index":"8843a12767fffff","h3_resolution":8,"center_lat":25.05968,"center_lng":55.34164,"risk_score":0.4068,"risk_class":"moderate","flood_exposure":0.4033,"charger_access_deficit":0.8827,"transport_disruption":0.0},"geometry":{"type":"Polygon","coordinates":[[[55.3365,25.0608],[55.3383,25.0565],[55.3434,25.0554],[55.3467,25.0585],[55.345,25.0628],[55.3399,25.064],[55.3365,25.0608]]]}},{"type":"Feature","properties":{"h3_index":"8843a12769fffff","h3_resolution":8,"center_lat":25.0705,"center_lng":55.32793,"risk_score":0.3924,"risk_class":"moderate","flood_exposure":0.4506,"charger_access_deficit":0.8216,"transport_disruption":0.0009},"geometry":{"type":"Polygon","coordinates":[[[55.3228,25.0716],[55.3246,25.0673],[55.3297,25.0662],[55.333,25.0694],[55.3313,25.0737],[55.3262,25.0748],[55.3228,25.0716]]]}},{"type":"Feature","properties":{"h3_index":"8843a1276bfffff","h3_resolution":8,"center_lat":25.07254,"center_lng":55.33637,"risk_score":0.3678,"risk_class":"moderate","flood_exposure":0.4214,"charger_access_deficit":0.8205,"transport_disruption":0.0001},"geometry":{"type":"Polygon","coordinates":[[[55.3313,25.0737],[55.333,25.0694],[55.3381,25.0682],[55.3415,25.0714],[55.3397,25.0757],[55.3346,25.0768],[55.3313,25.0737]]]}},{"type":"Feature","properties":{"h3_index":"8843a1276dfffff","h3_resolution":8,"center_lat":25.06306,"center_lng":55.32635,"risk_score":0.4178,"risk_class":"moderate","flood_exposure":0.4494,"charger_access_deficit":0.8591,"transport_disruption":0.0005},"geometry":{"type":"Polygon","coordinates":[[[55.3212,25.0642],[55.323,25.0599],[55.3281,25.0588],[55.3314,25.0619],[55.3297,25.0662],[55.3246,25.0673],[55.3212,25.0642]]]}},{"type":"Feature","properties":{"h3_index":"8843a13001fffff","h3_resolution":8,"center_lat":25.07168,"center_lng":55.12815,"risk_score":0.2282,"risk_class":"low","flood_exposure":0.3631,"charger_access_deficit":0.2084,"transport_disruption":0.8221},"geometry":{"type":"Polygon","coordinates":[[[55.1231,25.0728],[55.1248,25.0685],[55.1299,25.0674],[55.1332,25.0706],[55.1315,25.0748],[55.1264,25.076],[55.1231,25.0728]]]}},{"type":"Feature","properties":{"h3_index":"8843a13003fffff","h3_resolution":8,"center_lat":25.07372,"center_lng":55.13657,"risk_score":0.2467,"risk_class":"low","flood_exposure":0.3845,"charger_access_deficit":0.1794,"transport_disruption":0.8117},"geometry":{"type":"Polygon","coordinates":[[[55.1315,25.0748],[55.1332,25.0706],[55.1383,25.0694],[55.1417,25.0726],[55.1399,25.0769],[55.1348,25.078],[55.1315,25.0748]]]}},{"type":"Feature","properties":{"h3_index":"8843a13005fffff","h3_resolution":8,"center_lat":25.06424,"center_lng":55.12658,"risk_score":0.2921,"risk_class":"low","flood_exposure":0.3997,"charger_access_deficit":0.245,"transport_disruption":0.8193},"geometry":{"type":"Polygon","coordinates":[[[55.1215,25.0654],[55.1233,25.0611],[55.1284,25.06],[55.1317,25.0631],[55.1299,25.0674],[55.1248,25.0685],[55.1215,25.0654]]]}},{"type":"Feature","properties":{"h3_index":"8843a13007fffff","h3_resolution":8,"center_lat":25.06628,"center_lng":55.13501,"risk_score":0.3068,"risk_class":"low","flood_exposure":0.4209,"charger_access_deficit":0.2126,"transport_disruption":0.8135},"geometry":{"type":"Polygon","coordinates":[[[55.1299,25.0674],[55.1317,25.0631],[55.1368,25.062],[55.1401,25.0652],[55.1383,25.0694],[55.1332,25.0706],[55.1299,25.0674]]]}},{"type":"Feature","properties":{"h3_index":"8843a13009fffff","h3_resolution":8,"center_lat":25.07708,"center_lng":55.12129,"risk_score":0.2402,"risk_class":"low","flood_exposure":0.3047,"charger_access_deficit":0.2254,"transport_disruption":0.8228},"geometry":{"type":"Polygon","coordinates":[[[55.1162,25.0782],[55.118,25.0739],[55.1231,25.0728],[55.1264,25.076],[55.1246,25.0802],[55.1195,25.0814],[55.1162,25.0782]]]}},{"type":"Feature","properties":{"h3_index":"8843a1300bfffff","h3_resolution":8,"center_lat":25.07912,"center_lng":55.12971,"risk_score":0.2003,"risk_class":"low","flood_exposure":0.3282,"charger_access_deficit":0.1858,"transport_disruption":0.8218},"geometry":{"type":"Polygon","coordinates":[[[55.1246,25.0802],[55.1264,25.076],[55.1315,25.0748],[55.1348,25.078],[55.133,25.0823],[55.1279,25.0834],[55.1246,25.0802]]]}},{"type":"Feature","properties":{"h3_index":"8843a1300dfffff","h3_resolution":8,"center_lat":25.06964,"center_lng":55.11972,"risk_score":0.2311,"risk_class":"low","flood_exposure":0.3402,"charger_access_deficit":0.2516,"transport_disruption":0.8204},"geometry":{"type":"Polygon","coordinates":[[[55.1146,25.0708],[55.1164,25.0665],[55.1215,25.0654],[55.1248,25.0685],[55.1231,25.0728],[55.118,25.0739],[55.1146,25.0708]]]}},{"type":"Feature","properties":{"h3_index":"8843a13011fffff","h3_resolution":8,"center_lat":25.08321,"center_lng":55.14656,"risk_score":0.1984,"risk_class":"low","flood_exposure":0.3782,"charger_access_deficit":0.155,"transport_disruption":0.7854},"geometry":{"type":"Polygon","coordinates":[[[55.1415,25.0843],[55.1432,25.08],[55.1483,25.0789],[55.1517,25.0821],[55.1499,25.0864],[55.1448,25.0875],[55.1415,25.0843]]]}},{"type":"Feature","properties":{"h3_index":"8843a13013fffff","h3_resolution":8,"center_lat":25.08525,"center_lng":55.15499,"risk_score":0.2218,"risk_class":"low","flood_exposure":0.4084,"charger_access_deficit":0.163,"transport_disruption":0.7613},"geometry":{"type":"Polygon","coordinates":[[[55.1499,25.0864],[55.1517,25.0821],[55.1568,25.081],[55.1601,25.0841],[55.1583,25.0884],[55.1532,25.0895],[55.1499,25.0864]]]}},{"type":"Feature","properties":{"h3_index":"8843a13015fffff","h3_resolution":8,"center_lat":25.07576,"center_lng":55.145,"risk_score":0.2153,"risk_class":"low","flood_exposure":0.4057,"charger_access_deficit":0.1678,"transport_disruption":0.7923},"geometry":{"type":"Polygon","coordinates":[[[55.1399,25.0769],[55.1417,25.0726],[55.1468,25.0715],[55.1501,25.0746],[55.1483,25.0789],[55.1432,25.08],[55.1399,25.0769]]]}},{"type":"Feature","properties":{"h3_index":"8843a13017fffff","h3_resolution":8,"center_lat":25.07781,"center_lng":55.15342,"risk_score":0.2453,"risk_class":"low","flood_exposure":0.4288,"charger_access_deficit":0.1731,"transport_disruption":0.7715},"geometry":{"type":"Polygon","coordinates":[[[55.1483,25.0789],[55.1501,25.0746],[55.1552,25.0735],[55.1585,25.0767],[55.1568,25.081],[55.1517,25.0821],[55.1483,25.0789]]]}},{"type":"Feature","properties":{"h3_index":"8843a13019fffff","h3_resolution":8,"center_lat":25.08861,"center_lng":55.1397,"risk_score":0.179,"risk_class":"low","flood_exposure":0.326,"charger_access_deficit":0.1608,"transport_disruption":0.8044},"geometry":{"type":"Polygon","coordinates":[[[55.1346,25.0897],[55.1364,25.0854],[55.1415,25.0843],[55.1448,25.0875],[55.143,25.0918],[55.1379,25.0929],[55.1346,25.0897]]]}},{"type":"Feature","properties":{"h3_index":"8843a1301bfffff","h3_resolution":8,"center_lat":25.09065,"center_lng":55.14813,"risk_score":0.1816,"risk_class":"low","flood_exposure":0.3589,"charger_access_deficit":0.1571,"transport_disruption":0.779},"geometry":{"type":"Polygon","coordinates":[[[55.143,25.0918],[55.1448,25.0875],[55.1499,25.0864],[55.1532,25.0895],[55.1515,25.0938],[55.1464,25.0949],[55.143,25.0918]]]}},{"type":"Feature","properties":{"h3_index":"8843a1301dfffff","h3_resolution":8,"center_lat":25.08117,"center_lng":55.13813,"risk_score":0.1864,"risk_class":"low","flood_exposure":0.3521,"charger_access_deficit":0.1617,"transport_disruption":0.8081},"geometry":{"type":"Polygon","coordinates":[[[55.133,25.0823],[55.1348,25.078],[55.1399,25.0769],[55.1432,25.08],[55.1415,25.0843],[55.1364,25.0854],[55.133,25.0823]]]}},{"type":"Feature","properties":{"h3_index":"8843a13021fffff","h3_resolution":8,"center_lat":25.0514,"center_lng":55.13188,"risk_score":0.3937,"risk_class":"moderate","flood_exposure":0.4952,"charger_access_deficit":0.3122,"transport_disruption":0.8035},"geometry":{"type":"Polygon","coordinates":[[[55.1268,25.0525],[55.1286,25.0482],[55.1336,25.0471],[55.137,25.0503],[55.1352,25.0546],[55.1301,25.0557],[55.1268,25.0525]]]}},{"type":"Feature","properties":{"h3_index":"8843a13023fffff","h3_resolution":8,"center_lat":25.05344,"center_lng":55.1403,"risk_score":0.4296,"risk_class":"moderate","flood_exposure":0.517,"charger_access_deficit":0.2886,"transport_disruption":0.8034},"geometry":{"type":"Polygon","coordinates":[[[55.1352,25.0546],[55.137,25.0503],[55.1421,25.0492],[55.1454,25.0523],[55.1436,25.0566],[55.1385,25.0577],[55.1352,25.0546]]]}},{"type":"Feature","properties":{"h3_index":"8843a13025fffff","h3_resolution":8,"center_lat":25.04396,"center_lng":55.13032,"risk_score":0.4614,"risk_class":"moderate","flood_exposure":0.5281,"charger_access_deficit":0.3726,"transport_disruption":0.7883},"geometry":{"type":"Polygon","coordinates":[[[55.1252,25.0451],[55.127,25.0408],[55.1321,25.0397],[55.1354,25.0428],[55.1336,25.0471],[55.1286,25.0482],[55.1252,25.0451]]]}},{"type":"Feature","properties":{"h3_index":"8843a13027fffff","h3_resolution":8,"center_lat":25.046,"center_lng":55.13874,"risk_score":0.4589,"risk_class":"moderate","flood_exposure":0.5544,"charger_access_deficit":0.3468,"transport_disruption":0.7985},"geometry":{"type":"Polygon","coordinates":[[[55.1336,25.0471],[55.1354,25.0428],[55.1405,25.0417],[55.1438,25.0449],[55.1421,25.0492],[55.137,25.0503],[55.1336,25.0471]]]}},{"type":"Feature","properties":{"h3_index":"8843a13029fffff","h3_resolution":8,"center_lat":25.0568,"center_lng":55.12502,"risk_score":0.3433,"risk_class":"low","flood_exposure":0.4353,"charger_access_deficit":0.2927,"transport_disruption":0.8106},"geometry":{"type":"Polygon","coordinates":[[[55.1199,25.0579],[55.1217,25.0536],[55.1268,25.0525],[55.1301,25.0557],[55.1284,25.06],[55.1233,25.0611],[55.1199,25.0579]]]}},{"type":"Feature","properties":{"h3_index":"8843a1302bfffff","h3_resolution":8,"center_lat":25.05884,"center_lng":55.13345,"risk_score":0.3564,"risk_class":"moderate","flood_exposure":0.4587,"charger_access_deficit":0.2579,"transport_disruption":0.8115},"geometry":{"type":"Polygon","coordinates":[[[55.1284,25.06],[55.1301,25.0557],[55.1352,25.0546],[55.1385,25.0577],[55.1368,25.062],[55.1317,25.0631],[55.1284,25.06]]]}},{"type":"Feature","properties":{"h3_index":"8843a1302dfffff","h3_resolution":8,"center_lat":25.04936,"center_lng":55.12346,"risk_score":0.3943,"risk_class":"moderate","flood_exposure":0.4679,"charger_access_deficit":0.3485,"transport_disruption":0.7935},"geometry":{"type":"Polygon","coordinates":[[[55.1184,25.0505],[55.1201,25.0462],[55.1252,25.0451],[55.1286,25.0482],[55.1268,25.0525],[55.1217,25.0536],[55.1184,25.0505]]]}},{"type":"Feature","properties":{"h3_index":"8843a13031fffff","h3_resolution":8,"center_lat":25.06292,"center_lng":55.15029,"risk_score":0.352,"risk_class":"moderate","flood_exposure":0.4938,"charger_access_deficit":0.2326,"transport_disruption":0.7912},"geometry":{"type":"Polygon","coordinates":[[[55.1452,25.064],[55.147,25.0598],[55.1521,25.0586],[55.1554,25.0618],[55.1536,25.0661],[55.1485,25.0672],[55.1452,25.064]]]}},{"type":"Feature","properties":{"h3_index":"8843a13033fffff","h3_resolution":8,"center_lat":25.06496,"center_lng":55.15872,"risk_score":0.3709,"risk_class":"moderate","flood_exposure":0.5082,"charger_access_deficit":0.2437,"transport_disruption":0.7835},"geometry":{"type":"Polygon","coordinates":[[[55.1536,25.0661],[55.1554,25.0618],[55.1605,25.0607],[55.1638,25.0638],[55.162,25.0681],[55.157,25.0692],[55.1536,25.0661]]]}},{"type":"Feature","properties":{"h3_index":"8843a13035fffff","h3_resolution":8,"center_lat":25.05548,"center_lng":55.14873,"risk_score":0.4199,"risk_class":"moderate","flood_exposure":0.5337,"charger_access_deficit":0.2794,"transport_disruption":0.7983},"geometry":{"type":"Polygon","coordinates":[[[55.1436,25.0566],[55.1454,25.0523],[55.1505,25.0512],[55.1538,25.0544],[55.1521,25.0586],[55.147,25.0598],[55.1436,25.0566]]]}},{"type":"Feature","properties":{"h3_index":"8843a13037fffff","h3_resolution":8,"center_lat":25.05752,"center_lng":55.15715,"risk_score":0.4407,"risk_class":"moderate","flood_exposure":0.546,"charger_access_deficit":0.2851,"transport_disruption":0.7947},"geometry":{"type":"Polygon","coordinates":[[[55.1521,25.0586],[55.1538,25.0544],[55.1589,25.0532],[55.1622,25.0564],[55.1605,25.0607],[55.1554,25.0618],[55.1521,25.0586]]]}},{"type":"Feature","properties":{"h3_index":"8843a13039fffff","h3_resolution":8,"center_lat":25.06832,"center_lng":55.14343,"risk_score":0.2752,"risk_class":"low","flood_exposure":0.4398,"charger_access_deficit":0.1959,"transport_disruption":0.7986},"geometry":{"type":"Polygon","coordinates":[[[55.1383,25.0694],[55.1401,25.0652],[55.1452,25.064],[55.1485,25.0672],[55.1468,25.0715],[55.1417,25.0726],[55.1383,25.0694]]]}},{"type":"Feature","properties":{"h3_index":"8843a1303bfffff","h3_resolution":8,"center_lat":25.07036,"center_lng":55.15186,"risk_score":0.306,"risk_class":"low","flood_exposure":0.4579,"charger_access_deficit":0.1965,"transport_disruption":0.7817},"geometry":{"type":"Polygon","coordinates":[[[55.1468,25.0715],[55.1485,25.0672],[55.1536,25.0661],[55.157,25.0692],[55.1552,25.0735],[55.1501,25.0746],[55.1468,25.0715]]]}},{"type":"Feature","properties":{"h3_index":"8843a1303dfffff","h3_resolution":8,"center_lat":25.06088,"center_lng":55.14187,"risk_score":0.33,"risk_class":"low","flood_exposure":0.4779,"charger_access_deficit":0.2373,"transport_disruption":0.8029},"geometry":{"type":"Polygon","coordinates":[[[55.1368,25.062],[55.1385,25.0577],[55.1436,25.0566],[55.147,25.0598],[55.1452,25.064],[55.1401,25.0652],[55.1368,25.062]]]}},{"type":"Feature","properties":{"h3_index":"8843a13041fffff","h3_resolution":8,"center_lat":25.08044,"center_lng":55.106,"risk_score":0.1938,"risk_class":"low","flood_exposure":0.2215,"charger_access_deficit":0.3181,"transport_disruption":0.8018},"geometry":{"type":"Polygon","coordinates":[[[55.1009,25.0816],[55.1027,25.0773],[55.1078,25.0762],[55.1111,25.0793],[55.1093,25.0836],[55.1042,25.0847],[55.1009,25.0816]]]}},{"type":"Feature","properties":{"h3_index":"8843a13043fffff","h3_resolution":8,"center_lat":25.08248,"center_lng":55.11442,"risk_score":0.2016,"risk_class":"low","flood_exposure":0.2465,"charger_access_deficit":0.2614,"transport_disruption":0.8141},"geometry":{"type":"Polygon","coordinates":[[[55.1093,25.0836],[55.1111,25.0793],[55.1162,25.0782],[55.1195,25.0814],[55.1178,25.0856],[55.1127,25.0868],[55.1093,25.0836]]]}},{"type":"Feature","properties":{"h3_index":"8843a13045fffff","h3_resolution":8,"center_lat":25.07299,"center_lng":55.10444,"risk_score":0.2469,"risk_class":"low","flood_exposure":0.254,"charger_access_deficit":0.3367,"transport_disruption":0.7999},"geometry":{"type":"Polygon","coordinates":[[[55.0993,25.0741],[55.1011,25.0698],[55.1062,25.0687],[55.1095,25.0719],[55.1078,25.0762],[55.1027,25.0773],[55.0993,25.0741]]]}},{"type":"Feature","properties":{"h3_index":"8843a13047fffff","h3_resolution":8,"center_lat":25.07504,"center_lng":55.11286,"risk_score":0.2208,"risk_class":"low","flood_exposure":0.2804,"charger_access_deficit":0.2769,"transport_disruption":0.8131},"geometry":{"type":"Polygon","coordinates":[[[55.1078,25.0762],[55.1095,25.0719],[55.1146,25.0708],[55.118,25.0739],[55.1162,25.0782],[55.1111,25.0793],[55.1078,25.0762]]]}},{"type":"Feature","properties":{"h3_index":"8843a13049fffff","h3_resolution":8,"center_lat":25.08584,"center_lng":55.09914,"risk_score":0.1727,"risk_class":"low","flood_exposure":0.1655,"charger_access_deficit":0.3714,"transport_disruption":0.794},"geometry":{"type":"Polygon","coordinates":[[[55.094,25.087],[55.0958,25.0827],[55.1009,25.0816],[55.1042,25.0847],[55.1025,25.089],[55.0974,25.0901],[55.094,25.087]]]}},{"type":"Feature","properties":{"h3_index":"8843a1304bfffff","h3_resolution":8,"center_lat":25.08788,"center_lng":55.10756,"risk_score":0.179,"risk_class":"low","flood_exposure":0.1899,"charger_access_deficit":0.3124,"transport_disruption":0.8016},"geometry":{"type":"Polygon","coordinates":[[[55.1025,25.089],[55.1042,25.0847],[55.1093,25.0836],[55.1127,25.0868],[55.1109,25.091],[55.1058,25.0922],[55.1025,25.089]]]}},{"type":"Feature","properties":{"h3_index":"8843a1304dfffff","h3_resolution":8,"center_lat":25.07839,"center_lng":55.09758,"risk_score":0.2096,"risk_class":"low","flood_exposure":0.1955,"charger_access_deficit":0.3809,"transport_disruption":0.7938},"geometry":{"type":"Polygon","coordinates":[[[55.0925,25.0795],[55.0943,25.0752],[55.0993,25.0741],[55.1027,25.0773],[55.1009,25.0816],[55.0958,25.0827],[55.0925,25.0795]]]}},{"type":"Feature","properties":{"h3_index":"8843a13051fffff","h3_resolution":8,"center_lat":25.09197,"center_lng":55.12441,"risk_score":0.1436,"risk_class":"low","flood_exposure":0.2423,"charger_access_deficit":0.2185,"transport_disruption":0.8218},"geometry":{"type":"Polygon","coordinates":[[[55.1193,25.0931],[55.1211,25.0888],[55.1262,25.0877],[55.1295,25.0908],[55.1277,25.0951],[55.1226,25.0963],[55.1193,25.0931]]]}},{"type":"Feature","properties":{"h3_index":"8843a13053fffff","h3_resolution":8,"center_lat":25.09401,"center_lng":55.13283,"risk_score":0.1502,"risk_class":"low","flood_exposure":0.2728,"charger_access_deficit":0.1897,"transport_disruption":0.8187},"geometry":{"type":"Polygon","coordinates":[[[55.1277,25.0951],[55.1295,25.0908],[55.1346,25.0897],[55.1379,25.0929],[55.1362,25.0972],[55.1311,25.0983],[55.1277,25.0951]]]}},{"type":"Feature","properties":{"h3_index":"8843a13055fffff","h3_resolution":8,"center_lat":25.08452,"center_lng":55.12285,"risk_score":0.1792,"risk_class":"low","flood_exposure":0.2713,"charger_access_deficit":0.214,"transport_disruption":0.8226},"geometry":{"type":"Polygon","coordinates":[[[55.1178,25.0856],[55.1195,25.0814],[55.1246,25.0802],[55.1279,25.0834],[55.1262,25.0877],[55.1211,25.0888],[55.1178,25.0856]]]}},{"type":"Feature","properties":{"h3_index":"8843a13057fffff","h3_resolution":8,"center_lat":25.08657,"center_lng":55.13127,"risk_score":0.1426,"risk_class":"low","flood_exposure":0.2973,"charger_access_deficit":0.1796,"transport_disruption":0.8202},"geometry":{"type":"Polygon","coordinates":[[[55.1262,25.0877],[55.1279,25.0834],[55.133,25.0823],[55.1364,25.0854],[55.1346,25.0897],[55.1295,25.0908],[55.1262,25.0877]]]}},{"type":"Feature","properties":{"h3_index":"8843a13059fffff","h3_resolution":8,"center_lat":25.09737,"center_lng":55.11754,"risk_score":0.1537,"risk_class":"low","flood_exposure":0.1884,"charger_access_deficit":0.2734,"transport_disruption":0.8131},"geometry":{"type":"Polygon","coordinates":[[[55.1124,25.0985],[55.1142,25.0942],[55.1193,25.0931],[55.1226,25.0963],[55.1209,25.1005],[55.1158,25.1017],[55.1124,25.0985]]]}},{"type":"Feature","properties":{"h3_index":"8843a1305bfffff","h3_resolution":8,"center_lat":25.09941,"center_lng":55.12597,"risk_score":0.1539,"risk_class":"low","flood_exposure":0.2195,"charger_access_deficit":0.2375,"transport_disruption":0.8212},"geometry":{"type":"Polygon","coordinates":[[[55.1209,25.1005],[55.1226,25.0963],[55.1277,25.0951],[55.1311,25.0983],[55.1293,25.1026],[55.1242,25.1037],[55.1209,25.1005]]]}},{"type":"Feature","properties":{"h3_index":"8843a1305dfffff","h3_resolution":8,"center_lat":25.08992,"center_lng":55.11598,"risk_score":0.1525,"risk_class":"low","flood_exposure":0.2151,"charger_access_deficit":0.2603,"transport_disruption":0.8137},"geometry":{"type":"Polygon","coordinates":[[[55.1109,25.091],[55.1127,25.0868],[55.1178,25.0856],[55.1211,25.0888],[55.1193,25.0931],[55.1142,25.0942],[55.1109,25.091]]]}},{"type":"Feature","properties":{"h3_index":"8843a13061fffff","h3_resolution":8,"center_lat":25.06015,"center_lng":55.10974,"risk_score":0.3248,"risk_class":"low","flood_exposure":0.3463,"charger_access_deficit":0.3455,"transport_disruption":0.7971},"geometry":{"type":"Polygon","coordinates":[[[55.1046,25.0613],[55.1064,25.057],[55.1115,25.0559],[55.1148,25.059],[55.1131,25.0633],[55.108,25.0644],[55.1046,25.0613]]]}},{"type":"Feature","properties":{"h3_index":"8843a13063fffff","h3_resolution":8,"center_lat":25.0622,"center_lng":55.11816,"risk_score":0.3102,"risk_class":"low","flood_exposure":0.375,"charger_access_deficit":0.2904,"transport_disruption":0.813},"geometry":{"type":"Polygon","coordinates":[[[55.1131,25.0633],[55.1148,25.059],[55.1199,25.0579],[55.1233,25.0611],[55.1215,25.0654],[55.1164,25.0665],[55.1131,25.0633]]]}},{"type":"Feature","properties":{"h3_index":"8843a13065fffff","h3_resolution":8,"center_lat":25.05271,"center_lng":55.10818,"risk_score":0.3482,"risk_class":"low","flood_exposure":0.3749,"charger_access_deficit":0.3942,"transport_disruption":0.7753},"geometry":{"type":"Polygon","coordinates":[[[55.1031,25.0538],[55.1049,25.0496],[55.1099,25.0484],[55.1133,25.0516],[55.1115,25.0559],[55.1064,25.057],[55.1031,25.0538]]]}},{"type":"Feature","properties":{"h3_index":"8843a13067fffff","h3_resolution":8,"center_lat":25.05475,"center_lng":55.1166,"risk_score":0.3437,"risk_class":"low","flood_exposure":0.4073,"charger_access_deficit":0.3391,"transport_disruption":0.7976},"geometry":{"type":"Polygon","coordinates":[[[55.1115,25.0559],[55.1133,25.0516],[55.1184,25.0505],[55.1217,25.0536],[55.1199,25.0579],[55.1148,25.059],[55.1115,25.0559]]]}},{"type":"Feature","properties":{"h3_index":"8843a13069fffff","h3_resolution":8,"center_lat":25.06555,"center_lng":55.10288,"risk_score":0.2866,"risk_class":"low","flood_exposure":0.2853,"charger_access_deficit":0.3671,"transport_disruption":0.7929},"geometry":{"type":"Polygon","coordinates":[[[55.0978,25.0667],[55.0996,25.0624],[55.1046,25.0613],[55.108,25.0644],[55.1062,25.0687],[55.1011,25.0698],[55.0978,25.0667]]]}},{"type":"Feature","properties":{"h3_index":"8843a1306bfffff","h3_resolution":8,"center_lat":25.06759,"center_lng":55.1113,"risk_score":0.2432,"risk_class":"low","flood_exposure":0.3144,"charger_access_deficit":0.3056,"transport_disruption":0.8086},"geometry":{"type":"Polygon","coordinates":[[[55.1062,25.0687],[55.108,25.0644],[55.1131,25.0633],[55.1164,25.0665],[55.1146,25.0708],[55.1095,25.0719],[55.1062,25.0687]]]}},{"type":"Feature","properties":{"h3_index":"8843a1306dfffff","h3_resolution":8,"center_lat":25.05811,"center_lng":55.10132,"risk_score":0.3149,"risk_class":"low","flood_exposure":0.3138,"charger_access_deficit":0.4073,"transport_disruption":0.7773},"geometry":{"type":"Polygon","coordinates":[[[55.0962,25.0592],[55.098,25.0549],[55.1031,25.0538],[55.1064,25.057],[55.1046,25.0613],[55.0996,25.0624],[55.0962,25.0592]]]}},{"type":"Feature","properties":{"h3_index":"8843a13081fffff","h3_resolution":8,"center_lat":25.08597,"center_lng":55.18714,"risk_score":0.4142,"risk_class":"moderate","flood_exposure":0.5715,"charger_access_deficit":0.2647,"transport_disruption":0.783},"geometry":{"type":"Polygon","coordinates":[[[55.182,25.0871],[55.1838,25.0828],[55.1889,25.0817],[55.1922,25.0848],[55.1905,25.0891],[55.1854,25.0903],[55.182,25.0871]]]}},{"type":"Feature","properties":{"h3_index":"8843a13083fffff","h3_resolution":8,"center_lat":25.08801,"center_lng":55.19557,"risk_score":0.4776,"risk_class":"moderate","flood_exposure":0.6204,"charger_access_deficit":0.2802,"transport_disruption":0.7993},"geometry":{"type":"Polygon","coordinates":[[[55.1905,25.0891],[55.1922,25.0848],[55.1973,25.0837],[55.2007,25.0869],[55.1989,25.0912],[55.1938,25.0923],[55.1905,25.0891]]]}},{"type":"Feature","properties":{"h3_index":"8843a13085fffff","h3_resolution":8,"center_lat":25.07852,"center_lng":55.18557,"risk_score":0.445,"risk_class":"moderate","flood_exposure":0.5642,"charger_access_deficit":0.2961,"transport_disruption":0.7934},"geometry":{"type":"Polygon","coordinates":[[[55.1805,25.0796],[55.1822,25.0754],[55.1873,25.0742],[55.1907,25.0774],[55.1889,25.0817],[55.1838,25.0828],[55.1805,25.0796]]]}},{"type":"Feature","properties":{"h3_index":"8843a13087fffff","h3_resolution":8,"center_lat":25.08056,"center_lng":55.194,"risk_score":0.4937,"risk_class":"moderate","flood_exposure":0.6056,"charger_access_deficit":0.3191,"transport_disruption":0.8048},"geometry":{"type":"Polygon","coordinates":[[[55.1889,25.0817],[55.1907,25.0774],[55.1958,25.0763],[55.1991,25.0794],[55.1973,25.0837],[55.1922,25.0848],[55.1889,25.0817]]]}},{"type":"Feature","properties":{"h3_index":"8843a13089fffff","h3_resolution":8,"center_lat":25.09137,"center_lng":55.18028,"risk_score":0.3678,"risk_class":"moderate","flood_exposure":0.532,"charger_access_deficit":0.222,"transport_disruption":0.7513},"geometry":{"type":"Polygon","coordinates":[[[55.1752,25.0925],[55.1769,25.0882],[55.182,25.0871],[55.1854,25.0903],[55.1836,25.0945],[55.1785,25.0957],[55.1752,25.0925]]]}},{"type":"Feature","properties":{"h3_index":"8843a1308bfffff","h3_resolution":8,"center_lat":25.09341,"center_lng":55.18871,"risk_score":0.4097,"risk_class":"moderate","flood_exposure":0.5824,"charger_access_deficit":0.235,"transport_disruption":0.7704},"geometry":{"type":"Polygon","coordinates":[[[55.1836,25.0945],[55.1854,25.0903],[55.1905,25.0891],[55.1938,25.0923],[55.192,25.0966],[55.1869,25.0977],[55.1836,25.0945]]]}},{"type":"Feature","properties":{"h3_index":"8843a1308dfffff","h3_resolution":8,"center_lat":25.08393,"center_lng":55.17871,"risk_score":0.3636,"risk_class":"moderate","flood_exposure":0.5271,"charger_access_deficit":0.2428,"transport_disruption":0.7661},"geometry":{"type":"Polygon","coordinates":[[[55.1736,25.085],[55.1754,25.0808],[55.1805,25.0796],[55.1838,25.0828],[55.182,25.0871],[55.1769,25.0882],[55.1736,25.085]]]}},{"type":"Feature","properties":{"h3_index":"8843a13091fffff","h3_resolution":8,"center_lat":25.09749,"center_lng":55.20557,"risk_score":0.4954,"risk_class":"moderate","flood_exposure":0.6886,"charger_access_deficit":0.2526,"transport_disruption":0.805},"geometry":{"type":"Polygon","coordinates":[[[55.2005,25.0986],[55.2022,25.0943],[55.2073,25.0932],[55.2107,25.0964],[55.2089,25.1007],[55.2038,25.1018],[55.2005,25.0986]]]}},{"type":"Feature","properties":{"h3_index":"8843a13093fffff","h3_resolution":8,"center_lat":25.09953,"center_lng":55.21401,"risk_score":0.5711,"risk_class":"moderate","flood_exposure":0.7394,"charger_access_deficit":0.2675,"transport_disruption":0.806},"geometry":{"type":"Polygon","coordinates":[[[55.2089,25.1007],[55.2107,25.0964],[55.2158,25.0952],[55.2191,25.0984],[55.2173,25.1027],[55.2122,25.1038],[55.2089,25.1007]]]}},{"type":"Feature","properties":{"h3_index":"8843a13095fffff","h3_resolution":8,"center_lat":25.09005,"center_lng":55.204,"risk_score":0.5344,"risk_class":"moderate","flood_exposure":0.6722,"charger_access_deficit":0.2924,"transport_disruption":0.8075},"geometry":{"type":"Polygon","coordinates":[[[55.1989,25.0912],[55.2007,25.0869],[55.2058,25.0858],[55.2091,25.0889],[55.2073,25.0932],[55.2022,25.0943],[55.1989,25.0912]]]}},{"type":"Feature","properties":{"h3_index":"8843a13097fffff","h3_resolution":8,"center_lat":25.09209,"center_lng":55.21243,"risk_score":0.5936,"risk_class":"moderate","flood_exposure":0.7241,"charger_access_deficit":0.3064,"transport_disruption":0.8011},"geometry":{"type":"Polygon","coordinates":[[[55.2073,25.0932],[55.2091,25.0889],[55.2142,25.0878],[55.2175,25.091],[55.2158,25.0952],[55.2107,25.0964],[55.2073,25.0932]]]}},{"type":"Feature","properties":{"h3_index":"8843a13099fffff","h3_resolution":8,"center_lat":25.1029,"center_lng":55.19871,"risk_score":0.4329,"risk_class":"moderate","flood_exposure":0.6456,"charger_access_deficit":0.2121,"transport_disruption":0.7799},"geometry":{"type":"Polygon","coordinates":[[[55.1936,25.104],[55.1954,25.0997],[55.2005,25.0986],[55.2038,25.1018],[55.202,25.1061],[55.1969,25.1072],[55.1936,25.104]]]}},{"type":"Feature","properties":{"h3_index":"8843a1309bfffff","h3_resolution":8,"center_lat":25.10494,"center_lng":55.20714,"risk_score":0.4954,"risk_class":"moderate","flood_exposure":0.697,"charger_access_deficit":0.2206,"transport_disruption":0.7994},"geometry":{"type":"Polygon","coordinates":[[[55.202,25.1061],[55.2038,25.1018],[55.2089,25.1007],[55.2122,25.1038],[55.2105,25.1081],[55.2054,25.1092],[55.202,25.1061]]]}},{"type":"Feature","properties":{"h3_index":"8843a1309dfffff","h3_resolution":8,"center_lat":25.09545,"center_lng":55.19714,"risk_score":0.4595,"risk_class":"moderate","flood_exposure":0.6353,"charger_access_deficit":0.2435,"transport_disruption":0.7909},"geometry":{"type":"Polygon","coordinates":[[[55.192,25.0966],[55.1938,25.0923],[55.1989,25.0912],[55.2022,25.0943],[55.2005,25.0986],[55.1954,25.0997],[55.192,25.0966]]]}},{"type":"Feature","properties":{"h3_index":"8843a130a1fffff","h3_resolution":8,"center_lat":25.06568,"center_lng":55.19086,"risk_score":0.5377,"risk_class":"moderate","flood_exposure":0.5959,"charger_access_deficit":0.397,"transport_disruption":0.8075},"geometry":{"type":"Polygon","coordinates":[[[55.1858,25.0668],[55.1875,25.0625],[55.1926,25.0614],[55.196,25.0646],[55.1942,25.0688],[55.1891,25.07],[55.1858,25.0668]]]}},{"type":"Feature","properties":{"h3_index":"8843a130a3fffff","h3_resolution":8,"center_lat":25.06771,"center_lng":55.19929,"risk_score":0.5717,"risk_class":"moderate","flood_exposure":0.6208,"charger_access_deficit":0.4248,"transport_disruption":0.7952},"geometry":{"type":"Polygon","coordinates":[[[55.1942,25.0688],[55.196,25.0646],[55.201,25.0634],[55.2044,25.0666],[55.2026,25.0709],[55.1975,25.072],[55.1942,25.0688]]]}},{"type":"Feature","properties":{"h3_index":"8843a130a5fffff","h3_resolution":8,"center_lat":25.05823,"center_lng":55.18929,"risk_score":0.5504,"risk_class":"moderate","flood_exposure":0.6093,"charger_access_deficit":0.4365,"transport_disruption":0.8044},"geometry":{"type":"Polygon","coordinates":[[[55.1842,25.0594],[55.186,25.0551],[55.191,25.054],[55.1944,25.0571],[55.1926,25.0614],[55.1875,25.0625],[55.1842,25.0594]]]}},{"type":"Feature","properties":{"h3_index":"8843a130a7fffff","h3_resolution":8,"center_lat":25.06027,"center_lng":55.19771,"risk_score":0.6067,"risk_class":"moderate","flood_exposure":0.62,"charger_access_deficit":0.4674,"transport_disruption":0.785},"geometry":{"type":"Polygon","coordinates":[[[55.1926,25.0614],[55.1944,25.0571],[55.1995,25.056],[55.2028,25.0591],[55.201,25.0634],[55.196,25.0646],[55.1926,25.0614]]]}},{"type":"Feature","properties":{"h3_index":"8843a130a9fffff","h3_resolution":8,"center_lat":25.07108,"center_lng":55.184,"risk_score":0.4772,"risk_class":"moderate","flood_exposure":0.5652,"charger_access_deficit":0.3293,"transport_disruption":0.8019},"geometry":{"type":"Polygon","coordinates":[[[55.1789,25.0722],[55.1807,25.0679],[55.1858,25.0668],[55.1891,25.07],[55.1873,25.0742],[55.1822,25.0754],[55.1789,25.0722]]]}},{"type":"Feature","properties":{"h3_index":"8843a130abfffff","h3_resolution":8,"center_lat":25.07312,"center_lng":55.19243,"risk_score":0.5283,"risk_class":"moderate","flood_exposure":0.5958,"charger_access_deficit":0.3581,"transport_disruption":0.8075},"geometry":{"type":"Polygon","coordinates":[[[55.1873,25.0742],[55.1891,25.07],[55.1942,25.0688],[55.1975,25.072],[55.1958,25.0763],[55.1907,25.0774],[55.1873,25.0742]]]}},{"type":"Feature","properties":{"h3_index":"8843a130adfffff","h3_resolution":8,"center_lat":25.06364,"center_lng":55.18243,"risk_score":0.535,"risk_class":"moderate","flood_exposure":0.5781,"charger_access_deficit":0.3652,"transport_disruption":0.8078},"geometry":{"type":"Polygon","coordinates":[[[55.1773,25.0648],[55.1791,25.0605],[55.1842,25.0594],[55.1875,25.0625],[55.1858,25.0668],[55.1807,25.0679],[55.1773,25.0648]]]}},{"type":"Feature","properties":{"h3_index":"8843a130b1fffff","h3_resolution":8,"center_lat":25.0772,"center_lng":55.20929,"risk_score":0.5865,"risk_class":"moderate","flood_exposure":0.6751,"charger_access_deficit":0.3993,"transport_disruption":0.7819},"geometry":{"type":"Polygon","coordinates":[[[55.2042,25.0783],[55.206,25.074],[55.211,25.0729],[55.2144,25.0761],[55.2126,25.0804],[55.2075,25.0815],[55.2042,25.0783]]]}},{"type":"Feature","properties":{"h3_index":"8843a130b3fffff","h3_resolution":8,"center_lat":25.07924,"center_lng":55.21772,"risk_score":0.6217,"risk_class":"moderate","flood_exposure":0.7197,"charger_access_deficit":0.4168,"transport_disruption":0.7449},"geometry":{"type":"Polygon","coordinates":[[[55.2126,25.0804],[55.2144,25.0761],[55.2195,25.075],[55.2228,25.0781],[55.2211,25.0824],[55.216,25.0835],[55.2126,25.0804]]]}},{"type":"Feature","properties":{"h3_index":"8843a130b5fffff","h3_resolution":8,"center_lat":25.06975,"center_lng":55.20772,"risk_score":0.6,"risk_class":"moderate","flood_exposure":0.6523,"charger_access_deficit":0.4473,"transport_disruption":0.7676},"geometry":{"type":"Polygon","coordinates":[[[55.2026,25.0709],[55.2044,25.0666],[55.2095,25.0655],[55.2128,25.0686],[55.211,25.0729],[55.206,25.074],[55.2026,25.0709]]]}},{"type":"Feature","properties":{"h3_index":"8843a130b7fffff","h3_resolution":8,"center_lat":25.07179,"center_lng":55.21615,"risk_score":0.6506,"risk_class":"high","flood_exposure":0.6886,"charger_access_deficit":0.4664,"transport_disruption":0.7246},"geometry":{"type":"Polygon","coordinates":[[[55.211,25.0729],[55.2128,25.0686],[55.2179,25.0675],[55.2212,25.0707],[55.2195,25.075],[55.2144,25.0761],[55.211,25.0729]]]}},{"type":"Feature","properties":{"h3_index":"8843a130b9fffff","h3_resolution":8,"center_lat":25.0826,"center_lng":55.20243,"risk_score":0.5167,"risk_class":"moderate","flood_exposure":0.6519,"charger_access_deficit":0.3363,"transport_disruption":0.8066},"geometry":{"type":"Polygon","coordinates":[[[55.1973,25.0837],[55.1991,25.0794],[55.2042,25.0783],[55.2075,25.0815],[55.2058,25.0858],[55.2007,25.0869],[55.1973,25.0837]]]}},{"type":"Feature","properties":{"h3_index":"8843a130bbfffff","h3_resolution":8,"center_lat":25.08464,"center_lng":55.21086,"risk_score":0.5896,"risk_class":"moderate","flood_exposure":0.701,"charger_access_deficit":0.3515,"transport_disruption":0.7932},"geometry":{"type":"Polygon","coordinates":[[[55.2058,25.0858],[55.2075,25.0815],[55.2126,25.0804],[55.216,25.0835],[55.2142,25.0878],[55.2091,25.0889],[55.2058,25.0858]]]}},{"type":"Feature","properties":{"h3_index":"8843a130bdfffff","h3_resolution":8,"center_lat":25.07516,"center_lng":55.20086,"risk_score":0.534,"risk_class":"moderate","flood_exposure":0.633,"charger_access_deficit":0.381,"transport_disruption":0.8023},"geometry":{"type":"Polygon","coordinates":[[[55.1958,25.0763],[55.1975,25.072],[55.2026,25.0709],[55.206,25.074],[55.2042,25.0783],[55.1991,25.0794],[55.1958,25.0763]]]}},{"type":"Feature","properties":{"h3_index":"8843a130c1fffff","h3_resolution":8,"center_lat":25.09474,"center_lng":55.16498,"risk_score":0.2122,"risk_class":"low","flood_exposure":0.4404,"charger_access_deficit":0.181,"transport_disruption":0.7317},"geometry":{"type":"Polygon","coordinates":[[[55.1599,25.0959],[55.1617,25.0916],[55.1667,25.0905],[55.1701,25.0936],[55.1683,25.0979],[55.1632,25.099],[55.1599,25.0959]]]}},{"type":"Feature","properties":{"h3_index":"8843a130c3fffff","h3_resolution":8,"center_lat":25.09678,"center_lng":55.17341,"risk_score":0.2638,"risk_class":"low","flood_exposure":0.4881,"charger_access_deficit":0.1956,"transport_disruption":0.7258},"geometry":{"type":"Polygon","coordinates":[[[55.1683,25.0979],[55.1701,25.0936],[55.1752,25.0925],[55.1785,25.0957],[55.1767,25.0999],[55.1716,25.1011],[55.1683,25.0979]]]}},{"type":"Feature","properties":{"h3_index":"8843a130c5fffff","h3_resolution":8,"center_lat":25.08729,"center_lng":55.16342,"risk_score":0.2366,"risk_class":"low","flood_exposure":0.4441,"charger_access_deficit":0.1811,"transport_disruption":0.7445},"geometry":{"type":"Polygon","coordinates":[[[55.1583,25.0884],[55.1601,25.0841],[55.1652,25.083],[55.1685,25.0862],[55.1667,25.0905],[55.1617,25.0916],[55.1583,25.0884]]]}},{"type":"Feature","properties":{"h3_index":"8843a130c7fffff","h3_resolution":8,"center_lat":25.08933,"center_lng":55.17184,"risk_score":0.3149,"risk_class":"low","flood_exposure":0.4855,"charger_access_deficit":0.2028,"transport_disruption":0.741},"geometry":{"type":"Polygon","coordinates":[[[55.1667,25.0905],[55.1685,25.0862],[55.1736,25.085],[55.1769,25.0882],[55.1752,25.0925],[55.1701,25.0936],[55.1667,25.0905]]]}},{"type":"Feature","properties":{"h3_index":"8843a130c9fffff","h3_resolution":8,"center_lat":25.10014,"center_lng":55.15812,"risk_score":0.2029,"risk_class":"low","flood_exposure":0.3925,"charger_access_deficit":0.1799,"transport_disruption":0.7427},"geometry":{"type":"Polygon","coordinates":[[[55.153,25.1013],[55.1548,25.097],[55.1599,25.0959],[55.1632,25.099],[55.1615,25.1033],[55.1564,25.1044],[55.153,25.1013]]]}},{"type":"Feature","properties":{"h3_index":"8843a130cbfffff","h3_resolution":8,"center_lat":25.10218,"center_lng":55.16655,"risk_score":0.2453,"risk_class":"low","flood_exposure":0.441,"charger_access_deficit":0.1884,"transport_disruption":0.7193},"geometry":{"type":"Polygon","coordinates":[[[55.1615,25.1033],[55.1632,25.099],[55.1683,25.0979],[55.1716,25.1011],[55.1699,25.1053],[55.1648,25.1065],[55.1615,25.1033]]]}},{"type":"Feature","properties":{"h3_index":"8843a130cdfffff","h3_resolution":8,"center_lat":25.09269,"center_lng":55.15655,"risk_score":0.1965,"risk_class":"low","flood_exposure":0.397,"charger_access_deficit":0.1659,"transport_disruption":0.7518},"geometry":{"type":"Polygon","coordinates":[[[55.1515,25.0938],[55.1532,25.0895],[55.1583,25.0884],[55.1617,25.0916],[55.1599,25.0959],[55.1548,25.097],[55.1515,25.0938]]]}},{"type":"Feature","properties":{"h3_index":"8843a130d1fffff","h3_resolution":8,"center_lat":25.10627,"center_lng":55.18341,"risk_score":0.3383,"risk_class":"low","flood_exposure":0.5451,"charger_access_deficit":0.1924,"transport_disruption":0.7185},"geometry":{"type":"Polygon","coordinates":[[[55.1783,25.1074],[55.1801,25.1031],[55.1852,25.102],[55.1885,25.1051],[55.1867,25.1094],[55.1816,25.1106],[55.1783,25.1074]]]}},{"type":"Feature","properties":{"h3_index":"8843a130d3fffff","h3_resolution":8,"center_lat":25.10831,"center_lng":55.19185,"risk_score":0.3608,"risk_class":"moderate","flood_exposure":0.5976,"charger_access_deficit":0.1892,"transport_disruption":0.7396},"geometry":{"type":"Polygon","coordinates":[[[55.1867,25.1094],[55.1885,25.1051],[55.1936,25.104],[55.1969,25.1072],[55.1952,25.1115],[55.1901,25.1126],[55.1867,25.1094]]]}},{"type":"Feature","properties":{"h3_index":"8843a130d5fffff","h3_resolution":8,"center_lat":25.09882,"center_lng":55.18184,"risk_score":0.3585,"risk_class":"moderate","flood_exposure":0.5393,"charger_access_deficit":0.205,"transport_disruption":0.7353},"geometry":{"type":"Polygon","coordinates":[[[55.1767,25.0999],[55.1785,25.0957],[55.1836,25.0945],[55.1869,25.0977],[55.1852,25.102],[55.1801,25.1031],[55.1767,25.0999]]]}},{"type":"Feature","properties":{"h3_index":"8843a130d7fffff","h3_resolution":8,"center_lat":25.10086,"center_lng":55.19028,"risk_score":0.3775,"risk_class":"moderate","flood_exposure":0.5924,"charger_access_deficit":0.2089,"transport_disruption":0.7559},"geometry":{"type":"Polygon","coordinates":[[[55.1852,25.102],[55.1869,25.0977],[55.192,25.0966],[55.1954,25.0997],[55.1936,25.104],[55.1885,25.1051],[55.1852,25.102]]]}},{"type":"Feature","properties":{"h3_index":"8843a130d9fffff","h3_resolution":8,"center_lat":25.11167,"center_lng":55.17655,"risk_score":0.2744,"risk_class":"low","flood_exposure":0.4946,"charger_access_deficit":0.1958,"transport_disruption":0.695},"geometry":{"type":"Polygon","coordinates":[[[55.1715,25.1128],[55.1732,25.1085],[55.1783,25.1074],[55.1816,25.1106],[55.1799,25.1148],[55.1748,25.116],[55.1715,25.1128]]]}},{"type":"Feature","properties":{"h3_index":"8843a130dbfffff","h3_resolution":8,"center_lat":25.11371,"center_lng":55.18498,"risk_score":0.322,"risk_class":"low","flood_exposure":0.5461,"charger_access_deficit":0.1867,"transport_disruption":0.7009},"geometry":{"type":"Polygon","coordinates":[[[55.1799,25.1148],[55.1816,25.1106],[55.1867,25.1094],[55.1901,25.1126],[55.1883,25.1169],[55.1832,25.118],[55.1799,25.1148]]]}},{"type":"Feature","properties":{"h3_index":"8843a130ddfffff","h3_resolution":8,"center_lat":25.10422,"center_lng":55.17498,"risk_score":0.2878,"risk_class":"low","flood_exposure":0.4923,"charger_access_deficit":0.1933,"transport_disruption":0.7104},"geometry":{"type":"Polygon","coordinates":[[[55.1699,25.1053],[55.1716,25.1011],[55.1767,25.0999],[55.1801,25.1031],[55.1783,25.1074],[55.1732,25.1085],[55.1699,25.1053]]]}},{"type":"Feature","properties":{"h3_index":"8843a130e1fffff","h3_resolution":8,"center_lat":25.07444,"center_lng":55.16871,"risk_score":0.3655,"risk_class":"moderate","flood_exposure":0.5003,"charger_access_deficit":0.2378,"transport_disruption":0.7704},"geometry":{"type":"Polygon","coordinates":[[[55.1636,25.0756],[55.1654,25.0713],[55.1705,25.0702],[55.1738,25.0733],[55.172,25.0776],[55.1669,25.0787],[55.1636,25.0756]]]}},{"type":"Feature","properties":{"h3_index":"8843a130e3fffff","h3_resolution":8,"center_lat":25.07648,"center_lng":55.17714,"risk_score":0.3929,"risk_class":"moderate","flood_exposure":0.529,"charger_access_deficit":0.2677,"transport_disruption":0.7797},"geometry":{"type":"Polygon","coordinates":[[[55.172,25.0776],[55.1738,25.0733],[55.1789,25.0722],[55.1822,25.0754],[55.1805,25.0796],[55.1754,25.0808],[55.172,25.0776]]]}},{"type":"Feature","properties":{"h3_index":"8843a130e5fffff","h3_resolution":8,"center_lat":25.067,"center_lng":55.16714,"risk_score":0.3714,"risk_class":"moderate","flood_exposure":0.5232,"charger_access_deficit":0.2671,"transport_disruption":0.7839},"geometry":{"type":"Polygon","coordinates":[[[55.162,25.0681],[55.1638,25.0638],[55.1689,25.0627],[55.1722,25.0659],[55.1705,25.0702],[55.1654,25.0713],[55.162,25.0681]]]}},{"type":"Feature","properties":{"h3_index":"8843a130e7fffff","h3_resolution":8,"center_lat":25.06904,"center_lng":55.17557,"risk_score":0.4175,"risk_class":"moderate","flood_exposure":0.5414,"charger_access_deficit":0.2975,"transport_disruption":0.7917},"geometry":{"type":"Polygon","coordinates":[[[55.1705,25.0702],[55.1722,25.0659],[55.1773,25.0648],[55.1807,25.0679],[55.1789,25.0722],[55.1738,25.0733],[55.1705,25.0702]]]}},{"type":"Feature","properties":{"h3_index":"8843a130e9fffff","h3_resolution":8,"center_lat":25.07985,"center_lng":55.16185,"risk_score":0.2684,"risk_class":"low","flood_exposure":0.4557,"charger_access_deficit":0.1912,"transport_disruption":0.7576},"geometry":{"type":"Polygon","coordinates":[[[55.1568,25.081],[55.1585,25.0767],[55.1636,25.0756],[55.1669,25.0787],[55.1652,25.083],[55.1601,25.0841],[55.1568,25.081]]]}},{"type":"Feature","properties":{"h3_index":"8843a130ebfffff","h3_resolution":8,"center_lat":25.08189,"center_lng":55.17028,"risk_score":0.3271,"risk_class":"low","flood_exposure":0.4883,"charger_access_deficit":0.2165,"transport_disruption":0.7559},"geometry":{"type":"Polygon","coordinates":[[[55.1652,25.083],[55.1669,25.0787],[55.172,25.0776],[55.1754,25.0808],[55.1736,25.085],[55.1685,25.0862],[55.1652,25.083]]]}},{"type":"Feature","properties":{"h3_index":"8843a130edfffff","h3_resolution":8,"center_lat":25.0724,"center_lng":55.16028,"risk_score":0.3169,"risk_class":"low","flood_exposure":0.4773,"charger_access_deficit":0.2121,"transport_disruption":0.7707},"geometry":{"type":"Polygon","coordinates":[[[55.1552,25.0735],[55.157,25.0692],[55.162,25.0681],[55.1654,25.0713],[55.1636,25.0756],[55.1585,25.0767],[55.1552,25.0735]]]}},{"type":"Feature","properties":{"h3_index":"8843a13101fffff","h3_resolution":8,"center_lat":25.0196,"center_lng":55.11722,"risk_score":0.5852,"risk_class":"moderate","flood_exposure":0.5482,"charger_access_deficit":0.6076,"transport_disruption":0.6607},"geometry":{"type":"Polygon","coordinates":[[[55.1121,25.0207],[55.1139,25.0164],[55.119,25.0153],[55.1223,25.0185],[55.1205,25.0228],[55.1155,25.0239],[55.1121,25.0207]]]}},{"type":"Feature","properties":{"h3_index":"8843a13103fffff","h3_resolution":8,"center_lat":25.02164,"center_lng":55.12564,"risk_score":0.6297,"risk_class":"moderate","flood_exposure":0.5944,"charger_access_deficit":0.571,"transport_disruption":0.714},"geometry":{"type":"Polygon","coordinates":[[[55.1205,25.0228],[55.1223,25.0185],[55.1274,25.0174],[55.1307,25.0205],[55.129,25.0248],[55.1239,25.0259],[55.1205,25.0228]]]}},{"type":"Feature","properties":{"h3_index":"8843a13105fffff","h3_resolution":8,"center_lat":25.01217,"center_lng":55.11566,"risk_score":0.6183,"risk_class":"moderate","flood_exposure":0.5525,"charger_access_deficit":0.6756,"transport_disruption":0.6349},"geometry":{"type":"Polygon","coordinates":[[[55.1106,25.0133],[55.1123,25.009],[55.1174,25.0079],[55.1208,25.011],[55.119,25.0153],[55.1139,25.0164],[55.1106,25.0133]]]}},{"type":"Feature","properties":{"h3_index":"8843a13107fffff","h3_resolution":8,"center_lat":25.0142,"center_lng":55.12408,"risk_score":0.6605,"risk_class":"high","flood_exposure":0.6027,"charger_access_deficit":0.6394,"transport_disruption":0.6947},"geometry":{"type":"Polygon","coordinates":[[[55.119,25.0153],[55.1208,25.011],[55.1258,25.0099],[55.1292,25.0131],[55.1274,25.0174],[55.1223,25.0185],[55.119,25.0153]]]}},{"type":"Feature","properties":{"h3_index":"8843a13109fffff","h3_resolution":8,"center_lat":25.025,"center_lng":55.11036,"risk_score":0.524,"risk_class":"moderate","flood_exposure":0.492,"charger_access_deficit":0.584,"transport_disruption":0.6429},"geometry":{"type":"Polygon","coordinates":[[[55.1053,25.0261],[55.107,25.0218],[55.1121,25.0207],[55.1155,25.0239],[55.1137,25.0282],[55.1086,25.0293],[55.1053,25.0261]]]}},{"type":"Feature","properties":{"h3_index":"8843a1310bfffff","h3_resolution":8,"center_lat":25.02704,"center_lng":55.11878,"risk_score":0.5677,"risk_class":"moderate","flood_exposure":0.5371,"charger_access_deficit":0.5402,"transport_disruption":0.6953},"geometry":{"type":"Polygon","coordinates":[[[55.1137,25.0282],[55.1155,25.0239],[55.1205,25.0228],[55.1239,25.0259],[55.1221,25.0302],[55.117,25.0313],[55.1137,25.0282]]]}},{"type":"Feature","properties":{"h3_index":"8843a1310dfffff","h3_resolution":8,"center_lat":25.01756,"center_lng":55.10881,"risk_score":0.554,"risk_class":"moderate","flood_exposure":0.4993,"charger_access_deficit":0.6503,"transport_disruption":0.6009},"geometry":{"type":"Polygon","coordinates":[[[55.1037,25.0187],[55.1055,25.0144],[55.1106,25.0133],[55.1139,25.0164],[55.1121,25.0207],[55.107,25.0218],[55.1037,25.0187]]]}},{"type":"Feature","properties":{"h3_index":"8843a13111fffff","h3_resolution":8,"center_lat":25.03112,"center_lng":55.13562,"risk_score":0.5875,"risk_class":"moderate","flood_exposure":0.6154,"charger_access_deficit":0.4749,"transport_disruption":0.7728},"geometry":{"type":"Polygon","coordinates":[[[55.1305,25.0322],[55.1323,25.028],[55.1374,25.0268],[55.1407,25.03],[55.1389,25.0343],[55.1339,25.0354],[55.1305,25.0322]]]}},{"type":"Feature","properties":{"h3_index":"8843a13113fffff","h3_resolution":8,"center_lat":25.03316,"center_lng":55.14404,"risk_score":0.5976,"risk_class":"moderate","flood_exposure":0.6462,"charger_access_deficit":0.4563,"transport_disruption":0.7956},"geometry":{"type":"Polygon","coordinates":[[[55.1389,25.0343],[55.1407,25.03],[55.1458,25.0289],[55.1491,25.032],[55.1474,25.0363],[55.1423,25.0374],[55.1389,25.0343]]]}},{"type":"Feature","properties":{"h3_index":"8843a13115fffff","h3_resolution":8,"center_lat":25.02368,"center_lng":55.13406,"risk_score":0.6563,"risk_class":"high","flood_exposure":0.6366,"charger_access_deficit":0.5419,"transport_disruption":0.7572},"geometry":{"type":"Polygon","coordinates":[[[55.129,25.0248],[55.1307,25.0205],[55.1358,25.0194],[55.1391,25.0226],[55.1374,25.0268],[55.1323,25.028],[55.129,25.0248]]]}},{"type":"Feature","properties":{"h3_index":"8843a13117fffff","h3_resolution":8,"center_lat":25.02572,"center_lng":55.14247,"risk_score":0.6653,"risk_class":"high","flood_exposure":0.6734,"charger_access_deficit":0.5214,"transport_disruption":0.7886},"geometry":{"type":"Polygon","coordinates":[[[55.1374,25.0268],[55.1391,25.0226],[55.1442,25.0214],[55.1476,25.0246],[55.1458,25.0289],[55.1407,25.03],[55.1374,25.0268]]]}},{"type":"Feature","properties":{"h3_index":"8843a13119fffff","h3_resolution":8,"center_lat":25.03652,"center_lng":55.12876,"risk_score":0.524,"risk_class":"moderate","flood_exposure":0.5562,"charger_access_deficit":0.437,"transport_disruption":0.7659},"geometry":{"type":"Polygon","coordinates":[[[55.1237,25.0376],[55.1254,25.0334],[55.1305,25.0322],[55.1339,25.0354],[55.1321,25.0397],[55.127,25.0408],[55.1237,25.0376]]]}},{"type":"Feature","properties":{"h3_index":"8843a1311bfffff","h3_resolution":8,"center_lat":25.03856,"center_lng":55.13718,"risk_score":0.5072,"risk_class":"moderate","flood_exposure":0.5876,"charger_access_deficit":0.4095,"transport_disruption":0.7878},"geometry":{"type":"Polygon","coordinates":[[[55.1321,25.0397],[55.1339,25.0354],[55.1389,25.0343],[55.1423,25.0374],[55.1405,25.0417],[55.1354,25.0428],[55.1321,25.0397]]]}},{"type":"Feature","properties":{"h3_index":"8843a1311dfffff","h3_resolution":8,"center_lat":25.02908,"center_lng":55.1272,"risk_score":0.585,"risk_class":"moderate","flood_exposure":0.5786,"charger_access_deficit":0.5034,"transport_disruption":0.7396},"geometry":{"type":"Polygon","coordinates":[[[55.1221,25.0302],[55.1239,25.0259],[55.129,25.0248],[55.1323,25.028],[55.1305,25.0322],[55.1254,25.0334],[55.1221,25.0302]]]}},{"type":"Feature","properties":{"h3_index":"8843a13121fffff","h3_resolution":8,"center_lat":24.99933,"center_lng":55.12096,"risk_score":0.7252,"risk_class":"high","flood_exposure":0.5957,"charger_access_deficit":0.7746,"transport_disruption":0.6853},"geometry":{"type":"Polygon","coordinates":[[[55.1159,25.0005],[55.1176,24.9962],[55.1227,24.9951],[55.126,24.9982],[55.1243,25.0025],[55.1192,25.0036],[55.1159,25.0005]]]}},{"type":"Feature","properties":{"h3_index":"8843a13123fffff","h3_resolution":8,"center_lat":25.00137,"center_lng":55.12937,"risk_score":0.7752,"risk_class":"high","flood_exposure":0.65,"charger_access_deficit":0.7459,"transport_disruption":0.7386},"geometry":{"type":"Polygon","coordinates":[[[55.1243,25.0025],[55.126,24.9982],[55.1311,24.9971],[55.1345,25.0003],[55.1327,25.0045],[55.1276,25.0056],[55.1243,25.0025]]]}},{"type":"Feature","properties":{"h3_index":"8843a13125fffff","h3_resolution":8,"center_lat":24.9919,"center_lng":55.1194,"risk_score":0.7917,"risk_class":"high","flood_exposure":0.5809,"charger_access_deficit":0.8367,"transport_disruption":0.6948},"geometry":{"type":"Polygon","coordinates":[[[55.1143,24.993],[55.1161,24.9887],[55.1212,24.9876],[55.1245,24.9908],[55.1227,24.9951],[55.1176,24.9962],[55.1143,24.993]]]}},{"type":"Feature","properties":{"h3_index":"8843a13127fffff","h3_resolution":8,"center_lat":24.99394,"center_lng":55.12781,"risk_score":0.8033,"risk_class":"high","flood_exposure":0.6369,"charger_access_deficit":0.8103,"transport_disruption":0.7458},"geometry":{"type":"Polygon","coordinates":[[[55.1227,24.9951],[55.1245,24.9908],[55.1296,24.9897],[55.1329,24.9928],[55.1311,24.9971],[55.126,24.9982],[55.1227,24.9951]]]}},{"type":"Feature","properties":{"h3_index":"8843a13129fffff","h3_resolution":8,"center_lat":25.00473,"center_lng":55.1141,"risk_score":0.6622,"risk_class":"high","flood_exposure":0.5498,"charger_access_deficit":0.743,"transport_disruption":0.6219},"geometry":{"type":"Polygon","coordinates":[[[55.109,25.0058],[55.1108,25.0016],[55.1159,25.0005],[55.1192,25.0036],[55.1174,25.0079],[55.1123,25.009],[55.109,25.0058]]]}},{"type":"Feature","properties":{"h3_index":"8843a1312bfffff","h3_resolution":8,"center_lat":25.00677,"center_lng":55.12252,"risk_score":0.7056,"risk_class":"high","flood_exposure":0.6031,"charger_access_deficit":0.7079,"transport_disruption":0.6848},"geometry":{"type":"Polygon","coordinates":[[[55.1174,25.0079],[55.1192,25.0036],[55.1243,25.0025],[55.1276,25.0056],[55.1258,25.0099],[55.1208,25.011],[55.1174,25.0079]]]}},{"type":"Feature","properties":{"h3_index":"8843a1312dfffff","h3_resolution":8,"center_lat":24.9973,"center_lng":55.11254,"risk_score":0.6852,"risk_class":"high","flood_exposure":0.5401,"charger_access_deficit":0.8074,"transport_disruption":0.6221},"geometry":{"type":"Polygon","coordinates":[[[55.1075,24.9984],[55.1092,24.9941],[55.1143,24.993],[55.1176,24.9962],[55.1159,25.0005],[55.1108,25.0016],[55.1075,24.9984]]]}},{"type":"Feature","properties":{"h3_index":"8843a13131fffff","h3_resolution":8,"center_lat":25.01085,"center_lng":55.13935,"risk_score":0.799,"risk_class":"high","flood_exposure":0.7022,"charger_access_deficit":0.6553,"transport_disruption":0.7782},"geometry":{"type":"Polygon","coordinates":[[[55.1343,25.012],[55.136,25.0077],[55.1411,25.0066],[55.1444,25.0097],[55.1427,25.014],[55.1376,25.0151],[55.1343,25.012]]]}},{"type":"Feature","properties":{"h3_index":"8843a13133fffff","h3_resolution":8,"center_lat":25.01288,"center_lng":55.14777,"risk_score":0.8324,"risk_class":"high","flood_exposure":0.7445,"charger_access_deficit":0.6398,"transport_disruption":0.8034},"geometry":{"type":"Polygon","coordinates":[[[55.1427,25.014],[55.1444,25.0097],[55.1495,25.0086],[55.1529,25.0118],[55.1511,25.016],[55.146,25.0172],[55.1427,25.014]]]}},{"type":"Feature","properties":{"h3_index":"8843a13135fffff","h3_resolution":8,"center_lat":25.00341,"center_lng":55.13779,"risk_score":0.798,"risk_class":"high","flood_exposure":0.7018,"charger_access_deficit":0.7227,"transport_disruption":0.7785},"geometry":{"type":"Polygon","coordinates":[[[55.1327,25.0045],[55.1345,25.0003],[55.1396,24.9991],[55.1429,25.0023],[55.1411,25.0066],[55.136,25.0077],[55.1327,25.0045]]]}},{"type":"Feature","properties":{"h3_index":"8843a13137fffff","h3_resolution":8,"center_lat":25.00545,"center_lng":55.1462,"risk_score":0.8391,"risk_class":"high","flood_exposure":0.7492,"charger_access_deficit":0.7058,"transport_disruption":0.8022},"geometry":{"type":"Polygon","coordinates":[[[55.1411,25.0066],[55.1429,25.0023],[55.148,25.0012],[55.1513,25.0043],[55.1495,25.0086],[55.1444,25.0097],[55.1411,25.0066]]]}},{"type":"Feature","properties":{"h3_index":"8843a13139fffff","h3_resolution":8,"center_lat":25.01624,"center_lng":55.13249,"risk_score":0.7086,"risk_class":"high","flood_exposure":0.6498,"charger_access_deficit":0.6098,"transport_disruption":0.7446},"geometry":{"type":"Polygon","coordinates":[[[55.1274,25.0174],[55.1292,25.0131],[55.1343,25.012],[55.1376,25.0151],[55.1358,25.0194],[55.1307,25.0205],[55.1274,25.0174]]]}},{"type":"Feature","properties":{"h3_index":"8843a1313bfffff","h3_resolution":8,"center_lat":25.01828,"center_lng":55.14091,"risk_score":0.7117,"risk_class":"high","flood_exposure":0.6925,"charger_access_deficit":0.5879,"transport_disruption":0.782},"geometry":{"type":"Polygon","coordinates":[[[55.1358,25.0194],[55.1376,25.0151],[55.1427,25.014],[55.146,25.0172],[55.1442,25.0214],[55.1391,25.0226],[55.1358,25.0194]]]}},{"type":"Feature","properties":{"h3_index":"8843a1313dfffff","h3_resolution":8,"center_lat":25.00881,"center_lng":55.13093,"risk_score":0.7389,"risk_class":"high","flood_exposure":0.6544,"charger_access_deficit":0.6783,"transport_disruption":0.7381},"geometry":{"type":"Polygon","coordinates":[[[55.1258,25.0099],[55.1276,25.0056],[55.1327,25.0045],[55.136,25.0077],[55.1343,25.012],[55.1292,25.0131],[55.1258,25.0099]]]}},{"type":"Feature","properties":{"h3_index":"8843a13141fffff","h3_resolution":8,"center_lat":25.02835,"center_lng":55.09509,"risk_score":0.4525,"risk_class":"moderate","flood_exposure":0.3878,"charger_access_deficit":0.6249,"transport_disruption":0.5932},"geometry":{"type":"Polygon","coordinates":[[[55.09,25.0295],[55.0918,25.0252],[55.0969,25.0241],[55.1002,25.0272],[55.0984,25.0315],[55.0933,25.0326],[55.09,25.0295]]]}},{"type":"Feature","properties":{"h3_index":"8843a13143fffff","h3_resolution":8,"center_lat":25.0304,"center_lng":55.10351,"risk_score":0.4774,"risk_class":"moderate","flood_exposure":0.4345,"charger_access_deficit":0.5696,"transport_disruption":0.6417},"geometry":{"type":"Polygon","coordinates":[[[55.0984,25.0315],[55.1002,25.0272],[55.1053,25.0261],[55.1086,25.0293],[55.1068,25.0336],[55.1017,25.0347],[55.0984,25.0315]]]}},{"type":"Feature","properties":{"h3_index":"8843a13145fffff","h3_resolution":8,"center_lat":25.02092,"center_lng":55.09353,"risk_score":0.4707,"risk_class":"moderate","flood_exposure":0.3944,"charger_access_deficit":0.6867,"transport_disruption":0.5327},"geometry":{"type":"Polygon","coordinates":[[[55.0884,25.022],[55.0902,25.0178],[55.0953,25.0166],[55.0986,25.0198],[55.0969,25.0241],[55.0918,25.0252],[55.0884,25.022]]]}},{"type":"Feature","properties":{"h3_index":"8843a13147fffff","h3_resolution":8,"center_lat":25.02296,"center_lng":55.10195,"risk_score":0.4981,"risk_class":"moderate","flood_exposure":0.4443,"charger_access_deficit":0.6332,"transport_disruption":0.5873},"geometry":{"type":"Polygon","coordinates":[[[55.0969,25.0241],[55.0986,25.0198],[55.1037,25.0187],[55.107,25.0218],[55.1053,25.0261],[55.1002,25.0272],[55.0969,25.0241]]]}},{"type":"Feature","properties":{"h3_index":"8843a13149fffff","h3_resolution":8,"center_lat":25.03375,"center_lng":55.08823,"risk_score":0.4053,"risk_class":"moderate","flood_exposure":0.3304,"charger_access_deficit":0.6258,"transport_disruption":0.6154},"geometry":{"type":"Polygon","coordinates":[[[55.0831,25.0349],[55.0849,25.0306],[55.09,25.0295],[55.0933,25.0326],[55.0916,25.0369],[55.0865,25.038],[55.0831,25.0349]]]}},{"type":"Feature","properties":{"h3_index":"8843a1314bfffff","h3_resolution":8,"center_lat":25.03579,"center_lng":55.09665,"risk_score":0.4428,"risk_class":"moderate","flood_exposure":0.3762,"charger_access_deficit":0.5651,"transport_disruption":0.6538},"geometry":{"type":"Polygon","coordinates":[[[55.0916,25.0369],[55.0933,25.0326],[55.0984,25.0315],[55.1017,25.0347],[55.1,25.039],[55.0949,25.0401],[55.0916,25.0369]]]}},{"type":"Feature","properties":{"h3_index":"8843a1314dfffff","h3_resolution":8,"center_lat":25.02631,"center_lng":55.08668,"risk_score":0.4287,"risk_class":"moderate","flood_exposure":0.3391,"charger_access_deficit":0.6836,"transport_disruption":0.5482},"geometry":{"type":"Polygon","coordinates":[[[55.0816,25.0274],[55.0834,25.0232],[55.0884,25.022],[55.0918,25.0252],[55.09,25.0295],[55.0849,25.0306],[55.0816,25.0274]]]}},{"type":"Feature","properties":{"h3_index":"8843a13151fffff","h3_resolution":8,"center_lat":25.03987,"center_lng":55.11348,"risk_score":0.4509,"risk_class":"moderate","flood_exposure":0.4597,"charger_access_deficit":0.4555,"transport_disruption":0.7344},"geometry":{"type":"Polygon","coordinates":[[[55.1084,25.041],[55.1102,25.0367],[55.1152,25.0356],[55.1186,25.0388],[55.1168,25.043],[55.1117,25.0442],[55.1084,25.041]]]}},{"type":"Feature","properties":{"h3_index":"8843a13153fffff","h3_resolution":8,"center_lat":25.04192,"center_lng":55.1219,"risk_score":0.4488,"risk_class":"moderate","flood_exposure":0.4962,"charger_access_deficit":0.4097,"transport_disruption":0.7668},"geometry":{"type":"Polygon","coordinates":[[[55.1168,25.043],[55.1186,25.0388],[55.1237,25.0376],[55.127,25.0408],[55.1252,25.0451],[55.1201,25.0462],[55.1168,25.043]]]}},{"type":"Feature","properties":{"h3_index":"8843a13155fffff","h3_resolution":8,"center_lat":25.03244,"center_lng":55.11192,"risk_score":0.4873,"risk_class":"moderate","flood_exposure":0.4787,"charger_access_deficit":0.5188,"transport_disruption":0.6897},"geometry":{"type":"Polygon","coordinates":[[[55.1068,25.0336],[55.1086,25.0293],[55.1137,25.0282],[55.117,25.0313],[55.1152,25.0356],[55.1102,25.0367],[55.1068,25.0336]]]}},{"type":"Feature","properties":{"h3_index":"8843a13157fffff","h3_resolution":8,"center_lat":25.03448,"center_lng":55.12034,"risk_score":0.5011,"risk_class":"moderate","flood_exposure":0.5195,"charger_access_deficit":0.4741,"transport_disruption":0.7325},"geometry":{"type":"Polygon","coordinates":[[[55.1152,25.0356],[55.117,25.0313],[55.1221,25.0302],[55.1254,25.0334],[55.1237,25.0376],[55.1186,25.0388],[55.1152,25.0356]]]}},{"type":"Feature","properties":{"h3_index":"8843a13159fffff","h3_resolution":8,"center_lat":25.04527,"center_lng":55.10662,"risk_score":0.3963,"risk_class":"moderate","flood_exposure":0.3994,"charger_access_deficit":0.449,"transport_disruption":0.7411},"geometry":{"type":"Polygon","coordinates":[[[55.1015,25.0464],[55.1033,25.0421],[55.1084,25.041],[55.1117,25.0442],[55.1099,25.0484],[55.1049,25.0496],[55.1015,25.0464]]]}},{"type":"Feature","properties":{"h3_index":"8843a1315bfffff","h3_resolution":8,"center_lat":25.04731,"center_lng":55.11504,"risk_score":0.388,"risk_class":"moderate","flood_exposure":0.4357,"charger_access_deficit":0.395,"transport_disruption":0.7716},"geometry":{"type":"Polygon","coordinates":[[[55.1099,25.0484],[55.1117,25.0442],[55.1168,25.043],[55.1201,25.0462],[55.1184,25.0505],[55.1133,25.0516],[55.1099,25.0484]]]}},{"type":"Feature","properties":{"h3_index":"8843a1315dfffff","h3_resolution":8,"center_lat":25.03783,"center_lng":55.10507,"risk_score":0.4466,"risk_class":"moderate","flood_exposure":0.4195,"charger_access_deficit":0.5079,"transport_disruption":0.6951},"geometry":{"type":"Polygon","coordinates":[[[55.1,25.039],[55.1017,25.0347],[55.1068,25.0336],[55.1102,25.0367],[55.1084,25.041],[55.1033,25.0421],[55.1,25.039]]]}},{"type":"Feature","properties":{"h3_index":"8843a13161fffff","h3_resolution":8,"center_lat":25.00809,"center_lng":55.09883,"risk_score":0.5723,"risk_class":"moderate","flood_exposure":0.4467,"charger_access_deficit":0.7622,"transport_disruption":0.5038},"geometry":{"type":"Polygon","coordinates":[[[55.0937,25.0092],[55.0955,25.0049],[55.1006,25.0038],[55.1039,25.007],[55.1022,25.0112],[55.0971,25.0124],[55.0937,25.0092]]]}},{"type":"Feature","properties":{"h3_index":"8843a13163fffff","h3_resolution":8,"center_lat":25.01013,"center_lng":55.10725,"risk_score":0.5921,"risk_class":"moderate","flood_exposure":0.5003,"charger_access_deficit":0.7171,"transport_disruption":0.5699},"geometry":{"type":"Polygon","coordinates":[[[55.1022,25.0112],[55.1039,25.007],[55.109,25.0058],[55.1123,25.009],[55.1106,25.0133],[55.1055,25.0144],[55.1022,25.0112]]]}},{"type":"Feature","properties":{"h3_index":"8843a13165fffff","h3_resolution":8,"center_lat":25.00065,"center_lng":55.09728,"risk_score":0.5907,"risk_class":"moderate","flood_exposure":0.4393,"charger_access_deficit":0.8232,"transport_disruption":0.485},"geometry":{"type":"Polygon","coordinates":[[[55.0922,25.0018],[55.094,24.9975],[55.099,24.9964],[55.1024,24.9995],[55.1006,25.0038],[55.0955,25.0049],[55.0922,25.0018]]]}},{"type":"Feature","properties":{"h3_index":"8843a13167fffff","h3_resolution":8,"center_lat":25.00269,"center_lng":55.10569,"risk_score":0.6335,"risk_class":"moderate","flood_exposure":0.495,"charger_access_deficit":0.7821,"transport_disruption":0.5539},"geometry":{"type":"Polygon","coordinates":[[[55.1006,25.0038],[55.1024,24.9995],[55.1075,24.9984],[55.1108,25.0016],[55.109,25.0058],[55.1039,25.007],[55.1006,25.0038]]]}},{"type":"Feature","properties":{"h3_index":"8843a13169fffff","h3_resolution":8,"center_lat":25.01348,"center_lng":55.09198,"risk_score":0.5087,"risk_class":"moderate","flood_exposure":0.3958,"charger_access_deficit":0.7488,"transport_disruption":0.4796},"geometry":{"type":"Polygon","coordinates":[[[55.0869,25.0146],[55.0887,25.0103],[55.0937,25.0092],[55.0971,25.0124],[55.0953,25.0166],[55.0902,25.0178],[55.0869,25.0146]]]}},{"type":"Feature","properties":{"h3_index":"8843a1316bfffff","h3_resolution":8,"center_lat":25.01552,"center_lng":55.10039,"risk_score":0.5289,"risk_class":"moderate","flood_exposure":0.4483,"charger_access_deficit":0.698,"transport_disruption":0.5392},"geometry":{"type":"Polygon","coordinates":[[[55.0953,25.0166],[55.0971,25.0124],[55.1022,25.0112],[55.1055,25.0144],[55.1037,25.0187],[55.0986,25.0198],[55.0953,25.0166]]]}},{"type":"Feature","properties":{"h3_index":"8843a1316dfffff","h3_resolution":8,"center_lat":25.00605,"center_lng":55.09042,"risk_score":0.5209,"risk_class":"moderate","flood_exposure":0.3919,"charger_access_deficit":0.8089,"transport_disruption":0.4401},"geometry":{"type":"Polygon","coordinates":[[[55.0853,25.0072],[55.0871,25.0029],[55.0922,25.0018],[55.0955,25.0049],[55.0937,25.0092],[55.0887,25.0103],[55.0853,25.0072]]]}},{"type":"Feature","properties":{"h3_index":"8843a13181fffff","h3_resolution":8,"center_lat":25.03387,"center_lng":55.17616,"risk_score":0.7442,"risk_class":"high","flood_exposure":0.7292,"charger_access_deficit":0.5376,"transport_disruption":0.8039},"geometry":{"type":"Polygon","coordinates":[[[55.1711,25.035],[55.1728,25.0307],[55.1779,25.0296],[55.1812,25.0328],[55.1795,25.037],[55.1744,25.0382],[55.1711,25.035]]]}},{"type":"Feature","properties":{"h3_index":"8843a13183fffff","h3_resolution":8,"center_lat":25.03591,"center_lng":55.18458,"risk_score":0.7315,"risk_class":"high","flood_exposure":0.7171,"charger_access_deficit":0.5633,"transport_disruption":0.778},"geometry":{"type":"Polygon","coordinates":[[[55.1795,25.037],[55.1812,25.0328],[55.1863,25.0316],[55.1897,25.0348],[55.1879,25.0391],[55.1828,25.0402],[55.1795,25.037]]]}},{"type":"Feature","properties":{"h3_index":"8843a13185fffff","h3_resolution":8,"center_lat":25.02643,"center_lng":55.17459,"risk_score":0.7828,"risk_class":"high","flood_exposure":0.7728,"charger_access_deficit":0.5886,"transport_disruption":0.795},"geometry":{"type":"Polygon","coordinates":[[[55.1695,25.0276],[55.1713,25.0233],[55.1764,25.0222],[55.1797,25.0253],[55.1779,25.0296],[55.1728,25.0307],[55.1695,25.0276]]]}},{"type":"Feature","properties":{"h3_index":"8843a13187fffff","h3_resolution":8,"center_lat":25.02847,"center_lng":55.18301,"risk_score":0.7908,"risk_class":"high","flood_exposure":0.7625,"charger_access_deficit":0.6102,"transport_disruption":0.7633},"geometry":{"type":"Polygon","coordinates":[[[55.1779,25.0296],[55.1797,25.0253],[55.1848,25.0242],[55.1881,25.0273],[55.1863,25.0316],[55.1812,25.0328],[55.1779,25.0296]]]}},{"type":"Feature","properties":{"h3_index":"8843a13189fffff","h3_resolution":8,"center_lat":25.03927,"center_lng":55.1693,"risk_score":0.6326,"risk_class":"moderate","flood_exposure":0.6872,"charger_access_deficit":0.4665,"transport_disruption":0.818},"geometry":{"type":"Polygon","coordinates":[[[55.1642,25.0404],[55.166,25.0361],[55.1711,25.035],[55.1744,25.0382],[55.1726,25.0424],[55.1675,25.0436],[55.1642,25.0404]]]}},{"type":"Feature","properties":{"h3_index":"8843a1318bfffff","h3_resolution":8,"center_lat":25.04131,"center_lng":55.17772,"risk_score":0.6676,"risk_class":"high","flood_exposure":0.6831,"charger_access_deficit":0.4897,"transport_disruption":0.8097},"geometry":{"type":"Polygon","coordinates":[[[55.1726,25.0424],[55.1744,25.0382],[55.1795,25.037],[55.1828,25.0402],[55.1811,25.0445],[55.176,25.0456],[55.1726,25.0424]]]}},{"type":"Feature","properties":{"h3_index":"8843a1318dfffff","h3_resolution":8,"center_lat":25.03184,"center_lng":55.16773,"risk_score":0.7326,"risk_class":"high","flood_exposure":0.7315,"charger_access_deficit":0.5191,"transport_disruption":0.817},"geometry":{"type":"Polygon","coordinates":[[[55.1626,25.033],[55.1644,25.0287],[55.1695,25.0276],[55.1728,25.0307],[55.1711,25.035],[55.166,25.0361],[55.1626,25.033]]]}},{"type":"Feature","properties":{"h3_index":"8843a13191fffff","h3_resolution":8,"center_lat":25.04539,"center_lng":55.19457,"risk_score":0.6887,"risk_class":"high","flood_exposure":0.6611,"charger_access_deficit":0.5512,"transport_disruption":0.7567},"geometry":{"type":"Polygon","coordinates":[[[55.1895,25.0465],[55.1912,25.0422],[55.1963,25.0411],[55.1997,25.0443],[55.1979,25.0485],[55.1928,25.0497],[55.1895,25.0465]]]}},{"type":"Feature","properties":{"h3_index":"8843a13193fffff","h3_resolution":8,"center_lat":25.04743,"center_lng":55.203,"risk_score":0.6687,"risk_class":"high","flood_exposure":0.6505,"charger_access_deficit":0.5826,"transport_disruption":0.7099},"geometry":{"type":"Polygon","coordinates":[[[55.1979,25.0485],[55.1997,25.0443],[55.2048,25.0431],[55.2081,25.0463],[55.2063,25.0506],[55.2012,25.0517],[55.1979,25.0485]]]}},{"type":"Feature","properties":{"h3_index":"8843a13195fffff","h3_resolution":8,"center_lat":25.03795,"center_lng":55.193,"risk_score":0.7343,"risk_class":"high","flood_exposure":0.6985,"charger_access_deficit":0.5937,"transport_disruption":0.7387},"geometry":{"type":"Polygon","coordinates":[[[55.1879,25.0391],[55.1897,25.0348],[55.1948,25.0337],[55.1981,25.0368],[55.1963,25.0411],[55.1912,25.0422],[55.1879,25.0391]]]}},{"type":"Feature","properties":{"h3_index":"8843a13197fffff","h3_resolution":8,"center_lat":25.03998,"center_lng":55.20143,"risk_score":0.7069,"risk_class":"high","flood_exposure":0.6776,"charger_access_deficit":0.6256,"transport_disruption":0.6864},"geometry":{"type":"Polygon","coordinates":[[[55.1963,25.0411],[55.1981,25.0368],[55.2032,25.0357],[55.2065,25.0389],[55.2048,25.0431],[55.1997,25.0443],[55.1963,25.0411]]]}},{"type":"Feature","properties":{"h3_index":"8843a13199fffff","h3_resolution":8,"center_lat":25.05079,"center_lng":55.18772,"risk_score":0.605,"risk_class":"moderate","flood_exposure":0.6359,"charger_access_deficit":0.4771,"transport_disruption":0.7986},"geometry":{"type":"Polygon","coordinates":[[[55.1826,25.0519],[55.1844,25.0476],[55.1895,25.0465],[55.1928,25.0497],[55.191,25.054],[55.186,25.0551],[55.1826,25.0519]]]}},{"type":"Feature","properties":{"h3_index":"8843a1319bfffff","h3_resolution":8,"center_lat":25.05283,"center_lng":55.19614,"risk_score":0.6095,"risk_class":"moderate","flood_exposure":0.6338,"charger_access_deficit":0.5093,"transport_disruption":0.7723},"geometry":{"type":"Polygon","coordinates":[[[55.191,25.054],[55.1928,25.0497],[55.1979,25.0485],[55.2012,25.0517],[55.1995,25.056],[55.1944,25.0571],[55.191,25.054]]]}},{"type":"Feature","properties":{"h3_index":"8843a1319dfffff","h3_resolution":8,"center_lat":25.04335,"center_lng":55.18615,"risk_score":0.6588,"risk_class":"high","flood_exposure":0.6732,"charger_access_deficit":0.5191,"transport_disruption":0.7897},"geometry":{"type":"Polygon","coordinates":[[[55.1811,25.0445],[55.1828,25.0402],[55.1879,25.0391],[55.1912,25.0422],[55.1895,25.0465],[55.1844,25.0476],[55.1811,25.0445]]]}},{"type":"Feature","properties":{"h3_index":"8843a131a1fffff","h3_resolution":8,"center_lat":25.0136,"center_lng":55.17988,"risk_score":0.8808,"risk_class":"high","flood_exposure":0.8354,"charger_access_deficit":0.7117,"transport_disruption":0.7262},"geometry":{"type":"Polygon","coordinates":[[[55.1748,25.0147],[55.1765,25.0104],[55.1816,25.0093],[55.185,25.0125],[55.1832,25.0168],[55.1781,25.0179],[55.1748,25.0147]]]}},{"type":"Feature","properties":{"h3_index":"8843a131a3fffff","h3_resolution":8,"center_lat":25.01563,"center_lng":55.1883,"risk_score":0.8886,"risk_class":"high","flood_exposure":0.8205,"charger_access_deficit":0.7307,"transport_disruption":0.6709},"geometry":{"type":"Polygon","coordinates":[[[55.1832,25.0168],[55.185,25.0125],[55.1901,25.0114],[55.1934,25.0145],[55.1916,25.0188],[55.1865,25.0199],[55.1832,25.0168]]]}},{"type":"Feature","properties":{"h3_index":"8843a131a5fffff","h3_resolution":8,"center_lat":25.00616,"center_lng":55.17831,"risk_score":0.9382,"risk_class":"high","flood_exposure":0.8547,"charger_access_deficit":0.7645,"transport_disruption":0.7044},"geometry":{"type":"Polygon","coordinates":[[[55.1732,25.0073],[55.175,25.003],[55.1801,25.0019],[55.1834,25.005],[55.1816,25.0093],[55.1765,25.0104],[55.1732,25.0073]]]}},{"type":"Feature","properties":{"h3_index":"8843a131a7fffff","h3_resolution":8,"center_lat":25.00819,"center_lng":55.18673,"risk_score":0.9291,"risk_class":"high","flood_exposure":0.8458,"charger_access_deficit":0.7789,"transport_disruption":0.6445},"geometry":{"type":"Polygon","coordinates":[[[55.1816,25.0093],[55.1834,25.005],[55.1885,25.0039],[55.1918,25.0071],[55.1901,25.0114],[55.185,25.0125],[55.1816,25.0093]]]}},{"type":"Feature","properties":{"h3_index":"8843a131a9fffff","h3_resolution":8,"center_lat":25.019,"center_lng":55.17302,"risk_score":0.8564,"risk_class":"high","flood_exposure":0.8093,"charger_access_deficit":0.6427,"transport_disruption":0.7833},"geometry":{"type":"Polygon","coordinates":[[[55.1679,25.0201],[55.1697,25.0158],[55.1748,25.0147],[55.1781,25.0179],[55.1764,25.0222],[55.1713,25.0233],[55.1679,25.0201]]]}},{"type":"Feature","properties":{"h3_index":"8843a131abfffff","h3_resolution":8,"center_lat":25.02103,"center_lng":55.18144,"risk_score":0.8625,"risk_class":"high","flood_exposure":0.8035,"charger_access_deficit":0.6598,"transport_disruption":0.7459},"geometry":{"type":"Polygon","coordinates":[[[55.1764,25.0222],[55.1781,25.0179],[55.1832,25.0168],[55.1865,25.0199],[55.1848,25.0242],[55.1797,25.0253],[55.1764,25.0222]]]}},{"type":"Feature","properties":{"h3_index":"8843a131adfffff","h3_resolution":8,"center_lat":25.01156,"center_lng":55.17146,"risk_score":0.9216,"risk_class":"high","flood_exposure":0.8349,"charger_access_deficit":0.6991,"transport_disruption":0.7691},"geometry":{"type":"Polygon","coordinates":[[[55.1664,25.0127],[55.1681,25.0084],[55.1732,25.0073],[55.1765,25.0104],[55.1748,25.0147],[55.1697,25.0158],[55.1664,25.0127]]]}},{"type":"Feature","properties":{"h3_index":"8843a131b1fffff","h3_resolution":8,"center_lat":25.02511,"center_lng":55.19829,"risk_score":0.7935,"risk_class":"high","flood_exposure":0.7542,"charger_access_deficit":0.7113,"transport_disruption":0.634},"geometry":{"type":"Polygon","coordinates":[[[55.1932,25.0262],[55.195,25.0219],[55.2001,25.0208],[55.2034,25.024],[55.2016,25.0283],[55.1965,25.0294],[55.1932,25.0262]]]}},{"type":"Feature","properties":{"h3_index":"8843a131b3fffff","h3_resolution":8,"center_lat":25.02714,"center_lng":55.20671,"risk_score":0.7645,"risk_class":"high","flood_exposure":0.7182,"charger_access_deficit":0.741,"transport_disruption":0.5643},"geometry":{"type":"Polygon","coordinates":[[[55.2016,25.0283],[55.2034,25.024],[55.2085,25.0229],[55.2118,25.026],[55.21,25.0303],[55.205,25.0314],[55.2016,25.0283]]]}},{"type":"Feature","properties":{"h3_index":"8843a131b5fffff","h3_resolution":8,"center_lat":25.01767,"center_lng":55.19672,"risk_score":0.842,"risk_class":"high","flood_exposure":0.7921,"charger_access_deficit":0.7548,"transport_disruption":0.6056},"geometry":{"type":"Polygon","coordinates":[[[55.1916,25.0188],[55.1934,25.0145],[55.1985,25.0134],[55.2018,25.0165],[55.2001,25.0208],[55.195,25.0219],[55.1916,25.0188]]]}},{"type":"Feature","properties":{"h3_index":"8843a131b7fffff","h3_resolution":8,"center_lat":25.0197,"center_lng":55.20514,"risk_score":0.7885,"risk_class":"high","flood_exposure":0.7539,"charger_access_deficit":0.7818,"transport_disruption":0.5335},"geometry":{"type":"Polygon","coordinates":[[[55.2001,25.0208],[55.2018,25.0165],[55.2069,25.0154],[55.2102,25.0186],[55.2085,25.0229],[55.2034,25.024],[55.2001,25.0208]]]}},{"type":"Feature","properties":{"h3_index":"8843a131b9fffff","h3_resolution":8,"center_lat":25.03051,"center_lng":55.19144,"risk_score":0.7851,"risk_class":"high","flood_exposure":0.7416,"charger_access_deficit":0.6377,"transport_disruption":0.7182},"geometry":{"type":"Polygon","coordinates":[[[55.1863,25.0316],[55.1881,25.0273],[55.1932,25.0262],[55.1965,25.0294],[55.1948,25.0337],[55.1897,25.0348],[55.1863,25.0316]]]}},{"type":"Feature","properties":{"h3_index":"8843a131bbfffff","h3_resolution":8,"center_lat":25.03254,"center_lng":55.19986,"risk_score":0.7699,"risk_class":"high","flood_exposure":0.714,"charger_access_deficit":0.6683,"transport_disruption":0.6611},"geometry":{"type":"Polygon","coordinates":[[[55.1948,25.0337],[55.1965,25.0294],[55.2016,25.0283],[55.205,25.0314],[55.2032,25.0357],[55.1981,25.0368],[55.1948,25.0337]]]}},{"type":"Feature","properties":{"h3_index":"8843a131bdfffff","h3_resolution":8,"center_lat":25.02307,"center_lng":55.18987,"risk_score":0.83,"risk_class":"high","flood_exposure":0.7842,"charger_access_deficit":0.6833,"transport_disruption":0.6955},"geometry":{"type":"Polygon","coordinates":[[[55.1848,25.0242],[55.1865,25.0199],[55.1916,25.0188],[55.195,25.0219],[55.1932,25.0262],[55.1881,25.0273],[55.1848,25.0242]]]}},{"type":"Feature","properties":{"h3_index":"8843a131c1fffff","h3_resolution":8,"center_lat":25.04264,"center_lng":55.15402,"risk_score":0.5533,"risk_class":"moderate","flood_exposure":0.63,"charger_access_deficit":0.3897,"transport_disruption":0.8083},"geometry":{"type":"Polygon","coordinates":[[[55.1489,25.0438],[55.1507,25.0395],[55.1558,25.0384],[55.1591,25.0415],[55.1574,25.0458],[55.1523,25.0469],[55.1489,25.0438]]]}},{"type":"Feature","properties":{"h3_index":"8843a131c3fffff","h3_resolution":8,"center_lat":25.04468,"center_lng":55.16244,"risk_score":0.59,"risk_class":"moderate","flood_exposure":0.6394,"charger_access_deficit":0.3981,"transport_disruption":0.8137},"geometry":{"type":"Polygon","coordinates":[[[55.1574,25.0458],[55.1591,25.0415],[55.1642,25.0404],[55.1675,25.0436],[55.1658,25.0478],[55.1607,25.049],[55.1574,25.0458]]]}},{"type":"Feature","properties":{"h3_index":"8843a131c5fffff","h3_resolution":8,"center_lat":25.0352,"center_lng":55.15246,"risk_score":0.5976,"risk_class":"moderate","flood_exposure":0.6692,"charger_access_deficit":0.4487,"transport_disruption":0.81},"geometry":{"type":"Polygon","coordinates":[[[55.1474,25.0363],[55.1491,25.032],[55.1542,25.0309],[55.1575,25.0341],[55.1558,25.0384],[55.1507,25.0395],[55.1474,25.0363]]]}},{"type":"Feature","properties":{"h3_index":"8843a131c7fffff","h3_resolution":8,"center_lat":25.03724,"center_lng":55.16088,"risk_score":0.6482,"risk_class":"moderate","flood_exposure":0.683,"charger_access_deficit":0.4523,"transport_disruption":0.8176},"geometry":{"type":"Polygon","coordinates":[[[55.1558,25.0384],[55.1575,25.0341],[55.1626,25.033],[55.166,25.0361],[55.1642,25.0404],[55.1591,25.0415],[55.1558,25.0384]]]}},{"type":"Feature","properties":{"h3_index":"8843a131c9fffff","h3_resolution":8,"center_lat":25.04804,"center_lng":55.14716,"risk_score":0.48,"risk_class":"moderate","flood_exposure":0.5743,"charger_access_deficit":0.334,"transport_disruption":0.8016},"geometry":{"type":"Polygon","coordinates":[[[55.1421,25.0492],[55.1438,25.0449],[55.1489,25.0438],[55.1523,25.0469],[55.1505,25.0512],[55.1454,25.0523],[55.1421,25.0492]]]}},{"type":"Feature","properties":{"h3_index":"8843a131cbfffff","h3_resolution":8,"center_lat":25.05008,"center_lng":55.15559,"risk_score":0.4816,"risk_class":"moderate","flood_exposure":0.5878,"charger_access_deficit":0.3346,"transport_disruption":0.8033},"geometry":{"type":"Polygon","coordinates":[[[55.1505,25.0512],[55.1523,25.0469],[55.1574,25.0458],[55.1607,25.049],[55.1589,25.0532],[55.1538,25.0544],[55.1505,25.0512]]]}},{"type":"Feature","properties":{"h3_index":"8843a131cdfffff","h3_resolution":8,"center_lat":25.0406,"center_lng":55.1456,"risk_score":0.5656,"risk_class":"moderate","flood_exposure":0.6126,"charger_access_deficit":0.3934,"transport_disruption":0.8005},"geometry":{"type":"Polygon","coordinates":[[[55.1405,25.0417],[55.1423,25.0374],[55.1474,25.0363],[55.1507,25.0395],[55.1489,25.0438],[55.1438,25.0449],[55.1405,25.0417]]]}},{"type":"Feature","properties":{"h3_index":"8843a131d1fffff","h3_resolution":8,"center_lat":25.05416,"center_lng":55.17243,"risk_score":0.5403,"risk_class":"moderate","flood_exposure":0.6001,"charger_access_deficit":0.3727,"transport_disruption":0.8103},"geometry":{"type":"Polygon","coordinates":[[[55.1673,25.0553],[55.1691,25.051],[55.1742,25.0499],[55.1775,25.053],[55.1758,25.0573],[55.1707,25.0584],[55.1673,25.0553]]]}},{"type":"Feature","properties":{"h3_index":"8843a131d3fffff","h3_resolution":8,"center_lat":25.05619,"center_lng":55.18086,"risk_score":0.547,"risk_class":"moderate","flood_exposure":0.6036,"charger_access_deficit":0.4038,"transport_disruption":0.8114},"geometry":{"type":"Polygon","coordinates":[[[55.1758,25.0573],[55.1775,25.053],[55.1826,25.0519],[55.186,25.0551],[55.1842,25.0594],[55.1791,25.0605],[55.1758,25.0573]]]}},{"type":"Feature","properties":{"h3_index":"8843a131d5fffff","h3_resolution":8,"center_lat":25.04671,"center_lng":55.17087,"risk_score":0.5894,"risk_class":"moderate","flood_exposure":0.6419,"charger_access_deficit":0.4175,"transport_disruption":0.8158},"geometry":{"type":"Polygon","coordinates":[[[55.1658,25.0478],[55.1675,25.0436],[55.1726,25.0424],[55.176,25.0456],[55.1742,25.0499],[55.1691,25.051],[55.1658,25.0478]]]}},{"type":"Feature","properties":{"h3_index":"8843a131d7fffff","h3_resolution":8,"center_lat":25.04875,"center_lng":55.17929,"risk_score":0.6006,"risk_class":"moderate","flood_exposure":0.6397,"charger_access_deficit":0.4452,"transport_disruption":0.8119},"geometry":{"type":"Polygon","coordinates":[[[55.1742,25.0499],[55.176,25.0456],[55.1811,25.0445],[55.1844,25.0476],[55.1826,25.0519],[55.1775,25.053],[55.1742,25.0499]]]}},{"type":"Feature","properties":{"h3_index":"8843a131d9fffff","h3_resolution":8,"center_lat":25.05956,"center_lng":55.16558,"risk_score":0.4351,"risk_class":"moderate","flood_exposure":0.5559,"charger_access_deficit":0.3041,"transport_disruption":0.7963},"geometry":{"type":"Polygon","coordinates":[[[55.1605,25.0607],[55.1622,25.0564],[55.1673,25.0553],[55.1707,25.0584],[55.1689,25.0627],[55.1638,25.0638],[55.1605,25.0607]]]}},{"type":"Feature","properties":{"h3_index":"8843a131dbfffff","h3_resolution":8,"center_lat":25.0616,"center_lng":55.174,"risk_score":0.4528,"risk_class":"moderate","flood_exposure":0.5656,"charger_access_deficit":0.3326,"transport_disruption":0.8021},"geometry":{"type":"Polygon","coordinates":[[[55.1689,25.0627],[55.1707,25.0584],[55.1758,25.0573],[55.1791,25.0605],[55.1773,25.0648],[55.1722,25.0659],[55.1689,25.0627]]]}},{"type":"Feature","properties":{"h3_index":"8843a131ddfffff","h3_resolution":8,"center_lat":25.05212,"center_lng":55.16401,"risk_score":0.5247,"risk_class":"moderate","flood_exposure":0.5957,"charger_access_deficit":0.3482,"transport_disruption":0.8064},"geometry":{"type":"Polygon","coordinates":[[[55.1589,25.0532],[55.1607,25.049],[55.1658,25.0478],[55.1691,25.051],[55.1673,25.0553],[55.1622,25.0564],[55.1589,25.0532]]]}},{"type":"Feature","properties":{"h3_index":"8843a131e1fffff","h3_resolution":8,"center_lat":25.02236,"center_lng":55.15775,"risk_score":0.7927,"risk_class":"high","flood_exposure":0.7553,"charger_access_deficit":0.57,"transport_disruption":0.8164},"geometry":{"type":"Polygon","coordinates":[[[55.1527,25.0235],[55.1544,25.0192],[55.1595,25.0181],[55.1628,25.0212],[55.1611,25.0255],[55.156,25.0266],[55.1527,25.0235]]]}},{"type":"Feature","properties":{"h3_index":"8843a131e3fffff","h3_resolution":8,"center_lat":25.0244,"center_lng":55.16617,"risk_score":0.803,"risk_class":"high","flood_exposure":0.7705,"charger_access_deficit":0.5749,"transport_disruption":0.8129},"geometry":{"type":"Polygon","coordinates":[[[55.1611,25.0255],[55.1628,25.0212],[55.1679,25.0201],[55.1713,25.0233],[55.1695,25.0276],[55.1644,25.0287],[55.1611,25.0255]]]}},{"type":"Feature","properties":{"h3_index":"8843a131e5fffff","h3_resolution":8,"center_lat":25.01492,"center_lng":55.15618,"risk_score":0.8212,"risk_class":"high","flood_exposure":0.7782,"charger_access_deficit":0.6324,"transport_disruption":0.813},"geometry":{"type":"Polygon","coordinates":[[[55.1511,25.016],[55.1529,25.0118],[55.1579,25.0106],[55.1613,25.0138],[55.1595,25.0181],[55.1544,25.0192],[55.1511,25.016]]]}},{"type":"Feature","properties":{"h3_index":"8843a131e7fffff","h3_resolution":8,"center_lat":25.01696,"center_lng":55.1646,"risk_score":0.88,"risk_class":"high","flood_exposure":0.8006,"charger_access_deficit":0.6334,"transport_disruption":0.8061},"geometry":{"type":"Polygon","coordinates":[[[55.1595,25.0181],[55.1613,25.0138],[55.1664,25.0127],[55.1697,25.0158],[55.1679,25.0201],[55.1628,25.0212],[55.1595,25.0181]]]}},{"type":"Feature","properties":{"h3_index":"8843a131e9fffff","h3_resolution":8,"center_lat":25.02776,"center_lng":55.15089,"risk_score":0.7233,"risk_class":"high","flood_exposure":0.7028,"charger_access_deficit":0.5105,"transport_disruption":0.8086},"geometry":{"type":"Polygon","coordinates":[[[55.1458,25.0289],[55.1476,25.0246],[55.1527,25.0235],[55.156,25.0266],[55.1542,25.0309],[55.1491,25.032],[55.1458,25.0289]]]}},{"type":"Feature","properties":{"h3_index":"8843a131ebfffff","h3_resolution":8,"center_lat":25.0298,"center_lng":55.15931,"risk_score":0.717,"risk_class":"high","flood_exposure":0.7227,"charger_access_deficit":0.5098,"transport_disruption":0.8182},"geometry":{"type":"Polygon","coordinates":[[[55.1542,25.0309],[55.156,25.0266],[55.1611,25.0255],[55.1644,25.0287],[55.1626,25.033],[55.1575,25.0341],[55.1542,25.0309]]]}},{"type":"Feature","properties":{"h3_index":"8843a131edfffff","h3_resolution":8,"center_lat":25.02032,"center_lng":55.14933,"risk_score":0.7448,"risk_class":"high","flood_exposure":0.7285,"charger_access_deficit":0.5744,"transport_disruption":0.806},"geometry":{"type":"Polygon","coordinates":[[[55.1442,25.0214],[55.146,25.0172],[55.1511,25.016],[55.1544,25.0192],[55.1527,25.0235],[55.1476,25.0246],[55.1442,25.0214]]]}},{"type":"Feature","properties":{"h3_index":"8843a13201fffff","h3_resolution":8,"center_lat":25.10948,"center_lng":55.0801,"risk_score":0.2195,"risk_class":"low","flood_exposure":0.0291,"charger_access_deficit":0.5696,"transport_disruption":0.831},"geometry":{"type":"Polygon","coordinates":[[[55.075,25.1106],[55.0768,25.1063],[55.0819,25.1052],[55.0852,25.1084],[55.0834,25.1126],[55.0783,25.1138],[55.075,25.1106]]]}},{"type":"Feature","properties":{"h3_index":"8843a13203fffff","h3_resolution":8,"center_lat":25.11153,"center_lng":55.08852,"risk_score":0.2094,"risk_class":"low","flood_exposure":0.0409,"charger_access_deficit":0.5277,"transport_disruption":0.8079},"geometry":{"type":"Polygon","coordinates":[[[55.0834,25.1126],[55.0852,25.1084],[55.0903,25.1072],[55.0936,25.1104],[55.0918,25.1147],[55.0868,25.1158],[55.0834,25.1126]]]}},{"type":"Feature","properties":{"h3_index":"8843a13205fffff","h3_resolution":8,"center_lat":25.10203,"center_lng":55.07854,"risk_score":0.2176,"risk_class":"low","flood_exposure":0.0416,"charger_access_deficit":0.5533,"transport_disruption":0.8314},"geometry":{"type":"Polygon","coordinates":[[[55.0734,25.1032],[55.0752,25.0989],[55.0803,25.0978],[55.0836,25.1009],[55.0819,25.1052],[55.0768,25.1063],[55.0734,25.1032]]]}},{"type":"Feature","properties":{"h3_index":"8843a13207fffff","h3_resolution":8,"center_lat":25.10408,"center_lng":55.08696,"risk_score":0.2003,"risk_class":"low","flood_exposure":0.055,"charger_access_deficit":0.5067,"transport_disruption":0.8086},"geometry":{"type":"Polygon","coordinates":[[[55.0819,25.1052],[55.0836,25.1009],[55.0887,25.0998],[55.0921,25.103],[55.0903,25.1072],[55.0852,25.1084],[55.0819,25.1052]]]}},{"type":"Feature","properties":{"h3_index":"8843a13209fffff","h3_resolution":8,"center_lat":25.11488,"center_lng":55.07323,"risk_score":0.2767,"risk_class":"low","flood_exposure":0.0138,"charger_access_deficit":0.6204,"transport_disruption":0.8524},"geometry":{"type":"Polygon","coordinates":[[[55.0681,25.116],[55.0699,25.1117],[55.075,25.1106],[55.0783,25.1138],[55.0766,25.118],[55.0715,25.1192],[55.0681,25.116]]]}},{"type":"Feature","properties":{"h3_index":"8843a1320bfffff","h3_resolution":8,"center_lat":25.11693,"center_lng":55.08165,"risk_score":0.2191,"risk_class":"low","flood_exposure":0.0201,"charger_access_deficit":0.5928,"transport_disruption":0.8305},"geometry":{"type":"Polygon","coordinates":[[[55.0766,25.118],[55.0783,25.1138],[55.0834,25.1126],[55.0868,25.1158],[55.085,25.1201],[55.0799,25.1212],[55.0766,25.118]]]}},{"type":"Feature","properties":{"h3_index":"8843a1320dfffff","h3_resolution":8,"center_lat":25.10743,"center_lng":55.07167,"risk_score":0.283,"risk_class":"low","flood_exposure":0.0219,"charger_access_deficit":0.6013,"transport_disruption":0.8529},"geometry":{"type":"Polygon","coordinates":[[[55.0666,25.1085],[55.0683,25.1043],[55.0734,25.1032],[55.0768,25.1063],[55.075,25.1106],[55.0699,25.1117],[55.0666,25.1085]]]}},{"type":"Feature","properties":{"h3_index":"8843a13211fffff","h3_resolution":8,"center_lat":25.12102,"center_lng":55.09851,"risk_score":0.217,"risk_class":"low","flood_exposure":0.0472,"charger_access_deficit":0.5166,"transport_disruption":0.7927},"geometry":{"type":"Polygon","coordinates":[[[55.0934,25.1221],[55.0952,25.1179],[55.1003,25.1167],[55.1036,25.1199],[55.1018,25.1242],[55.0967,25.1253],[55.0934,25.1221]]]}},{"type":"Feature","properties":{"h3_index":"8843a13213fffff","h3_resolution":8,"center_lat":25.12307,"center_lng":55.10693,"risk_score":0.1704,"risk_class":"low","flood_exposure":0.0703,"charger_access_deficit":0.4799,"transport_disruption":0.79},"geometry":{"type":"Polygon","coordinates":[[[55.1018,25.1242],[55.1036,25.1199],[55.1087,25.1188],[55.112,25.1219],[55.1103,25.1262],[55.1052,25.1273],[55.1018,25.1242]]]}},{"type":"Feature","properties":{"h3_index":"8843a13215fffff","h3_resolution":8,"center_lat":25.11357,"center_lng":55.09695,"risk_score":0.162,"risk_class":"low","flood_exposure":0.0571,"charger_access_deficit":0.4841,"transport_disruption":0.7936},"geometry":{"type":"Polygon","coordinates":[[[55.0918,25.1147],[55.0936,25.1104],[55.0987,25.1093],[55.102,25.1125],[55.1003,25.1167],[55.0952,25.1179],[55.0918,25.1147]]]}},{"type":"Feature","properties":{"h3_index":"8843a13217fffff","h3_resolution":8,"center_lat":25.11562,"center_lng":55.10537,"risk_score":0.1657,"risk_class":"low","flood_exposure":0.0793,"charger_access_deficit":0.4423,"transport_disruption":0.7909},"geometry":{"type":"Polygon","coordinates":[[[55.1003,25.1167],[55.102,25.1125],[55.1071,25.1113],[55.1105,25.1145],[55.1087,25.1188],[55.1036,25.1199],[55.1003,25.1167]]]}},{"type":"Feature","properties":{"h3_index":"8843a13219fffff","h3_resolution":8,"center_lat":25.12642,"center_lng":55.09164,"risk_score":0.2172,"risk_class":"low","flood_exposure":0.0247,"charger_access_deficit":0.5887,"transport_disruption":0.8066},"geometry":{"type":"Polygon","coordinates":[[[55.0865,25.1275],[55.0883,25.1233],[55.0934,25.1221],[55.0967,25.1253],[55.095,25.1296],[55.0899,25.1307],[55.0865,25.1275]]]}},{"type":"Feature","properties":{"h3_index":"8843a1321bfffff","h3_resolution":8,"center_lat":25.12847,"center_lng":55.10007,"risk_score":0.2117,"risk_class":"low","flood_exposure":0.041,"charger_access_deficit":0.5542,"transport_disruption":0.792},"geometry":{"type":"Polygon","coordinates":[[[55.095,25.1296],[55.0967,25.1253],[55.1018,25.1242],[55.1052,25.1273],[55.1034,25.1316],[55.0983,25.1328],[55.095,25.1296]]]}},{"type":"Feature","properties":{"h3_index":"8843a1321dfffff","h3_resolution":8,"center_lat":25.11897,"center_lng":55.09008,"risk_score":0.179,"risk_class":"low","flood_exposure":0.031,"charger_access_deficit":0.5554,"transport_disruption":0.8073},"geometry":{"type":"Polygon","coordinates":[[[55.085,25.1201],[55.0868,25.1158],[55.0918,25.1147],[55.0952,25.1179],[55.0934,25.1221],[55.0883,25.1233],[55.085,25.1201]]]}},{"type":"Feature","properties":{"h3_index":"8843a13221fffff","h3_resolution":8,"center_lat":25.08919,"center_lng":55.08385,"risk_score":0.2172,"risk_class":"low","flood_exposure":0.0947,"charger_access_deficit":0.4902,"transport_disruption":0.8099},"geometry":{"type":"Polygon","coordinates":[[[55.0788,25.0903],[55.0805,25.086],[55.0856,25.0849],[55.0889,25.0881],[55.0872,25.0924],[55.0821,25.0935],[55.0788,25.0903]]]}},{"type":"Feature","properties":{"h3_index":"8843a13223fffff","h3_resolution":8,"center_lat":25.09124,"center_lng":55.09227,"risk_score":0.2164,"risk_class":"low","flood_exposure":0.1151,"charger_access_deficit":0.4318,"transport_disruption":0.7959},"geometry":{"type":"Polygon","coordinates":[[[55.0872,25.0924],[55.0889,25.0881],[55.094,25.087],[55.0974,25.0901],[55.0956,25.0944],[55.0905,25.0955],[55.0872,25.0924]]]}},{"type":"Feature","properties":{"h3_index":"8843a13225fffff","h3_resolution":8,"center_lat":25.08175,"center_lng":55.08229,"risk_score":0.2265,"risk_class":"low","flood_exposure":0.1178,"charger_access_deficit":0.4962,"transport_disruption":0.8096},"geometry":{"type":"Polygon","coordinates":[[[55.0772,25.0829],[55.079,25.0786],[55.0841,25.0775],[55.0874,25.0806],[55.0856,25.0849],[55.0805,25.086],[55.0772,25.0829]]]}},{"type":"Feature","properties":{"h3_index":"8843a13227fffff","h3_resolution":8,"center_lat":25.08379,"center_lng":55.09071,"risk_score":0.2096,"risk_class":"low","flood_exposure":0.1413,"charger_access_deficit":0.4339,"transport_disruption":0.7964},"geometry":{"type":"Polygon","coordinates":[[[55.0856,25.0849],[55.0874,25.0806],[55.0925,25.0795],[55.0958,25.0827],[55.094,25.087],[55.0889,25.0881],[55.0856,25.0849]]]}},{"type":"Feature","properties":{"h3_index":"8843a13229fffff","h3_resolution":8,"center_lat":25.09459,"center_lng":55.07698,"risk_score":0.2164,"risk_class":"low","flood_exposure":0.0574,"charger_access_deficit":0.5451,"transport_disruption":0.8318},"geometry":{"type":"Polygon","coordinates":[[[55.0719,25.0957],[55.0737,25.0914],[55.0788,25.0903],[55.0821,25.0935],[55.0803,25.0978],[55.0752,25.0989],[55.0719,25.0957]]]}},{"type":"Feature","properties":{"h3_index":"8843a1322bfffff","h3_resolution":8,"center_lat":25.09663,"center_lng":55.08541,"risk_score":0.2151,"risk_class":"low","flood_exposure":0.0733,"charger_access_deficit":0.4939,"transport_disruption":0.8093},"geometry":{"type":"Polygon","coordinates":[[[55.0803,25.0978],[55.0821,25.0935],[55.0872,25.0924],[55.0905,25.0955],[55.0887,25.0998],[55.0836,25.1009],[55.0803,25.0978]]]}},{"type":"Feature","properties":{"h3_index":"8843a1322dfffff","h3_resolution":8,"center_lat":25.08714,"center_lng":55.07543,"risk_score":0.2482,"risk_class":"low","flood_exposure":0.0758,"charger_access_deficit":0.5456,"transport_disruption":0.8321},"geometry":{"type":"Polygon","coordinates":[[[55.0703,25.0883],[55.0721,25.084],[55.0772,25.0829],[55.0805,25.086],[55.0788,25.0903],[55.0737,25.0914],[55.0703,25.0883]]]}},{"type":"Feature","properties":{"h3_index":"8843a13231fffff","h3_resolution":8,"center_lat":25.10073,"center_lng":55.10225,"risk_score":0.1856,"risk_class":"low","flood_exposure":0.1128,"charger_access_deficit":0.3871,"transport_disruption":0.7925},"geometry":{"type":"Polygon","coordinates":[[[55.0972,25.1018],[55.0989,25.0976],[55.104,25.0964],[55.1074,25.0996],[55.1056,25.1039],[55.1005,25.105],[55.0972,25.1018]]]}},{"type":"Feature","properties":{"h3_index":"8843a13233fffff","h3_resolution":8,"center_lat":25.10277,"center_lng":55.11068,"risk_score":0.1518,"risk_class":"low","flood_exposure":0.1379,"charger_access_deficit":0.339,"transport_disruption":0.8002},"geometry":{"type":"Polygon","coordinates":[[[55.1056,25.1039],[55.1074,25.0996],[55.1124,25.0985],[55.1158,25.1017],[55.114,25.1059],[55.1089,25.1071],[55.1056,25.1039]]]}},{"type":"Feature","properties":{"h3_index":"8843a13235fffff","h3_resolution":8,"center_lat":25.09328,"center_lng":55.10069,"risk_score":0.1638,"risk_class":"low","flood_exposure":0.1373,"charger_access_deficit":0.3736,"transport_disruption":0.7932},"geometry":{"type":"Polygon","coordinates":[[[55.0956,25.0944],[55.0974,25.0901],[55.1025,25.089],[55.1058,25.0922],[55.104,25.0964],[55.0989,25.0976],[55.0956,25.0944]]]}},{"type":"Feature","properties":{"h3_index":"8843a13237fffff","h3_resolution":8,"center_lat":25.09533,"center_lng":55.10912,"risk_score":0.1618,"risk_class":"low","flood_exposure":0.1614,"charger_access_deficit":0.3197,"transport_disruption":0.8009},"geometry":{"type":"Polygon","coordinates":[[[55.104,25.0964],[55.1058,25.0922],[55.1109,25.091],[55.1142,25.0942],[55.1124,25.0985],[55.1074,25.0996],[55.104,25.0964]]]}},{"type":"Feature","properties":{"h3_index":"8843a13239fffff","h3_resolution":8,"center_lat":25.10613,"center_lng":55.09539,"risk_score":0.1689,"risk_class":"low","flood_exposure":0.0719,"charger_access_deficit":0.458,"transport_disruption":0.7944},"geometry":{"type":"Polygon","coordinates":[[[55.0903,25.1072],[55.0921,25.103],[55.0972,25.1018],[55.1005,25.105],[55.0987,25.1093],[55.0936,25.1104],[55.0903,25.1072]]]}},{"type":"Feature","properties":{"h3_index":"8843a1323bfffff","h3_resolution":8,"center_lat":25.10817,"center_lng":55.10381,"risk_score":0.1411,"risk_class":"low","flood_exposure":0.0933,"charger_access_deficit":0.4107,"transport_disruption":0.7917},"geometry":{"type":"Polygon","coordinates":[[[55.0987,25.1093],[55.1005,25.105],[55.1056,25.1039],[55.1089,25.1071],[55.1071,25.1113],[55.102,25.1125],[55.0987,25.1093]]]}},{"type":"Feature","properties":{"h3_index":"8843a1323dfffff","h3_resolution":8,"center_lat":25.09868,"center_lng":55.09383,"risk_score":0.1831,"risk_class":"low","flood_exposure":0.0915,"charger_access_deficit":0.4401,"transport_disruption":0.7952},"geometry":{"type":"Polygon","coordinates":[[[55.0887,25.0998],[55.0905,25.0955],[55.0956,25.0944],[55.0989,25.0976],[55.0972,25.1018],[55.0921,25.103],[55.0887,25.0998]]]}},{"type":"Feature","properties":{"h3_index":"8843a13241fffff","h3_resolution":8,"center_lat":25.11823,"center_lng":55.05794,"risk_score":0.2944,"risk_class":"low","flood_exposure":0.0042,"charger_access_deficit":0.667,"transport_disruption":0.8822},"geometry":{"type":"Polygon","coordinates":[[[55.0528,25.1193],[55.0546,25.1151],[55.0597,25.1139],[55.063,25.1171],[55.0613,25.1214],[55.0562,25.1225],[55.0528,25.1193]]]}},{"type":"Feature","properties":{"h3_index":"8843a13243fffff","h3_resolution":8,"center_lat":25.12028,"center_lng":55.06636,"risk_score":0.2898,"risk_class":"low","flood_exposure":0.0057,"charger_access_deficit":0.659,"transport_disruption":0.869},"geometry":{"type":"Polygon","coordinates":[[[55.0613,25.1214],[55.063,25.1171],[55.0681,25.116],[55.0715,25.1192],[55.0697,25.1234],[55.0646,25.1246],[55.0613,25.1214]]]}},{"type":"Feature","properties":{"h3_index":"8843a13245fffff","h3_resolution":8,"center_lat":25.11078,"center_lng":55.05638,"risk_score":0.2933,"risk_class":"low","flood_exposure":0.0088,"charger_access_deficit":0.6487,"transport_disruption":0.8824},"geometry":{"type":"Polygon","coordinates":[[[55.0513,25.1119],[55.0531,25.1076],[55.0582,25.1065],[55.0615,25.1097],[55.0597,25.1139],[55.0546,25.1151],[55.0513,25.1119]]]}},{"type":"Feature","properties":{"h3_index":"8843a13247fffff","h3_resolution":8,"center_lat":25.11283,"center_lng":55.06481,"risk_score":0.2699,"risk_class":"low","flood_exposure":0.0106,"charger_access_deficit":0.6373,"transport_disruption":0.8691},"geometry":{"type":"Polygon","coordinates":[[[55.0597,25.1139],[55.0615,25.1097],[55.0666,25.1085],[55.0699,25.1117],[55.0681,25.116],[55.063,25.1171],[55.0597,25.1139]]]}},{"type":"Feature","properties":{"h3_index":"8843a1324bfffff","h3_resolution":8,"center_lat":25.12568,"center_lng":55.05949,"risk_score":0.3169,"risk_class":"low","flood_exposure":0.0016,"charger_access_deficit":0.6913,"transport_disruption":0.8823},"geometry":{"type":"Polygon","coordinates":[[[55.0544,25.1268],[55.0562,25.1225],[55.0613,25.1214],[55.0646,25.1246],[55.0628,25.1288],[55.0577,25.13],[55.0544,25.1268]]]}},{"type":"Feature","properties":{"h3_index":"8843a13251fffff","h3_resolution":8,"center_lat":25.12977,"center_lng":55.07634,"risk_score":0.3163,"risk_class":"low","flood_exposure":0.0054,"charger_access_deficit":0.6761,"transport_disruption":0.8522},"geometry":{"type":"Polygon","coordinates":[[[55.0712,25.1309],[55.073,25.1266],[55.0781,25.1255],[55.0814,25.1287],[55.0797,25.1329],[55.0746,25.1341],[55.0712,25.1309]]]}},{"type":"Feature","properties":{"h3_index":"8843a13253fffff","h3_resolution":8,"center_lat":25.13182,"center_lng":55.08477,"risk_score":0.259,"risk_class":"low","flood_exposure":0.0108,"charger_access_deficit":0.6558,"transport_disruption":0.8296},"geometry":{"type":"Polygon","coordinates":[[[55.0797,25.1329],[55.0814,25.1287],[55.0865,25.1275],[55.0899,25.1307],[55.0881,25.135],[55.083,25.1361],[55.0797,25.1329]]]}},{"type":"Feature","properties":{"h3_index":"8843a13255fffff","h3_resolution":8,"center_lat":25.12233,"center_lng":55.07479,"risk_score":0.2984,"risk_class":"low","flood_exposure":0.0085,"charger_access_deficit":0.6457,"transport_disruption":0.8523},"geometry":{"type":"Polygon","coordinates":[[[55.0697,25.1234],[55.0715,25.1192],[55.0766,25.118],[55.0799,25.1212],[55.0781,25.1255],[55.073,25.1266],[55.0697,25.1234]]]}},{"type":"Feature","properties":{"h3_index":"8843a13257fffff","h3_resolution":8,"center_lat":25.12437,"center_lng":55.08321,"risk_score":0.2512,"risk_class":"low","flood_exposure":0.0142,"charger_access_deficit":0.6219,"transport_disruption":0.83},"geometry":{"type":"Polygon","coordinates":[[[55.0781,25.1255],[55.0799,25.1212],[55.085,25.1201],[55.0883,25.1233],[55.0865,25.1275],[55.0814,25.1287],[55.0781,25.1255]]]}},{"type":"Feature","properties":{"h3_index":"8843a13259fffff","h3_resolution":8,"center_lat":25.13517,"center_lng":55.06947,"risk_score":0.313,"risk_class":"low","flood_exposure":0.0015,"charger_access_deficit":0.7181,"transport_disruption":0.8688},"geometry":{"type":"Polygon","coordinates":[[[55.0644,25.1363],[55.0661,25.132],[55.0712,25.1309],[55.0746,25.1341],[55.0728,25.1383],[55.0677,25.1395],[55.0644,25.1363]]]}},{"type":"Feature","properties":{"h3_index":"8843a1325bfffff","h3_resolution":8,"center_lat":25.13722,"center_lng":55.0779,"risk_score":0.3475,"risk_class":"low","flood_exposure":0.0038,"charger_access_deficit":0.7106,"transport_disruption":0.852},"geometry":{"type":"Polygon","coordinates":[[[55.0728,25.1383],[55.0746,25.1341],[55.0797,25.1329],[55.083,25.1361],[55.0812,25.1404],[55.0761,25.1415],[55.0728,25.1383]]]}},{"type":"Feature","properties":{"h3_index":"8843a1325dfffff","h3_resolution":8,"center_lat":25.12773,"center_lng":55.06792,"risk_score":0.3056,"risk_class":"low","flood_exposure":0.0029,"charger_access_deficit":0.6863,"transport_disruption":0.8689},"geometry":{"type":"Polygon","coordinates":[[[55.0628,25.1288],[55.0646,25.1246],[55.0697,25.1234],[55.073,25.1266],[55.0712,25.1309],[55.0661,25.132],[55.0628,25.1288]]]}},{"type":"Feature","properties":{"h3_index":"8843a13261fffff","h3_resolution":8,"center_lat":25.09794,"center_lng":55.0617,"risk_score":0.2938,"risk_class":"low","flood_exposure":0.0282,"charger_access_deficit":0.6141,"transport_disruption":0.8695},"geometry":{"type":"Polygon","coordinates":[[[55.0566,25.0991],[55.0584,25.0948],[55.0635,25.0937],[55.0668,25.0968],[55.065,25.1011],[55.0599,25.1022],[55.0566,25.0991]]]}},{"type":"Feature","properties":{"h3_index":"8843a13263fffff","h3_resolution":8,"center_lat":25.09999,"center_lng":55.07012,"risk_score":0.2672,"risk_class":"low","flood_exposure":0.033,"charger_access_deficit":0.5893,"transport_disruption":0.8534},"geometry":{"type":"Polygon","coordinates":[[[55.065,25.1011],[55.0668,25.0968],[55.0719,25.0957],[55.0752,25.0989],[55.0734,25.1032],[55.0683,25.1043],[55.065,25.1011]]]}},{"type":"Feature","properties":{"h3_index":"8843a13265fffff","h3_resolution":8,"center_lat":25.0905,"center_lng":55.06014,"risk_score":0.2611,"risk_class":"low","flood_exposure":0.0406,"charger_access_deficit":0.614,"transport_disruption":0.8693},"geometry":{"type":"Polygon","coordinates":[[[55.055,25.0916],[55.0568,25.0873],[55.0619,25.0862],[55.0652,25.0894],[55.0635,25.0937],[55.0584,25.0948],[55.055,25.0916]]]}},{"type":"Feature","properties":{"h3_index":"8843a13267fffff","h3_resolution":8,"center_lat":25.09254,"center_lng":55.06856,"risk_score":0.2655,"risk_class":"low","flood_exposure":0.0467,"charger_access_deficit":0.5853,"transport_disruption":0.8535},"geometry":{"type":"Polygon","coordinates":[[[55.0635,25.0937],[55.0652,25.0894],[55.0703,25.0883],[55.0737,25.0914],[55.0719,25.0957],[55.0668,25.0968],[55.0635,25.0937]]]}},{"type":"Feature","properties":{"h3_index":"8843a13269fffff","h3_resolution":8,"center_lat":25.10334,"center_lng":55.05483,"risk_score":0.2786,"risk_class":"low","flood_exposure":0.0157,"charger_access_deficit":0.6372,"transport_disruption":0.8825},"geometry":{"type":"Polygon","coordinates":[[[55.0497,25.1045],[55.0515,25.1002],[55.0566,25.0991],[55.0599,25.1022],[55.0582,25.1065],[55.0531,25.1076],[55.0497,25.1045]]]}},{"type":"Feature","properties":{"h3_index":"8843a1326bfffff","h3_resolution":8,"center_lat":25.10539,"center_lng":55.06325,"risk_score":0.2541,"risk_class":"low","flood_exposure":0.0181,"charger_access_deficit":0.622,"transport_disruption":0.8693},"geometry":{"type":"Polygon","coordinates":[[[55.0582,25.1065],[55.0599,25.1022],[55.065,25.1011],[55.0683,25.1043],[55.0666,25.1085],[55.0615,25.1097],[55.0582,25.1065]]]}},{"type":"Feature","properties":{"h3_index":"8843a1326dfffff","h3_resolution":8,"center_lat":25.09589,"center_lng":55.05328,"risk_score":0.2657,"risk_class":"low","flood_exposure":0.025,"charger_access_deficit":0.6331,"transport_disruption":0.8825},"geometry":{"type":"Polygon","coordinates":[[[55.0482,25.097],[55.05,25.0927],[55.055,25.0916],[55.0584,25.0948],[55.0566,25.0991],[55.0515,25.1002],[55.0482,25.097]]]}},{"type":"Feature","properties":{"h3_index":"8843a13281fffff","h3_resolution":8,"center_lat":25.1238,"center_lng":55.13909,"risk_score":0.2288,"risk_class":"low","flood_exposure":0.233,"charger_access_deficit":0.3395,"transport_disruption":0.8154},"geometry":{"type":"Polygon","coordinates":[[[55.134,25.1249],[55.1358,25.1206],[55.1409,25.1195],[55.1442,25.1227],[55.1424,25.127],[55.1373,25.1281],[55.134,25.1249]]]}},{"type":"Feature","properties":{"h3_index":"8843a13283fffff","h3_resolution":8,"center_lat":25.12584,"center_lng":55.14752,"risk_score":0.2554,"risk_class":"low","flood_exposure":0.282,"charger_access_deficit":0.3259,"transport_disruption":0.7934},"geometry":{"type":"Polygon","coordinates":[[[55.1424,25.127],[55.1442,25.1227],[55.1493,25.1216],[55.1526,25.1247],[55.1509,25.129],[55.1458,25.1301],[55.1424,25.127]]]}},{"type":"Feature","properties":{"h3_index":"8843a13285fffff","h3_resolution":8,"center_lat":25.11635,"center_lng":55.13753,"risk_score":0.2054,"risk_class":"low","flood_exposure":0.2382,"charger_access_deficit":0.2923,"transport_disruption":0.8158},"geometry":{"type":"Polygon","coordinates":[[[55.1324,25.1175],[55.1342,25.1132],[55.1393,25.1121],[55.1426,25.1152],[55.1409,25.1195],[55.1358,25.1206],[55.1324,25.1175]]]}},{"type":"Feature","properties":{"h3_index":"8843a13287fffff","h3_resolution":8,"center_lat":25.1184,"center_lng":55.14596,"risk_score":0.2174,"risk_class":"low","flood_exposure":0.2866,"charger_access_deficit":0.2813,"transport_disruption":0.7946},"geometry":{"type":"Polygon","coordinates":[[[55.1409,25.1195],[55.1426,25.1152],[55.1477,25.1141],[55.1511,25.1173],[55.1493,25.1216],[55.1442,25.1227],[55.1409,25.1195]]]}},{"type":"Feature","properties":{"h3_index":"8843a13289fffff","h3_resolution":8,"center_lat":25.1292,"center_lng":55.13222,"risk_score":0.2218,"risk_class":"low","flood_exposure":0.1808,"charger_access_deficit":0.4045,"transport_disruption":0.8201},"geometry":{"type":"Polygon","coordinates":[[[55.1271,25.1303],[55.1289,25.126],[55.134,25.1249],[55.1373,25.1281],[55.1356,25.1324],[55.1305,25.1335],[55.1271,25.1303]]]}},{"type":"Feature","properties":{"h3_index":"8843a1328bfffff","h3_resolution":8,"center_lat":25.13125,"center_lng":55.14066,"risk_score":0.2415,"risk_class":"low","flood_exposure":0.2271,"charger_access_deficit":0.388,"transport_disruption":0.8154},"geometry":{"type":"Polygon","coordinates":[[[55.1356,25.1324],[55.1373,25.1281],[55.1424,25.127],[55.1458,25.1301],[55.144,25.1344],[55.1389,25.1355],[55.1356,25.1324]]]}},{"type":"Feature","properties":{"h3_index":"8843a1328dfffff","h3_resolution":8,"center_lat":25.12175,"center_lng":55.13066,"risk_score":0.1968,"risk_class":"low","flood_exposure":0.1866,"charger_access_deficit":0.3552,"transport_disruption":0.8203},"geometry":{"type":"Polygon","coordinates":[[[55.1256,25.1229],[55.1273,25.1186],[55.1324,25.1175],[55.1358,25.1206],[55.134,25.1249],[55.1289,25.126],[55.1256,25.1229]]]}},{"type":"Feature","properties":{"h3_index":"8843a13291fffff","h3_resolution":8,"center_lat":25.13534,"center_lng":55.15752,"risk_score":0.2653,"risk_class":"low","flood_exposure":0.3219,"charger_access_deficit":0.3507,"transport_disruption":0.7546},"geometry":{"type":"Polygon","coordinates":[[[55.1524,25.1365],[55.1542,25.1322],[55.1593,25.1311],[55.1626,25.1342],[55.1609,25.1385],[55.1558,25.1396],[55.1524,25.1365]]]}},{"type":"Feature","properties":{"h3_index":"8843a13293fffff","h3_resolution":8,"center_lat":25.13738,"center_lng":55.16596,"risk_score":0.2781,"risk_class":"low","flood_exposure":0.3673,"charger_access_deficit":0.3269,"transport_disruption":0.7097},"geometry":{"type":"Polygon","coordinates":[[[55.1609,25.1385],[55.1626,25.1342],[55.1677,25.1331],[55.1711,25.1363],[55.1693,25.1405],[55.1642,25.1417],[55.1609,25.1385]]]}},{"type":"Feature","properties":{"h3_index":"8843a13295fffff","h3_resolution":8,"center_lat":25.12789,"center_lng":55.15596,"risk_score":0.2606,"risk_class":"low","flood_exposure":0.3315,"charger_access_deficit":0.3105,"transport_disruption":0.757},"geometry":{"type":"Polygon","coordinates":[[[55.1509,25.129],[55.1526,25.1247],[55.1577,25.1236],[55.1611,25.1268],[55.1593,25.1311],[55.1542,25.1322],[55.1509,25.129]]]}},{"type":"Feature","properties":{"h3_index":"8843a13297fffff","h3_resolution":8,"center_lat":25.12993,"center_lng":55.16439,"risk_score":0.256,"risk_class":"low","flood_exposure":0.3797,"charger_access_deficit":0.291,"transport_disruption":0.7146},"geometry":{"type":"Polygon","coordinates":[[[55.1593,25.1311],[55.1611,25.1268],[55.1662,25.1256],[55.1695,25.1288],[55.1677,25.1331],[55.1626,25.1342],[55.1593,25.1311]]]}},{"type":"Feature","properties":{"h3_index":"8843a13299fffff","h3_resolution":8,"center_lat":25.14074,"center_lng":55.15065,"risk_score":0.2898,"risk_class":"low","flood_exposure":0.2638,"charger_access_deficit":0.4161,"transport_disruption":0.7922},"geometry":{"type":"Polygon","coordinates":[[[55.1456,25.1419],[55.1473,25.1376],[55.1524,25.1365],[55.1558,25.1396],[55.154,25.1439],[55.1489,25.145],[55.1456,25.1419]]]}},{"type":"Feature","properties":{"h3_index":"8843a1329bfffff","h3_resolution":8,"center_lat":25.14279,"center_lng":55.15909,"risk_score":0.2853,"risk_class":"low","flood_exposure":0.308,"charger_access_deficit":0.3921,"transport_disruption":0.7529},"geometry":{"type":"Polygon","coordinates":[[[55.154,25.1439],[55.1558,25.1396],[55.1609,25.1385],[55.1642,25.1417],[55.1624,25.146],[55.1573,25.1471],[55.154,25.1439]]]}},{"type":"Feature","properties":{"h3_index":"8843a1329dfffff","h3_resolution":8,"center_lat":25.13329,"center_lng":55.14909,"risk_score":0.2714,"risk_class":"low","flood_exposure":0.2748,"charger_access_deficit":0.371,"transport_disruption":0.7926},"geometry":{"type":"Polygon","coordinates":[[[55.144,25.1344],[55.1458,25.1301],[55.1509,25.129],[55.1542,25.1322],[55.1524,25.1365],[55.1473,25.1376],[55.144,25.1344]]]}},{"type":"Feature","properties":{"h3_index":"8843a132a1fffff","h3_resolution":8,"center_lat":25.1035,"center_lng":55.14283,"risk_score":0.1852,"risk_class":"low","flood_exposure":0.2967,"charger_access_deficit":0.2024,"transport_disruption":0.7985},"geometry":{"type":"Polygon","coordinates":[[[55.1377,25.1046],[55.1395,25.1003],[55.1446,25.0992],[55.1479,25.1024],[55.1462,25.1067],[55.1411,25.1078],[55.1377,25.1046]]]}},{"type":"Feature","properties":{"h3_index":"8843a132a3fffff","h3_resolution":8,"center_lat":25.10554,"center_lng":55.15126,"risk_score":0.2024,"risk_class":"low","flood_exposure":0.3424,"charger_access_deficit":0.2002,"transport_disruption":0.7682},"geometry":{"type":"Polygon","coordinates":[[[55.1462,25.1067],[55.1479,25.1024],[55.153,25.1013],[55.1564,25.1044],[55.1546,25.1087],[55.1495,25.1098],[55.1462,25.1067]]]}},{"type":"Feature","properties":{"h3_index":"8843a132a5fffff","h3_resolution":8,"center_lat":25.09606,"center_lng":55.14126,"risk_score":0.1761,"risk_class":"low","flood_exposure":0.3078,"charger_access_deficit":0.1752,"transport_disruption":0.8013},"geometry":{"type":"Polygon","coordinates":[[[55.1362,25.0972],[55.1379,25.0929],[55.143,25.0918],[55.1464,25.0949],[55.1446,25.0992],[55.1395,25.1003],[55.1362,25.0972]]]}},{"type":"Feature","properties":{"h3_index":"8843a132a7fffff","h3_resolution":8,"center_lat":25.0981,"center_lng":55.14969,"risk_score":0.1653,"risk_class":"low","flood_exposure":0.3478,"charger_access_deficit":0.1733,"transport_disruption":0.7733},"geometry":{"type":"Polygon","coordinates":[[[55.1446,25.0992],[55.1464,25.0949],[55.1515,25.0938],[55.1548,25.097],[55.153,25.1013],[55.1479,25.1024],[55.1446,25.0992]]]}},{"type":"Feature","properties":{"h3_index":"8843a132a9fffff","h3_resolution":8,"center_lat":25.1089,"center_lng":55.13596,"risk_score":0.1715,"risk_class":"low","flood_exposure":0.2448,"charger_access_deficit":0.2493,"transport_disruption":0.8164},"geometry":{"type":"Polygon","coordinates":[[[55.1309,25.11],[55.1326,25.1057],[55.1377,25.1046],[55.1411,25.1078],[55.1393,25.1121],[55.1342,25.1132],[55.1309,25.11]]]}},{"type":"Feature","properties":{"h3_index":"8843a132abfffff","h3_resolution":8,"center_lat":25.11095,"center_lng":55.14439,"risk_score":0.201,"risk_class":"low","flood_exposure":0.2907,"charger_access_deficit":0.239,"transport_disruption":0.7963},"geometry":{"type":"Polygon","coordinates":[[[55.1393,25.1121],[55.1411,25.1078],[55.1462,25.1067],[55.1495,25.1098],[55.1477,25.1141],[55.1426,25.1152],[55.1393,25.1121]]]}},{"type":"Feature","properties":{"h3_index":"8843a132adfffff","h3_resolution":8,"center_lat":25.10146,"center_lng":55.1344,"risk_score":0.1706,"risk_class":"low","flood_exposure":0.2555,"charger_access_deficit":0.2139,"transport_disruption":0.8174},"geometry":{"type":"Polygon","coordinates":[[[55.1293,25.1026],[55.1311,25.0983],[55.1362,25.0972],[55.1395,25.1003],[55.1377,25.1046],[55.1326,25.1057],[55.1293,25.1026]]]}},{"type":"Feature","properties":{"h3_index":"8843a132b1fffff","h3_resolution":8,"center_lat":25.11503,"center_lng":55.16125,"risk_score":0.2176,"risk_class":"low","flood_exposure":0.3905,"charger_access_deficit":0.2283,"transport_disruption":0.727},"geometry":{"type":"Polygon","coordinates":[[[55.1562,25.1162],[55.1579,25.1119],[55.163,25.1108],[55.1664,25.1139],[55.1646,25.1182],[55.1595,25.1193],[55.1562,25.1162]]]}},{"type":"Feature","properties":{"h3_index":"8843a132b3fffff","h3_resolution":8,"center_lat":25.11708,"center_lng":55.16969,"risk_score":0.2626,"risk_class":"low","flood_exposure":0.4418,"charger_access_deficit":0.2187,"transport_disruption":0.696},"geometry":{"type":"Polygon","coordinates":[[[55.1646,25.1182],[55.1664,25.1139],[55.1715,25.1128],[55.1748,25.116],[55.173,25.1202],[55.1679,25.1214],[55.1646,25.1182]]]}},{"type":"Feature","properties":{"h3_index":"8843a132b5fffff","h3_resolution":8,"center_lat":25.10759,"center_lng":55.15969,"risk_score":0.2419,"risk_class":"low","flood_exposure":0.3913,"charger_access_deficit":0.2017,"transport_disruption":0.7344},"geometry":{"type":"Polygon","coordinates":[[[55.1546,25.1087],[55.1564,25.1044],[55.1615,25.1033],[55.1648,25.1065],[55.163,25.1108],[55.1579,25.1119],[55.1546,25.1087]]]}},{"type":"Feature","properties":{"h3_index":"8843a132b7fffff","h3_resolution":8,"center_lat":25.10963,"center_lng":55.16812,"risk_score":0.2512,"risk_class":"low","flood_exposure":0.4425,"charger_access_deficit":0.2013,"transport_disruption":0.7074},"geometry":{"type":"Polygon","coordinates":[[[55.163,25.1108],[55.1648,25.1065],[55.1699,25.1053],[55.1732,25.1085],[55.1715,25.1128],[55.1664,25.1139],[55.163,25.1108]]]}},{"type":"Feature","properties":{"h3_index":"8843a132b9fffff","h3_resolution":8,"center_lat":25.12044,"center_lng":55.15439,"risk_score":0.2387,"risk_class":"low","flood_exposure":0.3369,"charger_access_deficit":0.2712,"transport_disruption":0.7601},"geometry":{"type":"Polygon","coordinates":[[[55.1493,25.1216],[55.1511,25.1173],[55.1562,25.1162],[55.1595,25.1193],[55.1577,25.1236],[55.1526,25.1247],[55.1493,25.1216]]]}},{"type":"Feature","properties":{"h3_index":"8843a132bbfffff","h3_resolution":8,"center_lat":25.12248,"center_lng":55.16282,"risk_score":0.2607,"risk_class":"low","flood_exposure":0.3873,"charger_access_deficit":0.2583,"transport_disruption":0.7204},"geometry":{"type":"Polygon","coordinates":[[[55.1577,25.1236],[55.1595,25.1193],[55.1646,25.1182],[55.1679,25.1214],[55.1662,25.1256],[55.1611,25.1268],[55.1577,25.1236]]]}},{"type":"Feature","properties":{"h3_index":"8843a132bdfffff","h3_resolution":8,"center_lat":25.11299,"center_lng":55.15282,"risk_score":0.2219,"risk_class":"low","flood_exposure":0.3397,"charger_access_deficit":0.2338,"transport_disruption":0.7638},"geometry":{"type":"Polygon","coordinates":[[[55.1477,25.1141],[55.1495,25.1098],[55.1546,25.1087],[55.1579,25.1119],[55.1562,25.1162],[55.1511,25.1173],[55.1477,25.1141]]]}},{"type":"Feature","properties":{"h3_index":"8843a132c1fffff","h3_resolution":8,"center_lat":25.13256,"center_lng":55.11693,"risk_score":0.2286,"risk_class":"low","flood_exposure":0.0951,"charger_access_deficit":0.4952,"transport_disruption":0.7974},"geometry":{"type":"Polygon","coordinates":[[[55.1118,25.1337],[55.1136,25.1294],[55.1187,25.1283],[55.122,25.1314],[55.1203,25.1357],[55.1152,25.1368],[55.1118,25.1337]]]}},{"type":"Feature","properties":{"h3_index":"8843a132c3fffff","h3_resolution":8,"center_lat":25.13461,"center_lng":55.12536,"risk_score":0.2391,"risk_class":"low","flood_exposure":0.1322,"charger_access_deficit":0.4733,"transport_disruption":0.8107},"geometry":{"type":"Polygon","coordinates":[[[55.1203,25.1357],[55.122,25.1314],[55.1271,25.1303],[55.1305,25.1335],[55.1287,25.1378],[55.1236,25.1389],[55.1203,25.1357]]]}},{"type":"Feature","properties":{"h3_index":"8843a132c5fffff","h3_resolution":8,"center_lat":25.12511,"center_lng":55.11536,"risk_score":0.1949,"risk_class":"low","flood_exposure":0.1008,"charger_access_deficit":0.4486,"transport_disruption":0.798},"geometry":{"type":"Polygon","coordinates":[[[55.1103,25.1262],[55.112,25.1219],[55.1171,25.1208],[55.1205,25.124],[55.1187,25.1283],[55.1136,25.1294],[55.1103,25.1262]]]}},{"type":"Feature","properties":{"h3_index":"8843a132c7fffff","h3_resolution":8,"center_lat":25.12716,"center_lng":55.12379,"risk_score":0.1989,"risk_class":"low","flood_exposure":0.1381,"charger_access_deficit":0.4238,"transport_disruption":0.8112},"geometry":{"type":"Polygon","coordinates":[[[55.1187,25.1283],[55.1205,25.124],[55.1256,25.1229],[55.1289,25.126],[55.1271,25.1303],[55.122,25.1314],[55.1187,25.1283]]]}},{"type":"Feature","properties":{"h3_index":"8843a132c9fffff","h3_resolution":8,"center_lat":25.13796,"center_lng":55.11006,"risk_score":0.2353,"risk_class":"low","flood_exposure":0.0598,"charger_access_deficit":0.5682,"transport_disruption":0.7886},"geometry":{"type":"Polygon","coordinates":[[[55.105,25.1391],[55.1067,25.1348],[55.1118,25.1337],[55.1152,25.1368],[55.1134,25.1411],[55.1083,25.1422],[55.105,25.1391]]]}},{"type":"Feature","properties":{"h3_index":"8843a132cbfffff","h3_resolution":8,"center_lat":25.14001,"center_lng":55.11849,"risk_score":0.2647,"risk_class":"low","flood_exposure":0.0896,"charger_access_deficit":0.5443,"transport_disruption":0.7968},"geometry":{"type":"Polygon","coordinates":[[[55.1134,25.1411],[55.1152,25.1368],[55.1203,25.1357],[55.1236,25.1389],[55.1218,25.1432],[55.1167,25.1443],[55.1134,25.1411]]]}},{"type":"Feature","properties":{"h3_index":"8843a132cdfffff","h3_resolution":8,"center_lat":25.13051,"center_lng":55.1085,"risk_score":0.2081,"risk_class":"low","flood_exposure":0.0644,"charger_access_deficit":0.5222,"transport_disruption":0.7893},"geometry":{"type":"Polygon","coordinates":[[[55.1034,25.1316],[55.1052,25.1273],[55.1103,25.1262],[55.1136,25.1294],[55.1118,25.1337],[55.1067,25.1348],[55.1034,25.1316]]]}},{"type":"Feature","properties":{"h3_index":"8843a132d1fffff","h3_resolution":8,"center_lat":25.1441,"center_lng":55.13535,"risk_score":0.2851,"risk_class":"low","flood_exposure":0.1649,"charger_access_deficit":0.5049,"transport_disruption":0.8198},"geometry":{"type":"Polygon","coordinates":[[[55.1303,25.1452],[55.132,25.1409],[55.1371,25.1398],[55.1405,25.143],[55.1387,25.1473],[55.1336,25.1484],[55.1303,25.1452]]]}},{"type":"Feature","properties":{"h3_index":"8843a132d3fffff","h3_resolution":8,"center_lat":25.14615,"center_lng":55.14379,"risk_score":0.2971,"risk_class":"low","flood_exposure":0.2067,"charger_access_deficit":0.4844,"transport_disruption":0.8155},"geometry":{"type":"Polygon","coordinates":[[[55.1387,25.1473],[55.1405,25.143],[55.1456,25.1419],[55.1489,25.145],[55.1471,25.1493],[55.142,25.1504],[55.1387,25.1473]]]}},{"type":"Feature","properties":{"h3_index":"8843a132d5fffff","h3_resolution":8,"center_lat":25.13665,"center_lng":55.13379,"risk_score":0.2718,"risk_class":"low","flood_exposure":0.1741,"charger_access_deficit":0.4547,"transport_disruption":0.8199},"geometry":{"type":"Polygon","coordinates":[[[55.1287,25.1378],[55.1305,25.1335],[55.1356,25.1324],[55.1389,25.1355],[55.1371,25.1398],[55.132,25.1409],[55.1287,25.1378]]]}},{"type":"Feature","properties":{"h3_index":"8843a132d7fffff","h3_resolution":8,"center_lat":25.1387,"center_lng":55.14222,"risk_score":0.2693,"risk_class":"low","flood_exposure":0.2186,"charger_access_deficit":0.4365,"transport_disruption":0.8154},"geometry":{"type":"Polygon","coordinates":[[[55.1371,25.1398],[55.1389,25.1355],[55.144,25.1344],[55.1473,25.1376],[55.1456,25.1419],[55.1405,25.143],[55.1371,25.1398]]]}},{"type":"Feature","properties":{"h3_index":"8843a132d9fffff","h3_resolution":8,"center_lat":25.14951,"center_lng":55.12848,"risk_score":0.3056,"risk_class":"low","flood_exposure":0.1162,"charger_access_deficit":0.5749,"transport_disruption":0.8098},"geometry":{"type":"Polygon","coordinates":[[[55.1234,25.1506],[55.1252,25.1463],[55.1303,25.1452],[55.1336,25.1484],[55.1318,25.1527],[55.1267,25.1538],[55.1234,25.1506]]]}},{"type":"Feature","properties":{"h3_index":"8843a132dbfffff","h3_resolution":8,"center_lat":25.15155,"center_lng":55.13692,"risk_score":0.2982,"risk_class":"low","flood_exposure":0.1529,"charger_access_deficit":0.5544,"transport_disruption":0.8196},"geometry":{"type":"Polygon","coordinates":[[[55.1318,25.1527],[55.1336,25.1484],[55.1387,25.1473],[55.142,25.1504],[55.1403,25.1547],[55.1351,25.1558],[55.1318,25.1527]]]}},{"type":"Feature","properties":{"h3_index":"8843a132ddfffff","h3_resolution":8,"center_lat":25.14206,"center_lng":55.12692,"risk_score":0.2518,"risk_class":"low","flood_exposure":0.1252,"charger_access_deficit":0.524,"transport_disruption":0.8103},"geometry":{"type":"Polygon","coordinates":[[[55.1218,25.1432],[55.1236,25.1389],[55.1287,25.1378],[55.132,25.1409],[55.1303,25.1452],[55.1252,25.1463],[55.1218,25.1432]]]}},{"type":"Feature","properties":{"h3_index":"8843a132e1fffff","h3_resolution":8,"center_lat":25.11226,"center_lng":55.12067,"risk_score":0.1651,"risk_class":"low","flood_exposure":0.1538,"charger_access_deficit":0.3342,"transport_disruption":0.8121},"geometry":{"type":"Polygon","coordinates":[[[55.1156,25.1134],[55.1173,25.1091],[55.1224,25.108],[55.1258,25.1111],[55.124,25.1154],[55.1189,25.1165],[55.1156,25.1134]]]}},{"type":"Feature","properties":{"h3_index":"8843a132e3fffff","h3_resolution":8,"center_lat":25.11431,"center_lng":55.1291,"risk_score":0.1807,"risk_class":"low","flood_exposure":0.1934,"charger_access_deficit":0.309,"transport_disruption":0.8205},"geometry":{"type":"Polygon","coordinates":[[[55.124,25.1154],[55.1258,25.1111],[55.1309,25.11],[55.1342,25.1132],[55.1324,25.1175],[55.1273,25.1186],[55.124,25.1154]]]}},{"type":"Feature","properties":{"h3_index":"8843a132e5fffff","h3_resolution":8,"center_lat":25.10482,"center_lng":55.11911,"risk_score":0.1539,"risk_class":"low","flood_exposure":0.1679,"charger_access_deficit":0.2988,"transport_disruption":0.8126},"geometry":{"type":"Polygon","coordinates":[[[55.114,25.1059],[55.1158,25.1017],[55.1209,25.1005],[55.1242,25.1037],[55.1224,25.108],[55.1173,25.1091],[55.114,25.1059]]]}},{"type":"Feature","properties":{"h3_index":"8843a132e7fffff","h3_resolution":8,"center_lat":25.10686,"center_lng":55.12753,"risk_score":0.1746,"risk_class":"low","flood_exposure":0.2036,"charger_access_deficit":0.2687,"transport_disruption":0.8208},"geometry":{"type":"Polygon","coordinates":[[[55.1224,25.108],[55.1242,25.1037],[55.1293,25.1026],[55.1326,25.1057],[55.1309,25.11],[55.1258,25.1111],[55.1224,25.108]]]}},{"type":"Feature","properties":{"h3_index":"8843a132e9fffff","h3_resolution":8,"center_lat":25.11766,"center_lng":55.1138,"risk_score":0.1647,"risk_class":"low","flood_exposure":0.1085,"charger_access_deficit":0.4057,"transport_disruption":0.7987},"geometry":{"type":"Polygon","coordinates":[[[55.1087,25.1188],[55.1105,25.1145],[55.1156,25.1134],[55.1189,25.1165],[55.1171,25.1208],[55.112,25.1219],[55.1087,25.1188]]]}},{"type":"Feature","properties":{"h3_index":"8843a132ebfffff","h3_resolution":8,"center_lat":25.11971,"center_lng":55.12223,"risk_score":0.1896,"risk_class":"low","flood_exposure":0.1446,"charger_access_deficit":0.3767,"transport_disruption":0.8117},"geometry":{"type":"Polygon","coordinates":[[[55.1171,25.1208],[55.1189,25.1165],[55.124,25.1154],[55.1273,25.1186],[55.1256,25.1229],[55.1205,25.124],[55.1171,25.1208]]]}},{"type":"Feature","properties":{"h3_index":"8843a132edfffff","h3_resolution":8,"center_lat":25.11022,"center_lng":55.11224,"risk_score":0.1424,"risk_class":"low","flood_exposure":0.1203,"charger_access_deficit":0.3685,"transport_disruption":0.7995},"geometry":{"type":"Polygon","coordinates":[[[55.1071,25.1113],[55.1089,25.1071],[55.114,25.1059],[55.1173,25.1091],[55.1156,25.1134],[55.1105,25.1145],[55.1071,25.1113]]]}},{"type":"Feature","properties":{"h3_index":"8843a13301fffff","h3_resolution":8,"center_lat":25.05738,"center_lng":55.06921,"risk_score":0.3642,"risk_class":"moderate","flood_exposure":0.1521,"charger_access_deficit":0.6307,"transport_disruption":0.782},"geometry":{"type":"Polygon","coordinates":[[[55.0641,25.0585],[55.0659,25.0542],[55.071,25.0531],[55.0743,25.0563],[55.0725,25.0605],[55.0674,25.0617],[55.0641,25.0585]]]}},{"type":"Feature","properties":{"h3_index":"8843a13303fffff","h3_resolution":8,"center_lat":25.05942,"center_lng":55.07762,"risk_score":0.3368,"risk_class":"low","flood_exposure":0.1845,"charger_access_deficit":0.5682,"transport_disruption":0.777},"geometry":{"type":"Polygon","coordinates":[[[55.0725,25.0605],[55.0743,25.0563],[55.0794,25.0551],[55.0827,25.0583],[55.0809,25.0626],[55.0759,25.0637],[55.0725,25.0605]]]}},{"type":"Feature","properties":{"h3_index":"8843a13305fffff","h3_resolution":8,"center_lat":25.04994,"center_lng":55.06765,"risk_score":0.375,"risk_class":"moderate","flood_exposure":0.1674,"charger_access_deficit":0.6689,"transport_disruption":0.7387},"geometry":{"type":"Polygon","coordinates":[[[55.0626,25.0511],[55.0643,25.0468],[55.0694,25.0457],[55.0727,25.0488],[55.071,25.0531],[55.0659,25.0542],[55.0626,25.0511]]]}},{"type":"Feature","properties":{"h3_index":"8843a13307fffff","h3_resolution":8,"center_lat":25.05198,"center_lng":55.07607,"risk_score":0.3574,"risk_class":"moderate","flood_exposure":0.2027,"charger_access_deficit":0.6067,"transport_disruption":0.743},"geometry":{"type":"Polygon","coordinates":[[[55.071,25.0531],[55.0727,25.0488],[55.0778,25.0477],[55.0812,25.0509],[55.0794,25.0551],[55.0743,25.0563],[55.071,25.0531]]]}},{"type":"Feature","properties":{"h3_index":"8843a13309fffff","h3_resolution":8,"center_lat":25.06277,"center_lng":55.06234,"risk_score":0.3313,"risk_class":"low","flood_exposure":0.1131,"charger_access_deficit":0.649,"transport_disruption":0.8154},"geometry":{"type":"Polygon","coordinates":[[[55.0573,25.0639],[55.059,25.0596],[55.0641,25.0585],[55.0674,25.0617],[55.0657,25.0659],[55.0606,25.0671],[55.0573,25.0639]]]}},{"type":"Feature","properties":{"h3_index":"8843a1330bfffff","h3_resolution":8,"center_lat":25.06482,"center_lng":55.07076,"risk_score":0.3178,"risk_class":"low","flood_exposure":0.1344,"charger_access_deficit":0.5983,"transport_disruption":0.8092},"geometry":{"type":"Polygon","coordinates":[[[55.0657,25.0659],[55.0674,25.0617],[55.0725,25.0605],[55.0759,25.0637],[55.0741,25.068],[55.069,25.0691],[55.0657,25.0659]]]}},{"type":"Feature","properties":{"h3_index":"8843a1330dfffff","h3_resolution":8,"center_lat":25.05533,"center_lng":55.06079,"risk_score":0.369,"risk_class":"moderate","flood_exposure":0.1282,"charger_access_deficit":0.6821,"transport_disruption":0.7792},"geometry":{"type":"Polygon","coordinates":[[[55.0557,25.0564],[55.0575,25.0522],[55.0626,25.0511],[55.0659,25.0542],[55.0641,25.0585],[55.059,25.0596],[55.0557,25.0564]]]}},{"type":"Feature","properties":{"h3_index":"8843a13311fffff","h3_resolution":8,"center_lat":25.06891,"center_lng":55.0876,"risk_score":0.2748,"risk_class":"low","flood_exposure":0.1946,"charger_access_deficit":0.4698,"transport_disruption":0.7894},"geometry":{"type":"Polygon","coordinates":[[[55.0825,25.07],[55.0843,25.0657],[55.0894,25.0646],[55.0927,25.0678],[55.0909,25.0721],[55.0858,25.0732],[55.0825,25.07]]]}},{"type":"Feature","properties":{"h3_index":"8843a13313fffff","h3_resolution":8,"center_lat":25.07095,"center_lng":55.09602,"risk_score":0.2554,"risk_class":"low","flood_exposure":0.2252,"charger_access_deficit":0.402,"transport_disruption":0.7905},"geometry":{"type":"Polygon","coordinates":[[[55.0909,25.0721],[55.0927,25.0678],[55.0978,25.0667],[55.1011,25.0698],[55.0993,25.0741],[55.0943,25.0752],[55.0909,25.0721]]]}},{"type":"Feature","properties":{"h3_index":"8843a13315fffff","h3_resolution":8,"center_lat":25.06146,"center_lng":55.08604,"risk_score":0.2906,"risk_class":"low","flood_exposure":0.2188,"charger_access_deficit":0.5016,"transport_disruption":0.7752},"geometry":{"type":"Polygon","coordinates":[[[55.0809,25.0626],[55.0827,25.0583],[55.0878,25.0572],[55.0911,25.0603],[55.0894,25.0646],[55.0843,25.0657],[55.0809,25.0626]]]}},{"type":"Feature","properties":{"h3_index":"8843a13317fffff","h3_resolution":8,"center_lat":25.06351,"center_lng":55.09446,"risk_score":0.2944,"risk_class":"low","flood_exposure":0.2531,"charger_access_deficit":0.4334,"transport_disruption":0.7805},"geometry":{"type":"Polygon","coordinates":[[[55.0894,25.0646],[55.0911,25.0603],[55.0962,25.0592],[55.0996,25.0624],[55.0978,25.0667],[55.0927,25.0678],[55.0894,25.0646]]]}},{"type":"Feature","properties":{"h3_index":"8843a13319fffff","h3_resolution":8,"center_lat":25.0743,"center_lng":55.08074,"risk_score":0.2594,"risk_class":"low","flood_exposure":0.1412,"charger_access_deficit":0.5118,"transport_disruption":0.8065},"geometry":{"type":"Polygon","coordinates":[[[55.0756,25.0754],[55.0774,25.0711],[55.0825,25.07],[55.0858,25.0732],[55.0841,25.0775],[55.079,25.0786],[55.0756,25.0754]]]}},{"type":"Feature","properties":{"h3_index":"8843a1331bfffff","h3_resolution":8,"center_lat":25.07635,"center_lng":55.08916,"risk_score":0.2271,"risk_class":"low","flood_exposure":0.1684,"charger_access_deficit":0.4468,"transport_disruption":0.7952},"geometry":{"type":"Polygon","coordinates":[[[55.0841,25.0775],[55.0858,25.0732],[55.0909,25.0721],[55.0943,25.0752],[55.0925,25.0795],[55.0874,25.0806],[55.0841,25.0775]]]}},{"type":"Feature","properties":{"h3_index":"8843a1331dfffff","h3_resolution":8,"center_lat":25.06686,"center_lng":55.07918,"risk_score":0.2965,"risk_class":"low","flood_exposure":0.1637,"charger_access_deficit":0.5362,"transport_disruption":0.797},"geometry":{"type":"Polygon","coordinates":[[[55.0741,25.068],[55.0759,25.0637],[55.0809,25.0626],[55.0843,25.0657],[55.0825,25.07],[55.0774,25.0711],[55.0741,25.068]]]}},{"type":"Feature","properties":{"h3_index":"8843a13321fffff","h3_resolution":8,"center_lat":25.0371,"center_lng":55.07296,"risk_score":0.3669,"risk_class":"moderate","flood_exposure":0.2296,"charger_access_deficit":0.6985,"transport_disruption":0.6275},"geometry":{"type":"Polygon","coordinates":[[[55.0679,25.0382],[55.0696,25.0339],[55.0747,25.0328],[55.0781,25.036],[55.0763,25.0403],[55.0712,25.0414],[55.0679,25.0382]]]}},{"type":"Feature","properties":{"h3_index":"8843a13323fffff","h3_resolution":8,"center_lat":25.03915,"center_lng":55.08137,"risk_score":0.4015,"risk_class":"moderate","flood_exposure":0.273,"charger_access_deficit":0.6352,"transport_disruption":0.6502},"geometry":{"type":"Polygon","coordinates":[[[55.0763,25.0403],[55.0781,25.036],[55.0831,25.0349],[55.0865,25.038],[55.0847,25.0423],[55.0796,25.0434],[55.0763,25.0403]]]}},{"type":"Feature","properties":{"h3_index":"8843a13325fffff","h3_resolution":8,"center_lat":25.02967,"center_lng":55.0714,"risk_score":0.4148,"risk_class":"moderate","flood_exposure":0.2374,"charger_access_deficit":0.7491,"transport_disruption":0.5515},"geometry":{"type":"Polygon","coordinates":[[[55.0663,25.0308],[55.0681,25.0265],[55.0732,25.0254],[55.0765,25.0285],[55.0747,25.0328],[55.0696,25.0339],[55.0663,25.0308]]]}},{"type":"Feature","properties":{"h3_index":"8843a13327fffff","h3_resolution":8,"center_lat":25.03171,"center_lng":55.07982,"risk_score":0.4083,"risk_class":"moderate","flood_exposure":0.2834,"charger_access_deficit":0.6883,"transport_disruption":0.5818},"geometry":{"type":"Polygon","coordinates":[[[55.0747,25.0328],[55.0765,25.0285],[55.0816,25.0274],[55.0849,25.0306],[55.0831,25.0349],[55.0781,25.036],[55.0747,25.0328]]]}},{"type":"Feature","properties":{"h3_index":"8843a13329fffff","h3_resolution":8,"center_lat":25.0425,"center_lng":55.0661,"risk_score":0.3693,"risk_class":"moderate","flood_exposure":0.18,"charger_access_deficit":0.7118,"transport_disruption":0.6789},"geometry":{"type":"Polygon","coordinates":[[[55.061,25.0436],[55.0628,25.0393],[55.0679,25.0382],[55.0712,25.0414],[55.0694,25.0457],[55.0643,25.0468],[55.061,25.0436]]]}},{"type":"Feature","properties":{"h3_index":"8843a1332bfffff","h3_resolution":8,"center_lat":25.04454,"center_lng":55.07451,"risk_score":0.3634,"risk_class":"moderate","flood_exposure":0.2179,"charger_access_deficit":0.6506,"transport_disruption":0.6928},"geometry":{"type":"Polygon","coordinates":[[[55.0694,25.0457],[55.0712,25.0414],[55.0763,25.0403],[55.0796,25.0434],[55.0778,25.0477],[55.0727,25.0488],[55.0694,25.0457]]]}},{"type":"Feature","properties":{"h3_index":"8843a1332dfffff","h3_resolution":8,"center_lat":25.03506,"center_lng":55.06455,"risk_score":0.3905,"risk_class":"moderate","flood_exposure":0.1892,"charger_access_deficit":0.758,"transport_disruption":0.6048},"geometry":{"type":"Polygon","coordinates":[[[55.0595,25.0362],[55.0612,25.0319],[55.0663,25.0308],[55.0696,25.0339],[55.0679,25.0382],[55.0628,25.0393],[55.0595,25.0362]]]}},{"type":"Feature","properties":{"h3_index":"8843a13331fffff","h3_resolution":8,"center_lat":25.04863,"center_lng":55.09135,"risk_score":0.3304,"risk_class":"low","flood_exposure":0.2996,"charger_access_deficit":0.5195,"transport_disruption":0.7257},"geometry":{"type":"Polygon","coordinates":[[[55.0863,25.0497],[55.088,25.0455],[55.0931,25.0443],[55.0964,25.0475],[55.0947,25.0518],[55.0896,25.0529],[55.0863,25.0497]]]}},{"type":"Feature","properties":{"h3_index":"8843a13333fffff","h3_resolution":8,"center_lat":25.05067,"center_lng":55.09976,"risk_score":0.3621,"risk_class":"moderate","flood_exposure":0.3388,"charger_access_deficit":0.455,"transport_disruption":0.7495},"geometry":{"type":"Polygon","coordinates":[[[55.0947,25.0518],[55.0964,25.0475],[55.1015,25.0464],[55.1049,25.0496],[55.1031,25.0538],[55.098,25.0549],[55.0947,25.0518]]]}},{"type":"Feature","properties":{"h3_index":"8843a13335fffff","h3_resolution":8,"center_lat":25.04119,"center_lng":55.08979,"risk_score":0.4017,"risk_class":"moderate","flood_exposure":0.3172,"charger_access_deficit":0.5708,"transport_disruption":0.6765},"geometry":{"type":"Polygon","coordinates":[[[55.0847,25.0423],[55.0865,25.038],[55.0916,25.0369],[55.0949,25.0401],[55.0931,25.0443],[55.088,25.0455],[55.0847,25.0423]]]}},{"type":"Feature","properties":{"h3_index":"8843a13337fffff","h3_resolution":8,"center_lat":25.04323,"center_lng":55.09821,"risk_score":0.3908,"risk_class":"moderate","flood_exposure":0.3597,"charger_access_deficit":0.5081,"transport_disruption":0.7076},"geometry":{"type":"Polygon","coordinates":[[[55.0931,25.0443],[55.0949,25.0401],[55.1,25.039],[55.1033,25.0421],[55.1015,25.0464],[55.0964,25.0475],[55.0931,25.0443]]]}},{"type":"Feature","properties":{"h3_index":"8843a13339fffff","h3_resolution":8,"center_lat":25.05402,"center_lng":55.08449,"risk_score":0.3347,"risk_class":"low","flood_exposure":0.2403,"charger_access_deficit":0.5407,"transport_disruption":0.7488},"geometry":{"type":"Polygon","coordinates":[[[55.0794,25.0551],[55.0812,25.0509],[55.0863,25.0497],[55.0896,25.0529],[55.0878,25.0572],[55.0827,25.0583],[55.0794,25.0551]]]}},{"type":"Feature","properties":{"h3_index":"8843a1333bfffff","h3_resolution":8,"center_lat":25.05607,"center_lng":55.0929,"risk_score":0.3321,"risk_class":"low","flood_exposure":0.278,"charger_access_deficit":0.4732,"transport_disruption":0.7599},"geometry":{"type":"Polygon","coordinates":[[[55.0878,25.0572],[55.0896,25.0529],[55.0947,25.0518],[55.098,25.0549],[55.0962,25.0592],[55.0911,25.0603],[55.0878,25.0572]]]}},{"type":"Feature","properties":{"h3_index":"8843a1333dfffff","h3_resolution":8,"center_lat":25.04658,"center_lng":55.08293,"risk_score":0.3743,"risk_class":"moderate","flood_exposure":0.2585,"charger_access_deficit":0.5856,"transport_disruption":0.7071},"geometry":{"type":"Polygon","coordinates":[[[55.0778,25.0477],[55.0796,25.0434],[55.0847,25.0423],[55.088,25.0455],[55.0863,25.0497],[55.0812,25.0509],[55.0778,25.0477]]]}},{"type":"Feature","properties":{"h3_index":"8843a13341fffff","h3_resolution":8,"center_lat":25.06612,"center_lng":55.04707,"risk_score":0.3686,"risk_class":"moderate","flood_exposure":0.0778,"charger_access_deficit":0.6907,"transport_disruption":0.8426},"geometry":{"type":"Polygon","coordinates":[[[55.042,25.0672],[55.0437,25.063],[55.0488,25.0618],[55.0522,25.065],[55.0504,25.0693],[55.0453,25.0704],[55.042,25.0672]]]}},{"type":"Feature","properties":{"h3_index":"8843a13343fffff","h3_resolution":8,"center_lat":25.06817,"center_lng":55.05548,"risk_score":0.3385,"risk_class":"low","flood_exposure":0.0853,"charger_access_deficit":0.6594,"transport_disruption":0.8423},"geometry":{"type":"Polygon","coordinates":[[[55.0504,25.0693],[55.0522,25.065],[55.0573,25.0639],[55.0606,25.0671],[55.0588,25.0713],[55.0537,25.0724],[55.0504,25.0693]]]}},{"type":"Feature","properties":{"h3_index":"8843a13345fffff","h3_resolution":8,"center_lat":25.05868,"center_lng":55.04551,"risk_score":0.3602,"risk_class":"moderate","flood_exposure":0.0911,"charger_access_deficit":0.7215,"transport_disruption":0.8049},"geometry":{"type":"Polygon","coordinates":[[[55.0404,25.0598],[55.0422,25.0555],[55.0473,25.0544],[55.0506,25.0576],[55.0488,25.0618],[55.0437,25.063],[55.0404,25.0598]]]}},{"type":"Feature","properties":{"h3_index":"8843a13347fffff","h3_resolution":8,"center_lat":25.06073,"center_lng":55.05393,"risk_score":0.3511,"risk_class":"moderate","flood_exposure":0.1001,"charger_access_deficit":0.6882,"transport_disruption":0.8129},"geometry":{"type":"Polygon","coordinates":[[[55.0488,25.0618],[55.0506,25.0576],[55.0557,25.0564],[55.059,25.0596],[55.0573,25.0639],[55.0522,25.065],[55.0488,25.0618]]]}},{"type":"Feature","properties":{"h3_index":"8843a1334bfffff","h3_resolution":8,"center_lat":25.07356,"center_lng":55.04862,"risk_score":0.3376,"risk_class":"low","flood_exposure":0.0638,"charger_access_deficit":0.6659,"transport_disruption":0.8655},"geometry":{"type":"Polygon","coordinates":[[[55.0435,25.0747],[55.0453,25.0704],[55.0504,25.0693],[55.0537,25.0724],[55.0519,25.0767],[55.0468,25.0778],[55.0435,25.0747]]]}},{"type":"Feature","properties":{"h3_index":"8843a13351fffff","h3_resolution":8,"center_lat":25.07766,"center_lng":55.06545,"risk_score":0.3191,"risk_class":"low","flood_exposure":0.0793,"charger_access_deficit":0.6019,"transport_disruption":0.8484},"geometry":{"type":"Polygon","coordinates":[[[55.0604,25.0788],[55.0621,25.0745],[55.0672,25.0734],[55.0705,25.0765],[55.0688,25.0808],[55.0637,25.0819],[55.0604,25.0788]]]}},{"type":"Feature","properties":{"h3_index":"8843a13353fffff","h3_resolution":8,"center_lat":25.0797,"center_lng":55.07387,"risk_score":0.2674,"risk_class":"low","flood_exposure":0.0954,"charger_access_deficit":0.5549,"transport_disruption":0.8304},"geometry":{"type":"Polygon","coordinates":[[[55.0688,25.0808],[55.0705,25.0765],[55.0756,25.0754],[55.079,25.0786],[55.0772,25.0829],[55.0721,25.084],[55.0688,25.0808]]]}},{"type":"Feature","properties":{"h3_index":"8843a13355fffff","h3_resolution":8,"center_lat":25.07021,"center_lng":55.0639,"risk_score":0.3054,"risk_class":"low","flood_exposure":0.0965,"charger_access_deficit":0.622,"transport_disruption":0.8374},"geometry":{"type":"Polygon","coordinates":[[[55.0588,25.0713],[55.0606,25.0671],[55.0657,25.0659],[55.069,25.0691],[55.0672,25.0734],[55.0621,25.0745],[55.0588,25.0713]]]}},{"type":"Feature","properties":{"h3_index":"8843a13357fffff","h3_resolution":8,"center_lat":25.07226,"center_lng":55.07232,"risk_score":0.2843,"risk_class":"low","flood_exposure":0.1153,"charger_access_deficit":0.5728,"transport_disruption":0.824},"geometry":{"type":"Polygon","coordinates":[[[55.0672,25.0734],[55.069,25.0691],[55.0741,25.068],[55.0774,25.0711],[55.0756,25.0754],[55.0705,25.0765],[55.0672,25.0734]]]}},{"type":"Feature","properties":{"h3_index":"8843a13359fffff","h3_resolution":8,"center_lat":25.08305,"center_lng":55.05859,"risk_score":0.2703,"risk_class":"low","flood_exposure":0.0547,"charger_access_deficit":0.6217,"transport_disruption":0.8667},"geometry":{"type":"Polygon","coordinates":[[[55.0535,25.0842],[55.0553,25.0799],[55.0604,25.0788],[55.0637,25.0819],[55.0619,25.0862],[55.0568,25.0873],[55.0535,25.0842]]]}},{"type":"Feature","properties":{"h3_index":"8843a1335bfffff","h3_resolution":8,"center_lat":25.0851,"center_lng":55.06701,"risk_score":0.2826,"risk_class":"low","flood_exposure":0.0624,"charger_access_deficit":0.5896,"transport_disruption":0.8525},"geometry":{"type":"Polygon","coordinates":[[[55.0619,25.0862],[55.0637,25.0819],[55.0688,25.0808],[55.0721,25.084],[55.0703,25.0883],[55.0652,25.0894],[55.0619,25.0862]]]}},{"type":"Feature","properties":{"h3_index":"8843a1335dfffff","h3_resolution":8,"center_lat":25.07561,"center_lng":55.05703,"risk_score":0.2992,"risk_class":"low","flood_exposure":0.0699,"charger_access_deficit":0.637,"transport_disruption":0.859},"geometry":{"type":"Polygon","coordinates":[[[55.0519,25.0767],[55.0537,25.0724],[55.0588,25.0713],[55.0621,25.0745],[55.0604,25.0788],[55.0553,25.0799],[55.0519,25.0767]]]}},{"type":"Feature","properties":{"h3_index":"8843a13361fffff","h3_resolution":8,"center_lat":25.04585,"center_lng":55.05082,"risk_score":0.3667,"risk_class":"moderate","flood_exposure":0.1244,"charger_access_deficit":0.7615,"transport_disruption":0.7049},"geometry":{"type":"Polygon","coordinates":[[[55.0457,25.047],[55.0475,25.0427],[55.0526,25.0416],[55.0559,25.0447],[55.0541,25.049],[55.0491,25.0501],[55.0457,25.047]]]}},{"type":"Feature","properties":{"h3_index":"8843a13363fffff","h3_resolution":8,"center_lat":25.04789,"center_lng":55.05924,"risk_score":0.3501,"risk_class":"moderate","flood_exposure":0.1412,"charger_access_deficit":0.7205,"transport_disruption":0.7261},"geometry":{"type":"Polygon","coordinates":[[[55.0541,25.049],[55.0559,25.0447],[55.061,25.0436],[55.0643,25.0468],[55.0626,25.0511],[55.0575,25.0522],[55.0541,25.049]]]}},{"type":"Feature","properties":{"h3_index":"8843a13365fffff","h3_resolution":8,"center_lat":25.03841,"center_lng":55.04927,"risk_score":0.373,"risk_class":"moderate","flood_exposure":0.1328,"charger_access_deficit":0.8031,"transport_disruption":0.6277},"geometry":{"type":"Polygon","coordinates":[[[55.0442,25.0395],[55.046,25.0352],[55.051,25.0341],[55.0544,25.0373],[55.0526,25.0416],[55.0475,25.0427],[55.0442,25.0395]]]}},{"type":"Feature","properties":{"h3_index":"8843a13367fffff","h3_resolution":8,"center_lat":25.04045,"center_lng":55.05768,"risk_score":0.3946,"risk_class":"moderate","flood_exposure":0.1515,"charger_access_deficit":0.7627,"transport_disruption":0.6571},"geometry":{"type":"Polygon","coordinates":[[[55.0526,25.0416],[55.0544,25.0373],[55.0595,25.0362],[55.0628,25.0393],[55.061,25.0436],[55.0559,25.0447],[55.0526,25.0416]]]}},{"type":"Feature","properties":{"h3_index":"8843a13369fffff","h3_resolution":8,"center_lat":25.05124,"center_lng":55.04396,"risk_score":0.3636,"risk_class":"moderate","flood_exposure":0.1029,"charger_access_deficit":0.7573,"transport_disruption":0.7499},"geometry":{"type":"Polygon","coordinates":[[[55.0389,25.0524],[55.0406,25.0481],[55.0457,25.047],[55.0491,25.0501],[55.0473,25.0544],[55.0422,25.0555],[55.0389,25.0524]]]}},{"type":"Feature","properties":{"h3_index":"8843a1336bfffff","h3_resolution":8,"center_lat":25.05329,"center_lng":55.05238,"risk_score":0.349,"risk_class":"low","flood_exposure":0.1133,"charger_access_deficit":0.7226,"transport_disruption":0.7672},"geometry":{"type":"Polygon","coordinates":[[[55.0473,25.0544],[55.0491,25.0501],[55.0541,25.049],[55.0575,25.0522],[55.0557,25.0564],[55.0506,25.0576],[55.0473,25.0544]]]}},{"type":"Feature","properties":{"h3_index":"8843a1336dfffff","h3_resolution":8,"center_lat":25.0438,"center_lng":55.04241,"risk_score":0.3903,"risk_class":"moderate","flood_exposure":0.1124,"charger_access_deficit":0.7968,"transport_disruption":0.6783},"geometry":{"type":"Polygon","coordinates":[[[55.0373,25.0449],[55.0391,25.0406],[55.0442,25.0395],[55.0475,25.0427],[55.0457,25.047],[55.0406,25.0481],[55.0373,25.0449]]]}},{"type":"Feature","properties":{"h3_index":"8843a13401fffff","h3_resolution":8,"center_lat":25.1524,"center_lng":55.25723,"risk_score":0.4378,"risk_class":"moderate","flood_exposure":0.6598,"charger_access_deficit":0.2002,"transport_disruption":0.7711},"geometry":{"type":"Polygon","coordinates":[[[55.2521,25.1535],[55.2539,25.1492],[55.259,25.1481],[55.2623,25.1513],[55.2606,25.1556],[55.2555,25.1567],[55.2521,25.1535]]]}},{"type":"Feature","properties":{"h3_index":"8843a13403fffff","h3_resolution":8,"center_lat":25.15444,"center_lng":55.26567,"risk_score":0.4232,"risk_class":"moderate","flood_exposure":0.6682,"charger_access_deficit":0.1781,"transport_disruption":0.7265},"geometry":{"type":"Polygon","coordinates":[[[55.2606,25.1556],[55.2623,25.1513],[55.2674,25.1501],[55.2708,25.1533],[55.269,25.1576],[55.2639,25.1587],[55.2606,25.1556]]]}},{"type":"Feature","properties":{"h3_index":"8843a13405fffff","h3_resolution":8,"center_lat":25.14494,"center_lng":55.25565,"risk_score":0.4774,"risk_class":"moderate","flood_exposure":0.6814,"charger_access_deficit":0.2214,"transport_disruption":0.7556},"geometry":{"type":"Polygon","coordinates":[[[55.2505,25.1461],[55.2523,25.1418],[55.2574,25.1407],[55.2607,25.1438],[55.259,25.1481],[55.2539,25.1492],[55.2505,25.1461]]]}},{"type":"Feature","properties":{"h3_index":"8843a13407fffff","h3_resolution":8,"center_lat":25.14698,"center_lng":55.26409,"risk_score":0.4287,"risk_class":"moderate","flood_exposure":0.6779,"charger_access_deficit":0.1961,"transport_disruption":0.7058},"geometry":{"type":"Polygon","coordinates":[[[55.259,25.1481],[55.2607,25.1438],[55.2659,25.1427],[55.2692,25.1459],[55.2674,25.1501],[55.2623,25.1513],[55.259,25.1481]]]}},{"type":"Feature","properties":{"h3_index":"8843a13409fffff","h3_resolution":8,"center_lat":25.15781,"center_lng":55.25036,"risk_score":0.4222,"risk_class":"moderate","flood_exposure":0.635,"charger_access_deficit":0.2058,"transport_disruption":0.8045},"geometry":{"type":"Polygon","coordinates":[[[55.2453,25.1589],[55.247,25.1546],[55.2521,25.1535],[55.2555,25.1567],[55.2537,25.161],[55.2486,25.1621],[55.2453,25.1589]]]}},{"type":"Feature","properties":{"h3_index":"8843a1340bfffff","h3_resolution":8,"center_lat":25.15985,"center_lng":55.25881,"risk_score":0.4291,"risk_class":"moderate","flood_exposure":0.6537,"charger_access_deficit":0.1822,"transport_disruption":0.7838},"geometry":{"type":"Polygon","coordinates":[[[55.2537,25.161],[55.2555,25.1567],[55.2606,25.1556],[55.2639,25.1587],[55.2621,25.163],[55.257,25.1641],[55.2537,25.161]]]}},{"type":"Feature","properties":{"h3_index":"8843a1340dfffff","h3_resolution":8,"center_lat":25.15036,"center_lng":55.24878,"risk_score":0.4717,"risk_class":"moderate","flood_exposure":0.6528,"charger_access_deficit":0.226,"transport_disruption":0.7985},"geometry":{"type":"Polygon","coordinates":[[[55.2437,25.1515],[55.2454,25.1472],[55.2505,25.1461],[55.2539,25.1492],[55.2521,25.1535],[55.247,25.1546],[55.2437,25.1515]]]}},{"type":"Feature","properties":{"h3_index":"8843a13411fffff","h3_resolution":8,"center_lat":25.16393,"center_lng":55.2757,"risk_score":0.4087,"risk_class":"moderate","flood_exposure":0.6988,"charger_access_deficit":0.1651,"transport_disruption":0.6869},"geometry":{"type":"Polygon","coordinates":[[[55.2706,25.1651],[55.2724,25.1608],[55.2775,25.1596],[55.2808,25.1628],[55.279,25.1671],[55.2739,25.1682],[55.2706,25.1651]]]}},{"type":"Feature","properties":{"h3_index":"8843a13413fffff","h3_resolution":8,"center_lat":25.16597,"center_lng":55.28415,"risk_score":0.3979,"risk_class":"moderate","flood_exposure":0.7223,"charger_access_deficit":0.18,"transport_disruption":0.6159},"geometry":{"type":"Polygon","coordinates":[[[55.279,25.1671],[55.2808,25.1628],[55.2859,25.1617],[55.2893,25.1648],[55.2875,25.1691],[55.2824,25.1703],[55.279,25.1671]]]}},{"type":"Feature","properties":{"h3_index":"8843a13415fffff","h3_resolution":8,"center_lat":25.15648,"center_lng":55.27412,"risk_score":0.411,"risk_class":"moderate","flood_exposure":0.6793,"charger_access_deficit":0.1673,"transport_disruption":0.6672},"geometry":{"type":"Polygon","coordinates":[[[55.269,25.1576],[55.2708,25.1533],[55.2759,25.1522],[55.2792,25.1554],[55.2775,25.1596],[55.2724,25.1608],[55.269,25.1576]]]}},{"type":"Feature","properties":{"h3_index":"8843a13417fffff","h3_resolution":8,"center_lat":25.15852,"center_lng":55.28257,"risk_score":0.3768,"risk_class":"moderate","flood_exposure":0.6922,"charger_access_deficit":0.1729,"transport_disruption":0.596},"geometry":{"type":"Polygon","coordinates":[[[55.2775,25.1596],[55.2792,25.1554],[55.2843,25.1542],[55.2877,25.1574],[55.2859,25.1617],[55.2808,25.1628],[55.2775,25.1596]]]}},{"type":"Feature","properties":{"h3_index":"8843a13419fffff","h3_resolution":8,"center_lat":25.16935,"center_lng":55.26884,"risk_score":0.4325,"risk_class":"moderate","flood_exposure":0.696,"charger_access_deficit":0.1599,"transport_disruption":0.7575},"geometry":{"type":"Polygon","coordinates":[[[55.2637,25.1705],[55.2655,25.1662],[55.2706,25.1651],[55.2739,25.1682],[55.2722,25.1725],[55.2671,25.1736],[55.2637,25.1705]]]}},{"type":"Feature","properties":{"h3_index":"8843a1341bfffff","h3_resolution":8,"center_lat":25.17139,"center_lng":55.27728,"risk_score":0.4475,"risk_class":"moderate","flood_exposure":0.7294,"charger_access_deficit":0.1675,"transport_disruption":0.7019},"geometry":{"type":"Polygon","coordinates":[[[55.2722,25.1725],[55.2739,25.1682],[55.279,25.1671],[55.2824,25.1703],[55.2806,25.1746],[55.2755,25.1757],[55.2722,25.1725]]]}},{"type":"Feature","properties":{"h3_index":"8843a1341dfffff","h3_resolution":8,"center_lat":25.16189,"center_lng":55.26725,"risk_score":0.4357,"risk_class":"moderate","flood_exposure":0.6752,"charger_access_deficit":0.1668,"transport_disruption":0.7438},"geometry":{"type":"Polygon","coordinates":[[[55.2621,25.163],[55.2639,25.1587],[55.269,25.1576],[55.2724,25.1608],[55.2706,25.1651],[55.2655,25.1662],[55.2621,25.163]]]}},{"type":"Feature","properties":{"h3_index":"8843a13421fffff","h3_resolution":8,"center_lat":25.13208,"center_lng":55.26093,"risk_score":0.4983,"risk_class":"moderate","flood_exposure":0.7385,"charger_access_deficit":0.2535,"transport_disruption":0.6575},"geometry":{"type":"Polygon","coordinates":[[[55.2558,25.1332],[55.2576,25.1289],[55.2627,25.1278],[55.266,25.131],[55.2643,25.1352],[55.2592,25.1364],[55.2558,25.1332]]]}},{"type":"Feature","properties":{"h3_index":"8843a13423fffff","h3_resolution":8,"center_lat":25.13412,"center_lng":55.26937,"risk_score":0.4313,"risk_class":"moderate","flood_exposure":0.7156,"charger_access_deficit":0.2307,"transport_disruption":0.5885},"geometry":{"type":"Polygon","coordinates":[[[55.2643,25.1352],[55.266,25.131],[55.2711,25.1298],[55.2745,25.133],[55.2727,25.1373],[55.2676,25.1384],[55.2643,25.1352]]]}},{"type":"Feature","properties":{"h3_index":"8843a13425fffff","h3_resolution":8,"center_lat":25.12463,"center_lng":55.25935,"risk_score":0.5491,"risk_class":"moderate","flood_exposure":0.7782,"charger_access_deficit":0.291,"transport_disruption":0.6308},"geometry":{"type":"Polygon","coordinates":[[[55.2542,25.1258],[55.256,25.1215],[55.2611,25.1203],[55.2645,25.1235],[55.2627,25.1278],[55.2576,25.1289],[55.2542,25.1258]]]}},{"type":"Feature","properties":{"h3_index":"8843a13427fffff","h3_resolution":8,"center_lat":25.12667,"center_lng":55.26779,"risk_score":0.5086,"risk_class":"moderate","flood_exposure":0.751,"charger_access_deficit":0.2718,"transport_disruption":0.5591},"geometry":{"type":"Polygon","coordinates":[[[55.2627,25.1278],[55.2645,25.1235],[55.2696,25.1224],[55.2729,25.1255],[55.2711,25.1298],[55.266,25.131],[55.2627,25.1278]]]}},{"type":"Feature","properties":{"h3_index":"8843a13429fffff","h3_resolution":8,"center_lat":25.13749,"center_lng":55.25407,"risk_score":0.5213,"risk_class":"moderate","flood_exposure":0.7153,"charger_access_deficit":0.2458,"transport_disruption":0.7374},"geometry":{"type":"Polygon","coordinates":[[[55.249,25.1386],[55.2507,25.1343],[55.2558,25.1332],[55.2592,25.1364],[55.2574,25.1407],[55.2523,25.1418],[55.249,25.1386]]]}},{"type":"Feature","properties":{"h3_index":"8843a1342bfffff","h3_resolution":8,"center_lat":25.13953,"center_lng":55.26251,"risk_score":0.465,"risk_class":"moderate","flood_exposure":0.7029,"charger_access_deficit":0.2213,"transport_disruption":0.6826},"geometry":{"type":"Polygon","coordinates":[[[55.2574,25.1407],[55.2592,25.1364],[55.2643,25.1352],[55.2676,25.1384],[55.2659,25.1427],[55.2607,25.1438],[55.2574,25.1407]]]}},{"type":"Feature","properties":{"h3_index":"8843a1342dfffff","h3_resolution":8,"center_lat":25.13004,"center_lng":55.25249,"risk_score":0.528,"risk_class":"moderate","flood_exposure":0.7557,"charger_access_deficit":0.2729,"transport_disruption":0.717},"geometry":{"type":"Polygon","coordinates":[[[55.2474,25.1312],[55.2491,25.1269],[55.2542,25.1258],[55.2576,25.1289],[55.2558,25.1332],[55.2507,25.1343],[55.2474,25.1312]]]}},{"type":"Feature","properties":{"h3_index":"8843a13431fffff","h3_resolution":8,"center_lat":25.14361,"center_lng":55.2794,"risk_score":0.4104,"risk_class":"moderate","flood_exposure":0.6749,"charger_access_deficit":0.187,"transport_disruption":0.5436},"geometry":{"type":"Polygon","coordinates":[[[55.2743,25.1447],[55.2761,25.1404],[55.2812,25.1393],[55.2845,25.1425],[55.2827,25.1468],[55.2776,25.1479],[55.2743,25.1447]]]}},{"type":"Feature","properties":{"h3_index":"8843a13433fffff","h3_resolution":8,"center_lat":25.14565,"center_lng":55.28785,"risk_score":0.3077,"risk_class":"low","flood_exposure":0.6635,"charger_access_deficit":0.1925,"transport_disruption":0.4661},"geometry":{"type":"Polygon","coordinates":[[[55.2827,25.1468],[55.2845,25.1425],[55.2896,25.1414],[55.293,25.1445],[55.2912,25.1488],[55.2861,25.1499],[55.2827,25.1468]]]}},{"type":"Feature","properties":{"h3_index":"8843a13435fffff","h3_resolution":8,"center_lat":25.13616,"center_lng":55.27782,"risk_score":0.3722,"risk_class":"moderate","flood_exposure":0.6907,"charger_access_deficit":0.2141,"transport_disruption":0.5137},"geometry":{"type":"Polygon","coordinates":[[[55.2727,25.1373],[55.2745,25.133],[55.2796,25.1319],[55.2829,25.135],[55.2812,25.1393],[55.2761,25.1404],[55.2727,25.1373]]]}},{"type":"Feature","properties":{"h3_index":"8843a13437fffff","h3_resolution":8,"center_lat":25.13819,"center_lng":55.28626,"risk_score":0.318,"risk_class":"low","flood_exposure":0.6665,"charger_access_deficit":0.2111,"transport_disruption":0.4366},"geometry":{"type":"Polygon","coordinates":[[[55.2812,25.1393],[55.2829,25.135],[55.288,25.1339],[55.2914,25.1371],[55.2896,25.1414],[55.2845,25.1425],[55.2812,25.1393]]]}},{"type":"Feature","properties":{"h3_index":"8843a13439fffff","h3_resolution":8,"center_lat":25.14902,"center_lng":55.27254,"risk_score":0.4133,"risk_class":"moderate","flood_exposure":0.6754,"charger_access_deficit":0.1776,"transport_disruption":0.6434},"geometry":{"type":"Polygon","coordinates":[[[55.2674,25.1501],[55.2692,25.1459],[55.2743,25.1447],[55.2776,25.1479],[55.2759,25.1522],[55.2708,25.1533],[55.2674,25.1501]]]}},{"type":"Feature","properties":{"h3_index":"8843a1343bfffff","h3_resolution":8,"center_lat":25.15106,"center_lng":55.28098,"risk_score":0.3665,"risk_class":"moderate","flood_exposure":0.6752,"charger_access_deficit":0.1737,"transport_disruption":0.5715},"geometry":{"type":"Polygon","coordinates":[[[55.2759,25.1522],[55.2776,25.1479],[55.2827,25.1468],[55.2861,25.1499],[55.2843,25.1542],[55.2792,25.1554],[55.2759,25.1522]]]}},{"type":"Feature","properties":{"h3_index":"8843a1343dfffff","h3_resolution":8,"center_lat":25.14157,"center_lng":55.27096,"risk_score":0.3851,"risk_class":"moderate","flood_exposure":0.6885,"charger_access_deficit":0.1987,"transport_disruption":0.6169},"geometry":{"type":"Polygon","coordinates":[[[55.2659,25.1427],[55.2676,25.1384],[55.2727,25.1373],[55.2761,25.1404],[55.2743,25.1447],[55.2692,25.1459],[55.2659,25.1427]]]}},{"type":"Feature","properties":{"h3_index":"8843a13441fffff","h3_resolution":8,"center_lat":25.16118,"center_lng":55.23505,"risk_score":0.4099,"risk_class":"moderate","flood_exposure":0.5805,"charger_access_deficit":0.234,"transport_disruption":0.775},"geometry":{"type":"Polygon","coordinates":[[[55.2299,25.1623],[55.2317,25.158],[55.2368,25.1569],[55.2402,25.1601],[55.2384,25.1643],[55.2333,25.1655],[55.2299,25.1623]]]}},{"type":"Feature","properties":{"h3_index":"8843a13443fffff","h3_resolution":8,"center_lat":25.16322,"center_lng":55.24349,"risk_score":0.4253,"risk_class":"moderate","flood_exposure":0.6048,"charger_access_deficit":0.2088,"transport_disruption":0.8008},"geometry":{"type":"Polygon","coordinates":[[[55.2384,25.1643],[55.2402,25.1601],[55.2453,25.1589],[55.2486,25.1621],[55.2468,25.1664],[55.2417,25.1675],[55.2384,25.1643]]]}},{"type":"Feature","properties":{"h3_index":"8843a13445fffff","h3_resolution":8,"center_lat":25.15373,"center_lng":55.23347,"risk_score":0.435,"risk_class":"moderate","flood_exposure":0.6033,"charger_access_deficit":0.2514,"transport_disruption":0.7862},"geometry":{"type":"Polygon","coordinates":[[[55.2284,25.1548],[55.2301,25.1506],[55.2352,25.1494],[55.2386,25.1526],[55.2368,25.1569],[55.2317,25.158],[55.2284,25.1548]]]}},{"type":"Feature","properties":{"h3_index":"8843a13447fffff","h3_resolution":8,"center_lat":25.15577,"center_lng":55.24192,"risk_score":0.4275,"risk_class":"moderate","flood_exposure":0.6188,"charger_access_deficit":0.2308,"transport_disruption":0.8046},"geometry":{"type":"Polygon","coordinates":[[[55.2368,25.1569],[55.2386,25.1526],[55.2437,25.1515],[55.247,25.1546],[55.2453,25.1589],[55.2402,25.1601],[55.2368,25.1569]]]}},{"type":"Feature","properties":{"h3_index":"8843a13449fffff","h3_resolution":8,"center_lat":25.16659,"center_lng":55.22818,"risk_score":0.3467,"risk_class":"low","flood_exposure":0.539,"charger_access_deficit":0.2389,"transport_disruption":0.7195},"geometry":{"type":"Polygon","coordinates":[[[55.2231,25.1677],[55.2248,25.1634],[55.2299,25.1623],[55.2333,25.1655],[55.2315,25.1698],[55.2264,25.1709],[55.2231,25.1677]]]}},{"type":"Feature","properties":{"h3_index":"8843a1344bfffff","h3_resolution":8,"center_lat":25.16863,"center_lng":55.23663,"risk_score":0.372,"risk_class":"moderate","flood_exposure":0.5701,"charger_access_deficit":0.2103,"transport_disruption":0.7631},"geometry":{"type":"Polygon","coordinates":[[[55.2315,25.1698],[55.2333,25.1655],[55.2384,25.1643],[55.2417,25.1675],[55.24,25.1718],[55.2349,25.1729],[55.2315,25.1698]]]}},{"type":"Feature","properties":{"h3_index":"8843a1344dfffff","h3_resolution":8,"center_lat":25.15914,"center_lng":55.22661,"risk_score":0.3899,"risk_class":"moderate","flood_exposure":0.558,"charger_access_deficit":0.2568,"transport_disruption":0.7366},"geometry":{"type":"Polygon","coordinates":[[[55.2215,25.1603],[55.2233,25.156],[55.2284,25.1548],[55.2317,25.158],[55.2299,25.1623],[55.2248,25.1634],[55.2215,25.1603]]]}},{"type":"Feature","properties":{"h3_index":"8843a13451fffff","h3_resolution":8,"center_lat":25.17272,"center_lng":55.25352,"risk_score":0.4133,"risk_class":"moderate","flood_exposure":0.6428,"charger_access_deficit":0.1644,"transport_disruption":0.8098},"geometry":{"type":"Polygon","coordinates":[[[55.2484,25.1738],[55.2502,25.1696],[55.2553,25.1684],[55.2586,25.1716],[55.2569,25.1759],[55.2518,25.177],[55.2484,25.1738]]]}},{"type":"Feature","properties":{"h3_index":"8843a13453fffff","h3_resolution":8,"center_lat":25.17476,"center_lng":55.26197,"risk_score":0.4513,"risk_class":"moderate","flood_exposure":0.6836,"charger_access_deficit":0.1542,"transport_disruption":0.8005},"geometry":{"type":"Polygon","coordinates":[[[55.2569,25.1759],[55.2586,25.1716],[55.2637,25.1705],[55.2671,25.1736],[55.2653,25.1779],[55.2602,25.1791],[55.2569,25.1759]]]}},{"type":"Feature","properties":{"h3_index":"8843a13455fffff","h3_resolution":8,"center_lat":25.16526,"center_lng":55.25194,"risk_score":0.4123,"risk_class":"moderate","flood_exposure":0.6323,"charger_access_deficit":0.1848,"transport_disruption":0.808},"geometry":{"type":"Polygon","coordinates":[[[55.2468,25.1664],[55.2486,25.1621],[55.2537,25.161],[55.257,25.1641],[55.2553,25.1684],[55.2502,25.1696],[55.2468,25.1664]]]}},{"type":"Feature","properties":{"h3_index":"8843a13457fffff","h3_resolution":8,"center_lat":25.16731,"center_lng":55.26039,"risk_score":0.4074,"risk_class":"moderate","flood_exposure":0.6629,"charger_access_deficit":0.1668,"transport_disruption":0.7936},"geometry":{"type":"Polygon","coordinates":[[[55.2553,25.1684],[55.257,25.1641],[55.2621,25.163],[55.2655,25.1662],[55.2637,25.1705],[55.2586,25.1716],[55.2553,25.1684]]]}},{"type":"Feature","properties":{"h3_index":"8843a13459fffff","h3_resolution":8,"center_lat":25.17813,"center_lng":55.24665,"risk_score":0.3806,"risk_class":"moderate","flood_exposure":0.6156,"charger_access_deficit":0.1617,"transport_disruption":0.7906},"geometry":{"type":"Polygon","coordinates":[[[55.2415,25.1793],[55.2433,25.175],[55.2484,25.1738],[55.2518,25.177],[55.25,25.1813],[55.2449,25.1824],[55.2415,25.1793]]]}},{"type":"Feature","properties":{"h3_index":"8843a1345bfffff","h3_resolution":8,"center_lat":25.18018,"center_lng":55.2551,"risk_score":0.4429,"risk_class":"moderate","flood_exposure":0.6621,"charger_access_deficit":0.1481,"transport_disruption":0.8103},"geometry":{"type":"Polygon","coordinates":[[[55.25,25.1813],[55.2518,25.177],[55.2569,25.1759],[55.2602,25.1791],[55.2584,25.1833],[55.2533,25.1845],[55.25,25.1813]]]}},{"type":"Feature","properties":{"h3_index":"8843a1345dfffff","h3_resolution":8,"center_lat":25.17068,"center_lng":55.24507,"risk_score":0.3914,"risk_class":"moderate","flood_exposure":0.6047,"charger_access_deficit":0.1842,"transport_disruption":0.7957},"geometry":{"type":"Polygon","coordinates":[[[55.24,25.1718],[55.2417,25.1675],[55.2468,25.1664],[55.2502,25.1696],[55.2484,25.1738],[55.2433,25.175],[55.24,25.1718]]]}},{"type":"Feature","properties":{"h3_index":"8843a13461fffff","h3_resolution":8,"center_lat":25.14086,"center_lng":55.23876,"risk_score":0.5437,"risk_class":"moderate","flood_exposure":0.6818,"charger_access_deficit":0.2589,"transport_disruption":0.8058},"geometry":{"type":"Polygon","coordinates":[[[55.2337,25.142],[55.2354,25.1377],[55.2405,25.1366],[55.2439,25.1397],[55.2421,25.144],[55.237,25.1452],[55.2337,25.142]]]}},{"type":"Feature","properties":{"h3_index":"8843a13463fffff","h3_resolution":8,"center_lat":25.1429,"center_lng":55.2472,"risk_score":0.5042,"risk_class":"moderate","flood_exposure":0.6835,"charger_access_deficit":0.245,"transport_disruption":0.7897},"geometry":{"type":"Polygon","coordinates":[[[55.2421,25.144],[55.2439,25.1397],[55.249,25.1386],[55.2523,25.1418],[55.2505,25.1461],[55.2454,25.1472],[55.2421,25.144]]]}},{"type":"Feature","properties":{"h3_index":"8843a13465fffff","h3_resolution":8,"center_lat":25.13341,"center_lng":55.23718,"risk_score":0.5291,"risk_class":"moderate","flood_exposure":0.7221,"charger_access_deficit":0.2656,"transport_disruption":0.8015},"geometry":{"type":"Polygon","coordinates":[[[55.2321,25.1345],[55.2338,25.1302],[55.2389,25.1291],[55.2423,25.1323],[55.2405,25.1366],[55.2354,25.1377],[55.2321,25.1345]]]}},{"type":"Feature","properties":{"h3_index":"8843a13467fffff","h3_resolution":8,"center_lat":25.13545,"center_lng":55.24562,"risk_score":0.5232,"risk_class":"moderate","flood_exposure":0.7226,"charger_access_deficit":0.2629,"transport_disruption":0.7781},"geometry":{"type":"Polygon","coordinates":[[[55.2405,25.1366],[55.2423,25.1323],[55.2474,25.1312],[55.2507,25.1343],[55.249,25.1386],[55.2439,25.1397],[55.2405,25.1366]]]}},{"type":"Feature","properties":{"h3_index":"8843a13469fffff","h3_resolution":8,"center_lat":25.14627,"center_lng":55.2319,"risk_score":0.4762,"risk_class":"moderate","flood_exposure":0.6359,"charger_access_deficit":0.2592,"transport_disruption":0.7956},"geometry":{"type":"Polygon","coordinates":[[[55.2268,25.1474],[55.2286,25.1431],[55.2337,25.142],[55.237,25.1452],[55.2352,25.1494],[55.2301,25.1506],[55.2268,25.1474]]]}},{"type":"Feature","properties":{"h3_index":"8843a1346bfffff","h3_resolution":8,"center_lat":25.14831,"center_lng":55.24034,"risk_score":0.4606,"risk_class":"moderate","flood_exposure":0.6456,"charger_access_deficit":0.2477,"transport_disruption":0.8067},"geometry":{"type":"Polygon","coordinates":[[[55.2352,25.1494],[55.237,25.1452],[55.2421,25.144],[55.2454,25.1472],[55.2437,25.1515],[55.2386,25.1526],[55.2352,25.1494]]]}},{"type":"Feature","properties":{"h3_index":"8843a1346dfffff","h3_resolution":8,"center_lat":25.13882,"center_lng":55.23032,"risk_score":0.5363,"risk_class":"moderate","flood_exposure":0.6739,"charger_access_deficit":0.2581,"transport_disruption":0.8024},"geometry":{"type":"Polygon","coordinates":[[[55.2252,25.1399],[55.227,25.1357],[55.2321,25.1345],[55.2354,25.1377],[55.2337,25.142],[55.2286,25.1431],[55.2252,25.1399]]]}},{"type":"Feature","properties":{"h3_index":"8843a13481fffff","h3_resolution":8,"center_lat":25.16667,"center_lng":55.31637,"risk_score":0.3785,"risk_class":"moderate","flood_exposure":0.7147,"charger_access_deficit":0.3503,"transport_disruption":0.2662},"geometry":{"type":"Polygon","coordinates":[[[55.3113,25.1678],[55.313,25.1635],[55.3181,25.1624],[55.3215,25.1655],[55.3197,25.1698],[55.3146,25.171],[55.3113,25.1678]]]}},{"type":"Feature","properties":{"h3_index":"8843a13483fffff","h3_resolution":8,"center_lat":25.16871,"center_lng":55.32482,"risk_score":0.4049,"risk_class":"moderate","flood_exposure":0.7009,"charger_access_deficit":0.4137,"transport_disruption":0.1919},"geometry":{"type":"Polygon","coordinates":[[[55.3197,25.1698],[55.3215,25.1655],[55.3266,25.1644],[55.3299,25.1676],[55.3282,25.1719],[55.3231,25.173],[55.3197,25.1698]]]}},{"type":"Feature","properties":{"h3_index":"8843a13485fffff","h3_resolution":8,"center_lat":25.15922,"center_lng":55.31478,"risk_score":0.3631,"risk_class":"moderate","flood_exposure":0.6749,"charger_access_deficit":0.3285,"transport_disruption":0.2548},"geometry":{"type":"Polygon","coordinates":[[[55.3097,25.1603],[55.3114,25.1561],[55.3165,25.1549],[55.3199,25.1581],[55.3181,25.1624],[55.313,25.1635],[55.3097,25.1603]]]}},{"type":"Feature","properties":{"h3_index":"8843a13487fffff","h3_resolution":8,"center_lat":25.16125,"center_lng":55.32323,"risk_score":0.3494,"risk_class":"low","flood_exposure":0.6639,"charger_access_deficit":0.393,"transport_disruption":0.1847},"geometry":{"type":"Polygon","coordinates":[[[55.3181,25.1624],[55.3199,25.1581],[55.325,25.157],[55.3283,25.1601],[55.3266,25.1644],[55.3215,25.1655],[55.3181,25.1624]]]}},{"type":"Feature","properties":{"h3_index":"8843a13489fffff","h3_resolution":8,"center_lat":25.17209,"center_lng":55.3095,"risk_score":0.4218,"risk_class":"moderate","flood_exposure":0.7598,"charger_access_deficit":0.3118,"transport_disruption":0.3575},"geometry":{"type":"Polygon","coordinates":[[[55.3044,25.1732],[55.3062,25.1689],[55.3113,25.1678],[55.3146,25.171],[55.3129,25.1753],[55.3077,25.1764],[55.3044,25.1732]]]}},{"type":"Feature","properties":{"h3_index":"8843a1348bfffff","h3_resolution":8,"center_lat":25.17413,"center_lng":55.31796,"risk_score":0.4332,"risk_class":"moderate","flood_exposure":0.752,"charger_access_deficit":0.3717,"transport_disruption":0.2723},"geometry":{"type":"Polygon","coordinates":[[[55.3129,25.1753],[55.3146,25.171],[55.3197,25.1698],[55.3231,25.173],[55.3213,25.1773],[55.3162,25.1784],[55.3129,25.1753]]]}},{"type":"Feature","properties":{"h3_index":"8843a1348dfffff","h3_resolution":8,"center_lat":25.16463,"center_lng":55.30792,"risk_score":0.3908,"risk_class":"moderate","flood_exposure":0.719,"charger_access_deficit":0.2895,"transport_disruption":0.3475},"geometry":{"type":"Polygon","coordinates":[[[55.3028,25.1658],[55.3046,25.1615],[55.3097,25.1603],[55.313,25.1635],[55.3113,25.1678],[55.3062,25.1689],[55.3028,25.1658]]]}},{"type":"Feature","properties":{"h3_index":"8843a13491fffff","h3_resolution":8,"center_lat":25.17821,"center_lng":55.33487,"risk_score":0.4317,"risk_class":"moderate","flood_exposure":0.7026,"charger_access_deficit":0.484,"transport_disruption":0.1288},"geometry":{"type":"Polygon","coordinates":[[[55.3298,25.1793],[55.3315,25.175],[55.3366,25.1739],[55.34,25.1771],[55.3382,25.1814],[55.3331,25.1825],[55.3298,25.1793]]]}},{"type":"Feature","properties":{"h3_index":"8843a13493fffff","h3_resolution":8,"center_lat":25.18024,"center_lng":55.34332,"risk_score":0.4026,"risk_class":"moderate","flood_exposure":0.6646,"charger_access_deficit":0.5301,"transport_disruption":0.0774},"geometry":{"type":"Polygon","coordinates":[[[55.3382,25.1814],[55.34,25.1771],[55.3451,25.176],[55.3484,25.1791],[55.3467,25.1834],[55.3416,25.1845],[55.3382,25.1814]]]}},{"type":"Feature","properties":{"h3_index":"8843a13495fffff","h3_resolution":8,"center_lat":25.17075,"center_lng":55.33328,"risk_score":0.375,"risk_class":"moderate","flood_exposure":0.6776,"charger_access_deficit":0.4749,"transport_disruption":0.128},"geometry":{"type":"Polygon","coordinates":[[[55.3282,25.1719],[55.3299,25.1676],[55.335,25.1665],[55.3384,25.1696],[55.3366,25.1739],[55.3315,25.175],[55.3282,25.1719]]]}},{"type":"Feature","properties":{"h3_index":"8843a13497fffff","h3_resolution":8,"center_lat":25.17279,"center_lng":55.34173,"risk_score":0.3891,"risk_class":"moderate","flood_exposure":0.6459,"charger_access_deficit":0.5312,"transport_disruption":0.0779},"geometry":{"type":"Polygon","coordinates":[[[55.3366,25.1739],[55.3384,25.1696],[55.3435,25.1685],[55.3468,25.1717],[55.3451,25.176],[55.34,25.1771],[55.3366,25.1739]]]}},{"type":"Feature","properties":{"h3_index":"8843a13499fffff","h3_resolution":8,"center_lat":25.18363,"center_lng":55.328,"risk_score":0.4447,"risk_class":"moderate","flood_exposure":0.7551,"charger_access_deficit":0.438,"transport_disruption":0.1943},"geometry":{"type":"Polygon","coordinates":[[[55.3229,25.1848],[55.3247,25.1805],[55.3298,25.1793],[55.3331,25.1825],[55.3313,25.1868],[55.3262,25.1879],[55.3229,25.1848]]]}},{"type":"Feature","properties":{"h3_index":"8843a1349bfffff","h3_resolution":8,"center_lat":25.18566,"center_lng":55.33646,"risk_score":0.3992,"risk_class":"moderate","flood_exposure":0.7183,"charger_access_deficit":0.4811,"transport_disruption":0.1272},"geometry":{"type":"Polygon","coordinates":[[[55.3313,25.1868],[55.3331,25.1825],[55.3382,25.1814],[55.3416,25.1845],[55.3398,25.1888],[55.3347,25.19],[55.3313,25.1868]]]}},{"type":"Feature","properties":{"h3_index":"8843a1349dfffff","h3_resolution":8,"center_lat":25.17617,"center_lng":55.32641,"risk_score":0.4222,"risk_class":"moderate","flood_exposure":0.7325,"charger_access_deficit":0.4304,"transport_disruption":0.1948},"geometry":{"type":"Polygon","coordinates":[[[55.3213,25.1773],[55.3231,25.173],[55.3282,25.1719],[55.3315,25.175],[55.3298,25.1793],[55.3247,25.1805],[55.3213,25.1773]]]}},{"type":"Feature","properties":{"h3_index":"8843a134a1fffff","h3_resolution":8,"center_lat":25.14635,"center_lng":55.32006,"risk_score":0.2478,"risk_class":"low","flood_exposure":0.593,"charger_access_deficit":0.3637,"transport_disruption":0.1583},"geometry":{"type":"Polygon","coordinates":[[[55.315,25.1475],[55.3167,25.1432],[55.3218,25.1421],[55.3252,25.1452],[55.3234,25.1495],[55.3183,25.1506],[55.315,25.1475]]]}},{"type":"Feature","properties":{"h3_index":"8843a134a3fffff","h3_resolution":8,"center_lat":25.14838,"center_lng":55.32851,"risk_score":0.2847,"risk_class":"low","flood_exposure":0.5751,"charger_access_deficit":0.4273,"transport_disruption":0.1069},"geometry":{"type":"Polygon","coordinates":[[[55.3234,25.1495],[55.3252,25.1452],[55.3303,25.1441],[55.3336,25.1473],[55.3319,25.1515],[55.3267,25.1527],[55.3234,25.1495]]]}},{"type":"Feature","properties":{"h3_index":"8843a134a5fffff","h3_resolution":8,"center_lat":25.13889,"center_lng":55.31847,"risk_score":0.2695,"risk_class":"low","flood_exposure":0.5684,"charger_access_deficit":0.3644,"transport_disruption":0.1412},"geometry":{"type":"Polygon","coordinates":[[[55.3134,25.14],[55.3151,25.1357],[55.3202,25.1346],[55.3236,25.1378],[55.3218,25.1421],[55.3167,25.1432],[55.3134,25.14]]]}},{"type":"Feature","properties":{"h3_index":"8843a134a7fffff","h3_resolution":8,"center_lat":25.14093,"center_lng":55.32692,"risk_score":0.2718,"risk_class":"low","flood_exposure":0.5454,"charger_access_deficit":0.4227,"transport_disruption":0.0946},"geometry":{"type":"Polygon","coordinates":[[[55.3218,25.1421],[55.3236,25.1378],[55.3287,25.1366],[55.332,25.1398],[55.3303,25.1441],[55.3252,25.1452],[55.3218,25.1421]]]}},{"type":"Feature","properties":{"h3_index":"8843a134a9fffff","h3_resolution":8,"center_lat":25.15176,"center_lng":55.31319,"risk_score":0.2902,"risk_class":"low","flood_exposure":0.6381,"charger_access_deficit":0.3123,"transport_disruption":0.2387},"geometry":{"type":"Polygon","coordinates":[[[55.3081,25.1529],[55.3098,25.1486],[55.315,25.1475],[55.3183,25.1506],[55.3165,25.1549],[55.3114,25.1561],[55.3081,25.1529]]]}},{"type":"Feature","properties":{"h3_index":"8843a134abfffff","h3_resolution":8,"center_lat":25.1538,"center_lng":55.32164,"risk_score":0.2994,"risk_class":"low","flood_exposure":0.6263,"charger_access_deficit":0.3745,"transport_disruption":0.1732},"geometry":{"type":"Polygon","coordinates":[[[55.3165,25.1549],[55.3183,25.1506],[55.3234,25.1495],[55.3267,25.1527],[55.325,25.157],[55.3199,25.1581],[55.3165,25.1549]]]}},{"type":"Feature","properties":{"h3_index":"8843a134adfffff","h3_resolution":8,"center_lat":25.14431,"center_lng":55.31161,"risk_score":0.2742,"risk_class":"low","flood_exposure":0.6095,"charger_access_deficit":0.3064,"transport_disruption":0.2189},"geometry":{"type":"Polygon","coordinates":[[[55.3065,25.1454],[55.3083,25.1411],[55.3134,25.14],[55.3167,25.1432],[55.315,25.1475],[55.3098,25.1486],[55.3065,25.1454]]]}},{"type":"Feature","properties":{"h3_index":"8843a134b1fffff","h3_resolution":8,"center_lat":25.15787,"center_lng":55.33855,"risk_score":0.3416,"risk_class":"low","flood_exposure":0.5881,"charger_access_deficit":0.5076,"transport_disruption":0.0726},"geometry":{"type":"Polygon","coordinates":[[[55.3334,25.159],[55.3352,25.1547],[55.3403,25.1536],[55.3437,25.1567],[55.3419,25.161],[55.3368,25.1622],[55.3334,25.159]]]}},{"type":"Feature","properties":{"h3_index":"8843a134b3fffff","h3_resolution":8,"center_lat":25.15991,"center_lng":55.347,"risk_score":0.3311,"risk_class":"low","flood_exposure":0.5606,"charger_access_deficit":0.5724,"transport_disruption":0.0404},"geometry":{"type":"Polygon","coordinates":[[[55.3419,25.161],[55.3437,25.1567],[55.3488,25.1556],[55.3521,25.1588],[55.3504,25.1631],[55.3452,25.1642],[55.3419,25.161]]]}},{"type":"Feature","properties":{"h3_index":"8843a134b5fffff","h3_resolution":8,"center_lat":25.15042,"center_lng":55.33696,"risk_score":0.2878,"risk_class":"low","flood_exposure":0.5544,"charger_access_deficit":0.4938,"transport_disruption":0.0665},"geometry":{"type":"Polygon","coordinates":[[[55.3319,25.1515],[55.3336,25.1473],[55.3387,25.1461],[55.3421,25.1493],[55.3403,25.1536],[55.3352,25.1547],[55.3319,25.1515]]]}},{"type":"Feature","properties":{"h3_index":"8843a134b7fffff","h3_resolution":8,"center_lat":25.15246,"center_lng":55.34541,"risk_score":0.3349,"risk_class":"low","flood_exposure":0.5297,"charger_access_deficit":0.5609,"transport_disruption":0.0373},"geometry":{"type":"Polygon","coordinates":[[[55.3403,25.1536],[55.3421,25.1493],[55.3472,25.1482],[55.3505,25.1513],[55.3488,25.1556],[55.3437,25.1567],[55.3403,25.1536]]]}},{"type":"Feature","properties":{"h3_index":"8843a134b9fffff","h3_resolution":8,"center_lat":25.16329,"center_lng":55.33169,"risk_score":0.3562,"risk_class":"moderate","flood_exposure":0.6455,"charger_access_deficit":0.4587,"transport_disruption":0.1243},"geometry":{"type":"Polygon","coordinates":[[[55.3266,25.1644],[55.3283,25.1601],[55.3334,25.159],[55.3368,25.1622],[55.335,25.1665],[55.3299,25.1676],[55.3266,25.1644]]]}},{"type":"Feature","properties":{"h3_index":"8843a134bbfffff","h3_resolution":8,"center_lat":25.16533,"center_lng":55.34014,"risk_score":0.3553,"risk_class":"moderate","flood_exposure":0.6197,"charger_access_deficit":0.522,"transport_disruption":0.0764},"geometry":{"type":"Polygon","coordinates":[[[55.335,25.1665],[55.3368,25.1622],[55.3419,25.161],[55.3452,25.1642],[55.3435,25.1685],[55.3384,25.1696],[55.335,25.1665]]]}},{"type":"Feature","properties":{"h3_index":"8843a134bdfffff","h3_resolution":8,"center_lat":25.15584,"center_lng":55.3301,"risk_score":0.3178,"risk_class":"low","flood_exposure":0.61,"charger_access_deficit":0.4409,"transport_disruption":0.1171},"geometry":{"type":"Polygon","coordinates":[[[55.325,25.157],[55.3267,25.1527],[55.3319,25.1515],[55.3352,25.1547],[55.3334,25.159],[55.3283,25.1601],[55.325,25.157]]]}},{"type":"Feature","properties":{"h3_index":"8843a134c1fffff","h3_resolution":8,"center_lat":25.17547,"center_lng":55.29419,"risk_score":0.4766,"risk_class":"moderate","flood_exposure":0.7832,"charger_access_deficit":0.2273,"transport_disruption":0.5455},"geometry":{"type":"Polygon","coordinates":[[[55.2891,25.1766],[55.2908,25.1723],[55.2959,25.1712],[55.2993,25.1743],[55.2975,25.1786],[55.2924,25.1798],[55.2891,25.1766]]]}},{"type":"Feature","properties":{"h3_index":"8843a134c3fffff","h3_resolution":8,"center_lat":25.17751,"center_lng":55.30264,"risk_score":0.462,"risk_class":"moderate","flood_exposure":0.796,"charger_access_deficit":0.276,"transport_disruption":0.4541},"geometry":{"type":"Polygon","coordinates":[[[55.2975,25.1786],[55.2993,25.1743],[55.3044,25.1732],[55.3077,25.1764],[55.306,25.1807],[55.3009,25.1818],[55.2975,25.1786]]]}},{"type":"Feature","properties":{"h3_index":"8843a134c5fffff","h3_resolution":8,"center_lat":25.16801,"center_lng":55.2926,"risk_score":0.4194,"risk_class":"moderate","flood_exposure":0.7427,"charger_access_deficit":0.2112,"transport_disruption":0.5341},"geometry":{"type":"Polygon","coordinates":[[[55.2875,25.1691],[55.2893,25.1648],[55.2944,25.1637],[55.2977,25.1669],[55.2959,25.1712],[55.2908,25.1723],[55.2875,25.1691]]]}},{"type":"Feature","properties":{"h3_index":"8843a134c7fffff","h3_resolution":8,"center_lat":25.17005,"center_lng":55.30105,"risk_score":0.4137,"risk_class":"moderate","flood_exposure":0.7561,"charger_access_deficit":0.2564,"transport_disruption":0.4463},"geometry":{"type":"Polygon","coordinates":[[[55.2959,25.1712],[55.2977,25.1669],[55.3028,25.1658],[55.3062,25.1689],[55.3044,25.1732],[55.2993,25.1743],[55.2959,25.1712]]]}},{"type":"Feature","properties":{"h3_index":"8843a134c9fffff","h3_resolution":8,"center_lat":25.18088,"center_lng":55.28732,"risk_score":0.4926,"risk_class":"moderate","flood_exposure":0.7973,"charger_access_deficit":0.2001,"transport_disruption":0.6377},"geometry":{"type":"Polygon","coordinates":[[[55.2822,25.182],[55.284,25.1777],[55.2891,25.1766],[55.2924,25.1798],[55.2907,25.1841],[55.2856,25.1852],[55.2822,25.182]]]}},{"type":"Feature","properties":{"h3_index":"8843a134cbfffff","h3_resolution":8,"center_lat":25.18292,"center_lng":55.29577,"risk_score":0.5337,"risk_class":"moderate","flood_exposure":0.8197,"charger_access_deficit":0.2416,"transport_disruption":0.5506},"geometry":{"type":"Polygon","coordinates":[[[55.2907,25.1841],[55.2924,25.1798],[55.2975,25.1786],[55.3009,25.1818],[55.2991,25.1861],[55.294,25.1872],[55.2907,25.1841]]]}},{"type":"Feature","properties":{"h3_index":"8843a134cdfffff","h3_resolution":8,"center_lat":25.17343,"center_lng":55.28573,"risk_score":0.4684,"risk_class":"moderate","flood_exposure":0.7597,"charger_access_deficit":0.1902,"transport_disruption":0.6299},"geometry":{"type":"Polygon","coordinates":[[[55.2806,25.1746],[55.2824,25.1703],[55.2875,25.1691],[55.2908,25.1723],[55.2891,25.1766],[55.284,25.1777],[55.2806,25.1746]]]}},{"type":"Feature","properties":{"h3_index":"8843a134d1fffff","h3_resolution":8,"center_lat":25.187,"center_lng":55.31268,"risk_score":0.504,"risk_class":"moderate","flood_exposure":0.8216,"charger_access_deficit":0.3436,"transport_disruption":0.3614},"geometry":{"type":"Polygon","coordinates":[[[55.3076,25.1881],[55.3093,25.1838],[55.3144,25.1827],[55.3178,25.1859],[55.316,25.1902],[55.3109,25.1913],[55.3076,25.1881]]]}},{"type":"Feature","properties":{"h3_index":"8843a134d3fffff","h3_resolution":8,"center_lat":25.18904,"center_lng":55.32113,"risk_score":0.4743,"risk_class":"moderate","flood_exposure":0.8002,"charger_access_deficit":0.3922,"transport_disruption":0.2717},"geometry":{"type":"Polygon","coordinates":[[[55.316,25.1902],[55.3178,25.1859],[55.3229,25.1848],[55.3262,25.1879],[55.3245,25.1922],[55.3194,25.1933],[55.316,25.1902]]]}},{"type":"Feature","properties":{"h3_index":"8843a134d5fffff","h3_resolution":8,"center_lat":25.17955,"center_lng":55.31109,"risk_score":0.4732,"risk_class":"moderate","flood_exposure":0.7957,"charger_access_deficit":0.3312,"transport_disruption":0.3618},"geometry":{"type":"Polygon","coordinates":[[[55.306,25.1807],[55.3077,25.1764],[55.3129,25.1753],[55.3162,25.1784],[55.3144,25.1827],[55.3093,25.1838],[55.306,25.1807]]]}},{"type":"Feature","properties":{"h3_index":"8843a134d7fffff","h3_resolution":8,"center_lat":25.18159,"center_lng":55.31955,"risk_score":0.4848,"risk_class":"moderate","flood_exposure":0.7817,"charger_access_deficit":0.3869,"transport_disruption":0.2738},"geometry":{"type":"Polygon","coordinates":[[[55.3144,25.1827],[55.3162,25.1784],[55.3213,25.1773],[55.3247,25.1805],[55.3229,25.1848],[55.3178,25.1859],[55.3144,25.1827]]]}},{"type":"Feature","properties":{"h3_index":"8843a134d9fffff","h3_resolution":8,"center_lat":25.19242,"center_lng":55.30581,"risk_score":0.5249,"risk_class":"moderate","flood_exposure":0.8485,"charger_access_deficit":0.301,"transport_disruption":0.4542},"geometry":{"type":"Polygon","coordinates":[[[55.3007,25.1935],[55.3025,25.1893],[55.3076,25.1881],[55.3109,25.1913],[55.3092,25.1956],[55.3041,25.1967],[55.3007,25.1935]]]}},{"type":"Feature","properties":{"h3_index":"8843a134dbfffff","h3_resolution":8,"center_lat":25.19446,"center_lng":55.31427,"risk_score":0.5359,"risk_class":"moderate","flood_exposure":0.8344,"charger_access_deficit":0.3471,"transport_disruption":0.3579},"geometry":{"type":"Polygon","coordinates":[[[55.3092,25.1956],[55.3109,25.1913],[55.316,25.1902],[55.3194,25.1933],[55.3176,25.1976],[55.3125,25.1988],[55.3092,25.1956]]]}},{"type":"Feature","properties":{"h3_index":"8843a134ddfffff","h3_resolution":8,"center_lat":25.18496,"center_lng":55.30422,"risk_score":0.4928,"risk_class":"moderate","flood_exposure":0.8284,"charger_access_deficit":0.2914,"transport_disruption":0.4563},"geometry":{"type":"Polygon","coordinates":[[[55.2991,25.1861],[55.3009,25.1818],[55.306,25.1807],[55.3093,25.1838],[55.3076,25.1881],[55.3025,25.1893],[55.2991,25.1861]]]}},{"type":"Feature","properties":{"h3_index":"8843a134e1fffff","h3_resolution":8,"center_lat":25.15514,"center_lng":55.29788,"risk_score":0.3313,"risk_class":"low","flood_exposure":0.6793,"charger_access_deficit":0.222,"transport_disruption":0.4122},"geometry":{"type":"Polygon","coordinates":[[[55.2928,25.1563],[55.2945,25.152],[55.2996,25.1509],[55.303,25.154],[55.3012,25.1583],[55.2961,25.1594],[55.2928,25.1563]]]}},{"type":"Feature","properties":{"h3_index":"8843a134e3fffff","h3_resolution":8,"center_lat":25.15718,"center_lng":55.30633,"risk_score":0.3606,"risk_class":"moderate","flood_exposure":0.6793,"charger_access_deficit":0.27,"transport_disruption":0.3317},"geometry":{"type":"Polygon","coordinates":[[[55.3012,25.1583],[55.303,25.154],[55.3081,25.1529],[55.3114,25.1561],[55.3097,25.1603],[55.3046,25.1615],[55.3012,25.1583]]]}},{"type":"Feature","properties":{"h3_index":"8843a134e5fffff","h3_resolution":8,"center_lat":25.14769,"center_lng":55.2963,"risk_score":0.2763,"risk_class":"low","flood_exposure":0.6547,"charger_access_deficit":0.2171,"transport_disruption":0.3876},"geometry":{"type":"Polygon","coordinates":[[[55.2912,25.1488],[55.293,25.1445],[55.2981,25.1434],[55.3014,25.1466],[55.2996,25.1509],[55.2945,25.152],[55.2912,25.1488]]]}},{"type":"Feature","properties":{"h3_index":"8843a134e7fffff","h3_resolution":8,"center_lat":25.14972,"center_lng":55.30474,"risk_score":0.3127,"risk_class":"low","flood_exposure":0.6469,"charger_access_deficit":0.2584,"transport_disruption":0.3109},"geometry":{"type":"Polygon","coordinates":[[[55.2996,25.1509],[55.3014,25.1466],[55.3065,25.1454],[55.3098,25.1486],[55.3081,25.1529],[55.303,25.154],[55.2996,25.1509]]]}},{"type":"Feature","properties":{"h3_index":"8843a134e9fffff","h3_resolution":8,"center_lat":25.16056,"center_lng":55.29102,"risk_score":0.3522,"risk_class":"moderate","flood_exposure":0.7051,"charger_access_deficit":0.1967,"transport_disruption":0.5165},"geometry":{"type":"Polygon","coordinates":[[[55.2859,25.1617],[55.2877,25.1574],[55.2928,25.1563],[55.2961,25.1594],[55.2944,25.1637],[55.2893,25.1648],[55.2859,25.1617]]]}},{"type":"Feature","properties":{"h3_index":"8843a134ebfffff","h3_resolution":8,"center_lat":25.1626,"center_lng":55.29947,"risk_score":0.3787,"risk_class":"moderate","flood_exposure":0.715,"charger_access_deficit":0.2367,"transport_disruption":0.4322},"geometry":{"type":"Polygon","coordinates":[[[55.2944,25.1637],[55.2961,25.1594],[55.3012,25.1583],[55.3046,25.1615],[55.3028,25.1658],[55.2977,25.1669],[55.2944,25.1637]]]}},{"type":"Feature","properties":{"h3_index":"8843a134edfffff","h3_resolution":8,"center_lat":25.1531,"center_lng":55.28943,"risk_score":0.3401,"risk_class":"low","flood_exposure":0.6771,"charger_access_deficit":0.1888,"transport_disruption":0.4933},"geometry":{"type":"Polygon","coordinates":[[[55.2843,25.1542],[55.2861,25.1499],[55.2912,25.1488],[55.2945,25.152],[55.2928,25.1563],[55.2877,25.1574],[55.2843,25.1542]]]}},{"type":"Feature","properties":{"h3_index":"8843a13501fffff","h3_resolution":8,"center_lat":25.10024,"center_lng":55.24618,"risk_score":0.6809,"risk_class":"high","flood_exposure":0.8584,"charger_access_deficit":0.4023,"transport_disruption":0.6168},"geometry":{"type":"Polygon","coordinates":[[[55.2411,25.1014],[55.2428,25.0971],[55.2479,25.096],[55.2513,25.0991],[55.2495,25.1034],[55.2444,25.1045],[55.2411,25.1014]]]}},{"type":"Feature","properties":{"h3_index":"8843a13503fffff","h3_resolution":8,"center_lat":25.10228,"center_lng":55.25461,"risk_score":0.6071,"risk_class":"moderate","flood_exposure":0.8569,"charger_access_deficit":0.417,"transport_disruption":0.544},"geometry":{"type":"Polygon","coordinates":[[[55.2495,25.1034],[55.2513,25.0991],[55.2564,25.098],[55.2597,25.1012],[55.258,25.1054],[55.2529,25.1066],[55.2495,25.1034]]]}},{"type":"Feature","properties":{"h3_index":"8843a13505fffff","h3_resolution":8,"center_lat":25.09279,"center_lng":55.2446,"risk_score":0.6516,"risk_class":"high","flood_exposure":0.8495,"charger_access_deficit":0.4415,"transport_disruption":0.5883},"geometry":{"type":"Polygon","coordinates":[[[55.2395,25.0939],[55.2413,25.0896],[55.2464,25.0885],[55.2497,25.0917],[55.2479,25.096],[55.2428,25.0971],[55.2395,25.0939]]]}},{"type":"Feature","properties":{"h3_index":"8843a13507fffff","h3_resolution":8,"center_lat":25.09483,"center_lng":55.25304,"risk_score":0.6588,"risk_class":"high","flood_exposure":0.8554,"charger_access_deficit":0.4606,"transport_disruption":0.5135},"geometry":{"type":"Polygon","coordinates":[[[55.2479,25.096],[55.2497,25.0917],[55.2548,25.0905],[55.2581,25.0937],[55.2564,25.098],[55.2513,25.0991],[55.2479,25.096]]]}},{"type":"Feature","properties":{"h3_index":"8843a13509fffff","h3_resolution":8,"center_lat":25.10565,"center_lng":55.23931,"risk_score":0.6552,"risk_class":"high","flood_exposure":0.8435,"charger_access_deficit":0.3462,"transport_disruption":0.7059},"geometry":{"type":"Polygon","coordinates":[[[55.2342,25.1068],[55.236,25.1025],[55.2411,25.1014],[55.2444,25.1045],[55.2427,25.1088],[55.2376,25.1099],[55.2342,25.1068]]]}},{"type":"Feature","properties":{"h3_index":"8843a1350bfffff","h3_resolution":8,"center_lat":25.10769,"center_lng":55.24775,"risk_score":0.6383,"risk_class":"moderate","flood_exposure":0.8514,"charger_access_deficit":0.3664,"transport_disruption":0.6441},"geometry":{"type":"Polygon","coordinates":[[[55.2427,25.1088],[55.2444,25.1045],[55.2495,25.1034],[55.2529,25.1066],[55.2511,25.1109],[55.246,25.112],[55.2427,25.1088]]]}},{"type":"Feature","properties":{"h3_index":"8843a1350dfffff","h3_resolution":8,"center_lat":25.0982,"center_lng":55.23774,"risk_score":0.6639,"risk_class":"high","flood_exposure":0.8432,"charger_access_deficit":0.3784,"transport_disruption":0.6824},"geometry":{"type":"Polygon","coordinates":[[[55.2326,25.0993],[55.2344,25.095],[55.2395,25.0939],[55.2428,25.0971],[55.2411,25.1014],[55.236,25.1025],[55.2326,25.0993]]]}},{"type":"Feature","properties":{"h3_index":"8843a13511fffff","h3_resolution":8,"center_lat":25.11177,"center_lng":55.26463,"risk_score":0.5557,"risk_class":"moderate","flood_exposure":0.8189,"charger_access_deficit":0.3689,"transport_disruption":0.4984},"geometry":{"type":"Polygon","coordinates":[[[55.2595,25.1129],[55.2613,25.1086],[55.2664,25.1075],[55.2697,25.1106],[55.268,25.1149],[55.2629,25.1161],[55.2595,25.1129]]]}},{"type":"Feature","properties":{"h3_index":"8843a13513fffff","h3_resolution":8,"center_lat":25.1138,"center_lng":55.27307,"risk_score":0.5019,"risk_class":"moderate","flood_exposure":0.783,"charger_access_deficit":0.3567,"transport_disruption":0.4214},"geometry":{"type":"Polygon","coordinates":[[[55.268,25.1149],[55.2697,25.1106],[55.2748,25.1095],[55.2782,25.1127],[55.2764,25.117],[55.2713,25.1181],[55.268,25.1149]]]}},{"type":"Feature","properties":{"h3_index":"8843a13515fffff","h3_resolution":8,"center_lat":25.10432,"center_lng":55.26305,"risk_score":0.5976,"risk_class":"moderate","flood_exposure":0.8389,"charger_access_deficit":0.4196,"transport_disruption":0.4675},"geometry":{"type":"Polygon","coordinates":[[[55.258,25.1054],[55.2597,25.1012],[55.2648,25.1],[55.2682,25.1032],[55.2664,25.1075],[55.2613,25.1086],[55.258,25.1054]]]}},{"type":"Feature","properties":{"h3_index":"8843a13517fffff","h3_resolution":8,"center_lat":25.10635,"center_lng":55.27149,"risk_score":0.555,"risk_class":"moderate","flood_exposure":0.8069,"charger_access_deficit":0.4132,"transport_disruption":0.391},"geometry":{"type":"Polygon","coordinates":[[[55.2664,25.1075],[55.2682,25.1032],[55.2733,25.1021],[55.2766,25.1052],[55.2748,25.1095],[55.2697,25.1106],[55.2664,25.1075]]]}},{"type":"Feature","properties":{"h3_index":"8843a13519fffff","h3_resolution":8,"center_lat":25.11718,"center_lng":55.25777,"risk_score":0.5921,"risk_class":"moderate","flood_exposure":0.815,"charger_access_deficit":0.3316,"transport_disruption":0.6028},"geometry":{"type":"Polygon","coordinates":[[[55.2527,25.1183],[55.2544,25.114],[55.2595,25.1129],[55.2629,25.1161],[55.2611,25.1203],[55.256,25.1215],[55.2527,25.1183]]]}},{"type":"Feature","properties":{"h3_index":"8843a1351bfffff","h3_resolution":8,"center_lat":25.11922,"center_lng":55.26621,"risk_score":0.5464,"risk_class":"moderate","flood_exposure":0.7877,"charger_access_deficit":0.3189,"transport_disruption":0.529},"geometry":{"type":"Polygon","coordinates":[[[55.2611,25.1203],[55.2629,25.1161],[55.268,25.1149],[55.2713,25.1181],[55.2696,25.1224],[55.2645,25.1235],[55.2611,25.1203]]]}},{"type":"Feature","properties":{"h3_index":"8843a1351dfffff","h3_resolution":8,"center_lat":25.10973,"center_lng":55.25619,"risk_score":0.6132,"risk_class":"moderate","flood_exposure":0.8427,"charger_access_deficit":0.3739,"transport_disruption":0.5738},"geometry":{"type":"Polygon","coordinates":[[[55.2511,25.1109],[55.2529,25.1066],[55.258,25.1054],[55.2613,25.1086],[55.2595,25.1129],[55.2544,25.114],[55.2511,25.1109]]]}},{"type":"Feature","properties":{"h3_index":"8843a13521fffff","h3_resolution":8,"center_lat":25.07994,"center_lng":55.24988,"risk_score":0.6636,"risk_class":"high","flood_exposure":0.8084,"charger_access_deficit":0.5515,"transport_disruption":0.4518},"geometry":{"type":"Polygon","coordinates":[[[55.2448,25.0811],[55.2465,25.0768],[55.2516,25.0757],[55.255,25.0788],[55.2532,25.0831],[55.2481,25.0842],[55.2448,25.0811]]]}},{"type":"Feature","properties":{"h3_index":"8843a13523fffff","h3_resolution":8,"center_lat":25.08198,"center_lng":55.25832,"risk_score":0.6539,"risk_class":"high","flood_exposure":0.8116,"charger_access_deficit":0.5692,"transport_disruption":0.3757},"geometry":{"type":"Polygon","coordinates":[[[55.2532,25.0831],[55.255,25.0788],[55.2601,25.0777],[55.2634,25.0809],[55.2617,25.0851],[55.2566,25.0863],[55.2532,25.0831]]]}},{"type":"Feature","properties":{"h3_index":"8843a13525fffff","h3_resolution":8,"center_lat":25.07249,"center_lng":55.2483,"risk_score":0.6535,"risk_class":"high","flood_exposure":0.7686,"charger_access_deficit":0.5993,"transport_disruption":0.4207},"geometry":{"type":"Polygon","coordinates":[[[55.2432,25.0736],[55.245,25.0693],[55.2501,25.0682],[55.2534,25.0714],[55.2516,25.0757],[55.2465,25.0768],[55.2432,25.0736]]]}},{"type":"Feature","properties":{"h3_index":"8843a13527fffff","h3_resolution":8,"center_lat":25.07453,"center_lng":55.25674,"risk_score":0.6476,"risk_class":"moderate","flood_exposure":0.7768,"charger_access_deficit":0.6186,"transport_disruption":0.3457},"geometry":{"type":"Polygon","coordinates":[[[55.2516,25.0757],[55.2534,25.0714],[55.2585,25.0702],[55.2618,25.0734],[55.2601,25.0777],[55.255,25.0788],[55.2516,25.0757]]]}},{"type":"Feature","properties":{"h3_index":"8843a13529fffff","h3_resolution":8,"center_lat":25.08535,"center_lng":55.24302,"risk_score":0.6558,"risk_class":"high","flood_exposure":0.8261,"charger_access_deficit":0.484,"transport_disruption":0.5586},"geometry":{"type":"Polygon","coordinates":[[[55.2379,25.0865],[55.2397,25.0822],[55.2448,25.0811],[55.2481,25.0842],[55.2464,25.0885],[55.2413,25.0896],[55.2379,25.0865]]]}},{"type":"Feature","properties":{"h3_index":"8843a1352bfffff","h3_resolution":8,"center_lat":25.08739,"center_lng":55.25146,"risk_score":0.6771,"risk_class":"high","flood_exposure":0.8385,"charger_access_deficit":0.5053,"transport_disruption":0.4828},"geometry":{"type":"Polygon","coordinates":[[[55.2464,25.0885],[55.2481,25.0842],[55.2532,25.0831],[55.2566,25.0863],[55.2548,25.0905],[55.2497,25.0917],[55.2464,25.0885]]]}},{"type":"Feature","properties":{"h3_index":"8843a1352dfffff","h3_resolution":8,"center_lat":25.0779,"center_lng":55.24144,"risk_score":0.6567,"risk_class":"high","flood_exposure":0.7912,"charger_access_deficit":0.5295,"transport_disruption":0.5282},"geometry":{"type":"Polygon","coordinates":[[[55.2363,25.079],[55.2381,25.0747],[55.2432,25.0736],[55.2465,25.0768],[55.2448,25.0811],[55.2397,25.0822],[55.2363,25.079]]]}},{"type":"Feature","properties":{"h3_index":"8843a13531fffff","h3_resolution":8,"center_lat":25.09146,"center_lng":55.26833,"risk_score":0.5974,"risk_class":"moderate","flood_exposure":0.8162,"charger_access_deficit":0.525,"transport_disruption":0.3314},"geometry":{"type":"Polygon","coordinates":[[[55.2632,25.0926],[55.265,25.0883],[55.2701,25.0872],[55.2734,25.0903],[55.2717,25.0946],[55.2666,25.0957],[55.2632,25.0926]]]}},{"type":"Feature","properties":{"h3_index":"8843a13533fffff","h3_resolution":8,"center_lat":25.0935,"center_lng":55.27677,"risk_score":0.5365,"risk_class":"moderate","flood_exposure":0.7842,"charger_access_deficit":0.5231,"transport_disruption":0.2616},"geometry":{"type":"Polygon","coordinates":[[[55.2717,25.0946],[55.2734,25.0903],[55.2785,25.0892],[55.2819,25.0924],[55.2801,25.0967],[55.275,25.0978],[55.2717,25.0946]]]}},{"type":"Feature","properties":{"h3_index":"8843a13535fffff","h3_resolution":8,"center_lat":25.08401,"center_lng":55.26675,"risk_score":0.6396,"risk_class":"moderate","flood_exposure":0.8001,"charger_access_deficit":0.5794,"transport_disruption":0.3028},"geometry":{"type":"Polygon","coordinates":[[[55.2617,25.0851],[55.2634,25.0809],[55.2685,25.0797],[55.2719,25.0829],[55.2701,25.0872],[55.265,25.0883],[55.2617,25.0851]]]}},{"type":"Feature","properties":{"h3_index":"8843a13537fffff","h3_resolution":8,"center_lat":25.08605,"center_lng":55.27519,"risk_score":0.5787,"risk_class":"moderate","flood_exposure":0.7753,"charger_access_deficit":0.5819,"transport_disruption":0.2354},"geometry":{"type":"Polygon","coordinates":[[[55.2701,25.0872],[55.2719,25.0829],[55.2769,25.0818],[55.2803,25.0849],[55.2785,25.0892],[55.2734,25.0903],[55.2701,25.0872]]]}},{"type":"Feature","properties":{"h3_index":"8843a13539fffff","h3_resolution":8,"center_lat":25.09687,"center_lng":55.26147,"risk_score":0.6512,"risk_class":"high","flood_exposure":0.8445,"charger_access_deficit":0.47,"transport_disruption":0.4367},"geometry":{"type":"Polygon","coordinates":[[[55.2564,25.098],[55.2581,25.0937],[55.2632,25.0926],[55.2666,25.0957],[55.2648,25.1],[55.2597,25.1012],[55.2564,25.098]]]}},{"type":"Feature","properties":{"h3_index":"8843a1353bfffff","h3_resolution":8,"center_lat":25.09891,"center_lng":55.26991,"risk_score":0.5903,"risk_class":"moderate","flood_exposure":0.8185,"charger_access_deficit":0.4696,"transport_disruption":0.3609},"geometry":{"type":"Polygon","coordinates":[[[55.2648,25.1],[55.2666,25.0957],[55.2717,25.0946],[55.275,25.0978],[55.2733,25.1021],[55.2682,25.1032],[55.2648,25.1]]]}},{"type":"Feature","properties":{"h3_index":"8843a1353dfffff","h3_resolution":8,"center_lat":25.08942,"center_lng":55.25989,"risk_score":0.6263,"risk_class":"moderate","flood_exposure":0.835,"charger_access_deficit":0.5198,"transport_disruption":0.4061},"geometry":{"type":"Polygon","coordinates":[[[55.2548,25.0905],[55.2566,25.0863],[55.2617,25.0851],[55.265,25.0883],[55.2632,25.0926],[55.2581,25.0937],[55.2548,25.0905]]]}},{"type":"Feature","properties":{"h3_index":"8843a13541fffff","h3_resolution":8,"center_lat":25.10902,"center_lng":55.22402,"risk_score":0.5753,"risk_class":"moderate","flood_exposure":0.7838,"charger_access_deficit":0.2647,"transport_disruption":0.7984},"geometry":{"type":"Polygon","coordinates":[[[55.2189,25.1101],[55.2207,25.1059],[55.2258,25.1047],[55.2291,25.1079],[55.2274,25.1122],[55.2223,25.1133],[55.2189,25.1101]]]}},{"type":"Feature","properties":{"h3_index":"8843a13543fffff","h3_resolution":8,"center_lat":25.11106,"center_lng":55.23245,"risk_score":0.6324,"risk_class":"moderate","flood_exposure":0.8131,"charger_access_deficit":0.2946,"transport_disruption":0.7711},"geometry":{"type":"Polygon","coordinates":[[[55.2274,25.1122],[55.2291,25.1079],[55.2342,25.1068],[55.2376,25.1099],[55.2358,25.1142],[55.2307,25.1153],[55.2274,25.1122]]]}},{"type":"Feature","properties":{"h3_index":"8843a13545fffff","h3_resolution":8,"center_lat":25.10157,"center_lng":55.22244,"risk_score":0.5936,"risk_class":"moderate","flood_exposure":0.7845,"charger_access_deficit":0.29,"transport_disruption":0.7895},"geometry":{"type":"Polygon","coordinates":[[[55.2173,25.1027],[55.2191,25.0984],[55.2242,25.0973],[55.2275,25.1005],[55.2258,25.1047],[55.2207,25.1059],[55.2173,25.1027]]]}},{"type":"Feature","properties":{"h3_index":"8843a13547fffff","h3_resolution":8,"center_lat":25.10361,"center_lng":55.23088,"risk_score":0.6223,"risk_class":"moderate","flood_exposure":0.8203,"charger_access_deficit":0.3183,"transport_disruption":0.7554},"geometry":{"type":"Polygon","coordinates":[[[55.2258,25.1047],[55.2275,25.1005],[55.2326,25.0993],[55.236,25.1025],[55.2342,25.1068],[55.2291,25.1079],[55.2258,25.1047]]]}},{"type":"Feature","properties":{"h3_index":"8843a13549fffff","h3_resolution":8,"center_lat":25.11443,"center_lng":55.21715,"risk_score":0.5266,"risk_class":"moderate","flood_exposure":0.7372,"charger_access_deficit":0.2222,"transport_disruption":0.8054},"geometry":{"type":"Polygon","coordinates":[[[55.2121,25.1156],[55.2138,25.1113],[55.2189,25.1101],[55.2223,25.1133],[55.2205,25.1176],[55.2154,25.1187],[55.2121,25.1156]]]}},{"type":"Feature","properties":{"h3_index":"8843a1354bfffff","h3_resolution":8,"center_lat":25.11647,"center_lng":55.22559,"risk_score":0.5707,"risk_class":"moderate","flood_exposure":0.7705,"charger_access_deficit":0.2512,"transport_disruption":0.8041},"geometry":{"type":"Polygon","coordinates":[[[55.2205,25.1176],[55.2223,25.1133],[55.2274,25.1122],[55.2307,25.1153],[55.2289,25.1196],[55.2238,25.1208],[55.2205,25.1176]]]}},{"type":"Feature","properties":{"h3_index":"8843a1354dfffff","h3_resolution":8,"center_lat":25.10698,"center_lng":55.21558,"risk_score":0.5318,"risk_class":"moderate","flood_exposure":0.744,"charger_access_deficit":0.2383,"transport_disruption":0.8073},"geometry":{"type":"Polygon","coordinates":[[[55.2105,25.1081],[55.2122,25.1038],[55.2173,25.1027],[55.2207,25.1059],[55.2189,25.1101],[55.2138,25.1113],[55.2105,25.1081]]]}},{"type":"Feature","properties":{"h3_index":"8843a13551fffff","h3_resolution":8,"center_lat":25.12055,"center_lng":55.24247,"risk_score":0.6017,"risk_class":"moderate","flood_exposure":0.8012,"charger_access_deficit":0.2985,"transport_disruption":0.7467},"geometry":{"type":"Polygon","coordinates":[[[55.2374,25.1217],[55.2391,25.1174],[55.2442,25.1163],[55.2476,25.1194],[55.2458,25.1237],[55.2407,25.1248],[55.2374,25.1217]]]}},{"type":"Feature","properties":{"h3_index":"8843a13553fffff","h3_resolution":8,"center_lat":25.12259,"center_lng":55.25091,"risk_score":0.5782,"risk_class":"moderate","flood_exposure":0.796,"charger_access_deficit":0.3021,"transport_disruption":0.6946},"geometry":{"type":"Polygon","coordinates":[[[55.2458,25.1237],[55.2476,25.1194],[55.2527,25.1183],[55.256,25.1215],[55.2542,25.1258],[55.2491,25.1269],[55.2458,25.1237]]]}},{"type":"Feature","properties":{"h3_index":"8843a13555fffff","h3_resolution":8,"center_lat":25.1131,"center_lng":55.24089,"risk_score":0.5985,"risk_class":"moderate","flood_exposure":0.829,"charger_access_deficit":0.3198,"transport_disruption":0.7274},"geometry":{"type":"Polygon","coordinates":[[[55.2358,25.1142],[55.2376,25.1099],[55.2427,25.1088],[55.246,25.112],[55.2442,25.1163],[55.2391,25.1174],[55.2358,25.1142]]]}},{"type":"Feature","properties":{"h3_index":"8843a13557fffff","h3_resolution":8,"center_lat":25.11514,"center_lng":55.24933,"risk_score":0.6288,"risk_class":"moderate","flood_exposure":0.8296,"charger_access_deficit":0.3333,"transport_disruption":0.6702},"geometry":{"type":"Polygon","coordinates":[[[55.2442,25.1163],[55.246,25.112],[55.2511,25.1109],[55.2544,25.114],[55.2527,25.1183],[55.2476,25.1194],[55.2442,25.1163]]]}},{"type":"Feature","properties":{"h3_index":"8843a13559fffff","h3_resolution":8,"center_lat":25.12596,"center_lng":55.23561,"risk_score":0.5643,"risk_class":"moderate","flood_exposure":0.7609,"charger_access_deficit":0.271,"transport_disruption":0.7944},"geometry":{"type":"Polygon","coordinates":[[[55.2305,25.1271],[55.2323,25.1228],[55.2374,25.1217],[55.2407,25.1248],[55.2389,25.1291],[55.2338,25.1302],[55.2305,25.1271]]]}},{"type":"Feature","properties":{"h3_index":"8843a1355bfffff","h3_resolution":8,"center_lat":25.128,"center_lng":55.24405,"risk_score":0.5901,"risk_class":"moderate","flood_exposure":0.7639,"charger_access_deficit":0.2803,"transport_disruption":0.7638},"geometry":{"type":"Polygon","coordinates":[[[55.2389,25.1291],[55.2407,25.1248],[55.2458,25.1237],[55.2491,25.1269],[55.2474,25.1312],[55.2423,25.1323],[55.2389,25.1291]]]}},{"type":"Feature","properties":{"h3_index":"8843a1355dfffff","h3_resolution":8,"center_lat":25.11851,"center_lng":55.23403,"risk_score":0.5856,"risk_class":"moderate","flood_exposure":0.7926,"charger_access_deficit":0.2796,"transport_disruption":0.7843},"geometry":{"type":"Polygon","coordinates":[[[55.2289,25.1196],[55.2307,25.1153],[55.2358,25.1142],[55.2391,25.1174],[55.2374,25.1217],[55.2323,25.1228],[55.2289,25.1196]]]}},{"type":"Feature","properties":{"h3_index":"8843a13561fffff","h3_resolution":8,"center_lat":25.08872,"center_lng":55.22773,"risk_score":0.6286,"risk_class":"moderate","flood_exposure":0.7933,"charger_access_deficit":0.3911,"transport_disruption":0.7163},"geometry":{"type":"Polygon","coordinates":[[[55.2226,25.0898],[55.2244,25.0856],[55.2295,25.0844],[55.2328,25.0876],[55.2311,25.0919],[55.226,25.093],[55.2226,25.0898]]]}},{"type":"Feature","properties":{"h3_index":"8843a13563fffff","h3_resolution":8,"center_lat":25.09076,"center_lng":55.23616,"risk_score":0.6875,"risk_class":"high","flood_exposure":0.8279,"charger_access_deficit":0.4166,"transport_disruption":0.6571},"geometry":{"type":"Polygon","coordinates":[[[55.2311,25.0919],[55.2328,25.0876],[55.2379,25.0865],[55.2413,25.0896],[55.2395,25.0939],[55.2344,25.095],[55.2311,25.0919]]]}},{"type":"Feature","properties":{"h3_index":"8843a13565fffff","h3_resolution":8,"center_lat":25.08127,"center_lng":55.22615,"risk_score":0.6269,"risk_class":"moderate","flood_exposure":0.7628,"charger_access_deficit":0.4367,"transport_disruption":0.6934},"geometry":{"type":"Polygon","coordinates":[[[55.2211,25.0824],[55.2228,25.0781],[55.2279,25.077],[55.2312,25.0802],[55.2295,25.0844],[55.2244,25.0856],[55.2211,25.0824]]]}},{"type":"Feature","properties":{"h3_index":"8843a13567fffff","h3_resolution":8,"center_lat":25.08331,"center_lng":55.23459,"risk_score":0.6594,"risk_class":"high","flood_exposure":0.7998,"charger_access_deficit":0.4598,"transport_disruption":0.6301},"geometry":{"type":"Polygon","coordinates":[[[55.2295,25.0844],[55.2312,25.0802],[55.2363,25.079],[55.2397,25.0822],[55.2379,25.0865],[55.2328,25.0876],[55.2295,25.0844]]]}},{"type":"Feature","properties":{"h3_index":"8843a13569fffff","h3_resolution":8,"center_lat":25.09413,"center_lng":55.22087,"risk_score":0.6225,"risk_class":"moderate","flood_exposure":0.7725,"charger_access_deficit":0.3258,"transport_disruption":0.7776},"geometry":{"type":"Polygon","coordinates":[[[55.2158,25.0952],[55.2175,25.091],[55.2226,25.0898],[55.226,25.093],[55.2242,25.0973],[55.2191,25.0984],[55.2158,25.0952]]]}},{"type":"Feature","properties":{"h3_index":"8843a1356bfffff","h3_resolution":8,"center_lat":25.09617,"center_lng":55.2293,"risk_score":0.6423,"risk_class":"moderate","flood_exposure":0.8134,"charger_access_deficit":0.3509,"transport_disruption":0.7372},"geometry":{"type":"Polygon","coordinates":[[[55.2242,25.0973],[55.226,25.093],[55.2311,25.0919],[55.2344,25.095],[55.2326,25.0993],[55.2275,25.1005],[55.2242,25.0973]]]}},{"type":"Feature","properties":{"h3_index":"8843a1356dfffff","h3_resolution":8,"center_lat":25.08668,"center_lng":55.21929,"risk_score":0.5972,"risk_class":"moderate","flood_exposure":0.7495,"charger_access_deficit":0.3691,"transport_disruption":0.7627},"geometry":{"type":"Polygon","coordinates":[[[55.2142,25.0878],[55.216,25.0835],[55.2211,25.0824],[55.2244,25.0856],[55.2226,25.0898],[55.2175,25.091],[55.2142,25.0878]]]}},{"type":"Feature","properties":{"h3_index":"8843a13581fffff","h3_resolution":8,"center_lat":25.1145,"center_lng":55.30526,"risk_score":0.3079,"risk_class":"low","flood_exposure":0.6121,"charger_access_deficit":0.4131,"transport_disruption":0.1335},"geometry":{"type":"Polygon","coordinates":[[[55.3002,25.1156],[55.3019,25.1113],[55.307,25.1102],[55.3104,25.1134],[55.3086,25.1177],[55.3035,25.1188],[55.3002,25.1156]]]}},{"type":"Feature","properties":{"h3_index":"8843a13583fffff","h3_resolution":8,"center_lat":25.11654,"center_lng":55.31371,"risk_score":0.2655,"risk_class":"low","flood_exposure":0.5622,"charger_access_deficit":0.439,"transport_disruption":0.09},"geometry":{"type":"Polygon","coordinates":[[[55.3086,25.1177],[55.3104,25.1134],[55.3155,25.1122],[55.3188,25.1154],[55.3171,25.1197],[55.312,25.1208],[55.3086,25.1177]]]}},{"type":"Feature","properties":{"h3_index":"8843a13585fffff","h3_resolution":8,"center_lat":25.10705,"center_lng":55.30368,"risk_score":0.3619,"risk_class":"moderate","flood_exposure":0.6282,"charger_access_deficit":0.4637,"transport_disruption":0.1148},"geometry":{"type":"Polygon","coordinates":[[[55.2986,25.1082],[55.3003,25.1039],[55.3054,25.1028],[55.3088,25.1059],[55.307,25.1102],[55.3019,25.1113],[55.2986,25.1082]]]}},{"type":"Feature","properties":{"h3_index":"8843a13587fffff","h3_resolution":8,"center_lat":25.10909,"center_lng":55.31212,"risk_score":0.3092,"risk_class":"low","flood_exposure":0.5747,"charger_access_deficit":0.4826,"transport_disruption":0.0756},"geometry":{"type":"Polygon","coordinates":[[[55.307,25.1102],[55.3088,25.1059],[55.3139,25.1048],[55.3172,25.108],[55.3155,25.1122],[55.3104,25.1134],[55.307,25.1102]]]}},{"type":"Feature","properties":{"h3_index":"8843a13589fffff","h3_resolution":8,"center_lat":25.11992,"center_lng":55.2984,"risk_score":0.357,"risk_class":"moderate","flood_exposure":0.6436,"charger_access_deficit":0.3479,"transport_disruption":0.2104},"geometry":{"type":"Polygon","coordinates":[[[55.2933,25.121],[55.2951,25.1168],[55.3002,25.1156],[55.3035,25.1188],[55.3017,25.1231],[55.2966,25.1242],[55.2933,25.121]]]}},{"type":"Feature","properties":{"h3_index":"8843a1358bfffff","h3_resolution":8,"center_lat":25.12195,"center_lng":55.30685,"risk_score":0.2501,"risk_class":"low","flood_exposure":0.5974,"charger_access_deficit":0.3694,"transport_disruption":0.1536},"geometry":{"type":"Polygon","coordinates":[[[55.3017,25.1231],[55.3035,25.1188],[55.3086,25.1177],[55.312,25.1208],[55.3102,25.1251],[55.3051,25.1262],[55.3017,25.1231]]]}},{"type":"Feature","properties":{"h3_index":"8843a1358dfffff","h3_resolution":8,"center_lat":25.11247,"center_lng":55.29682,"risk_score":0.3553,"risk_class":"moderate","flood_exposure":0.6638,"charger_access_deficit":0.3991,"transport_disruption":0.1866},"geometry":{"type":"Polygon","coordinates":[[[55.2917,25.1136],[55.2935,25.1093],[55.2986,25.1082],[55.3019,25.1113],[55.3002,25.1156],[55.2951,25.1168],[55.2917,25.1136]]]}},{"type":"Feature","properties":{"h3_index":"8843a13591fffff","h3_resolution":8,"center_lat":25.12602,"center_lng":55.32374,"risk_score":0.2147,"risk_class":"low","flood_exposure":0.5147,"charger_access_deficit":0.4473,"transport_disruption":0.0687},"geometry":{"type":"Polygon","coordinates":[[[55.3186,25.1272],[55.3204,25.1229],[55.3255,25.1217],[55.3288,25.1249],[55.3271,25.1292],[55.322,25.1303],[55.3186,25.1272]]]}},{"type":"Feature","properties":{"h3_index":"8843a13593fffff","h3_resolution":8,"center_lat":25.12806,"center_lng":55.33219,"risk_score":0.2415,"risk_class":"low","flood_exposure":0.4786,"charger_access_deficit":0.4986,"transport_disruption":0.0411},"geometry":{"type":"Polygon","coordinates":[[[55.3271,25.1292],[55.3288,25.1249],[55.3339,25.1238],[55.3373,25.1269],[55.3355,25.1312],[55.3304,25.1323],[55.3271,25.1292]]]}},{"type":"Feature","properties":{"h3_index":"8843a13595fffff","h3_resolution":8,"center_lat":25.11857,"center_lng":55.32216,"risk_score":0.255,"risk_class":"low","flood_exposure":0.5151,"charger_access_deficit":0.4752,"transport_disruption":0.0568},"geometry":{"type":"Polygon","coordinates":[[[55.3171,25.1197],[55.3188,25.1154],[55.3239,25.1143],[55.3273,25.1174],[55.3255,25.1217],[55.3204,25.1229],[55.3171,25.1197]]]}},{"type":"Feature","properties":{"h3_index":"8843a13597fffff","h3_resolution":8,"center_lat":25.12061,"center_lng":55.3306,"risk_score":0.2413,"risk_class":"low","flood_exposure":0.4714,"charger_access_deficit":0.5195,"transport_disruption":0.033},"geometry":{"type":"Polygon","coordinates":[[[55.3255,25.1217],[55.3273,25.1174],[55.3324,25.1163],[55.3357,25.1195],[55.3339,25.1238],[55.3288,25.1249],[55.3255,25.1217]]]}},{"type":"Feature","properties":{"h3_index":"8843a13599fffff","h3_resolution":8,"center_lat":25.13144,"center_lng":55.31688,"risk_score":0.2242,"risk_class":"low","flood_exposure":0.5553,"charger_access_deficit":0.3778,"transport_disruption":0.1234},"geometry":{"type":"Polygon","coordinates":[[[55.3118,25.1326],[55.3135,25.1283],[55.3186,25.1272],[55.322,25.1303],[55.3202,25.1346],[55.3151,25.1357],[55.3118,25.1326]]]}},{"type":"Feature","properties":{"h3_index":"8843a1359bfffff","h3_resolution":8,"center_lat":25.13348,"center_lng":55.32533,"risk_score":0.2197,"risk_class":"low","flood_exposure":0.5245,"charger_access_deficit":0.4294,"transport_disruption":0.0816},"geometry":{"type":"Polygon","coordinates":[[[55.3202,25.1346],[55.322,25.1303],[55.3271,25.1292],[55.3304,25.1323],[55.3287,25.1366],[55.3236,25.1378],[55.3202,25.1346]]]}},{"type":"Feature","properties":{"h3_index":"8843a1359dfffff","h3_resolution":8,"center_lat":25.12399,"center_lng":55.3153,"risk_score":0.2166,"risk_class":"low","flood_exposure":0.5542,"charger_access_deficit":0.4034,"transport_disruption":0.1061},"geometry":{"type":"Polygon","coordinates":[[[55.3102,25.1251],[55.312,25.1208],[55.3171,25.1197],[55.3204,25.1229],[55.3186,25.1272],[55.3135,25.1283],[55.3102,25.1251]]]}},{"type":"Feature","properties":{"h3_index":"8843a135a1fffff","h3_resolution":8,"center_lat":25.09419,"center_lng":55.30895,"risk_score":0.3994,"risk_class":"moderate","flood_exposure":0.5946,"charger_access_deficit":0.5859,"transport_disruption":0.0513},"geometry":{"type":"Polygon","coordinates":[[[55.3039,25.0953],[55.3056,25.091],[55.3107,25.0899],[55.3141,25.0931],[55.3123,25.0974],[55.3072,25.0985],[55.3039,25.0953]]]}},{"type":"Feature","properties":{"h3_index":"8843a135a3fffff","h3_resolution":8,"center_lat":25.09622,"center_lng":55.31739,"risk_score":0.3448,"risk_class":"low","flood_exposure":0.541,"charger_access_deficit":0.6026,"transport_disruption":0.0292},"geometry":{"type":"Polygon","coordinates":[[[55.3123,25.0974],[55.3141,25.0931],[55.3192,25.0919],[55.3225,25.0951],[55.3207,25.0994],[55.3156,25.1005],[55.3123,25.0974]]]}},{"type":"Feature","properties":{"h3_index":"8843a135a5fffff","h3_resolution":8,"center_lat":25.08674,"center_lng":55.30737,"risk_score":0.4072,"risk_class":"moderate","flood_exposure":0.5955,"charger_access_deficit":0.643,"transport_disruption":0.0414},"geometry":{"type":"Polygon","coordinates":[[[55.3023,25.0879],[55.304,25.0836],[55.3091,25.0825],[55.3125,25.0856],[55.3107,25.0899],[55.3056,25.091],[55.3023,25.0879]]]}},{"type":"Feature","properties":{"h3_index":"8843a135a7fffff","h3_resolution":8,"center_lat":25.08878,"center_lng":55.31581,"risk_score":0.3857,"risk_class":"moderate","flood_exposure":0.545,"charger_access_deficit":0.6543,"transport_disruption":0.0226},"geometry":{"type":"Polygon","coordinates":[[[55.3107,25.0899],[55.3125,25.0856],[55.3176,25.0845],[55.3209,25.0876],[55.3192,25.0919],[55.3141,25.0931],[55.3107,25.0899]]]}},{"type":"Feature","properties":{"h3_index":"8843a135a9fffff","h3_resolution":8,"center_lat":25.0996,"center_lng":55.30209,"risk_score":0.3948,"risk_class":"moderate","flood_exposure":0.641,"charger_access_deficit":0.5192,"transport_disruption":0.0978},"geometry":{"type":"Polygon","coordinates":[[[55.297,25.1007],[55.2988,25.0964],[55.3039,25.0953],[55.3072,25.0985],[55.3054,25.1028],[55.3003,25.1039],[55.297,25.1007]]]}},{"type":"Feature","properties":{"h3_index":"8843a135abfffff","h3_resolution":8,"center_lat":25.10164,"center_lng":55.31054,"risk_score":0.3518,"risk_class":"moderate","flood_exposure":0.5868,"charger_access_deficit":0.532,"transport_disruption":0.0627},"geometry":{"type":"Polygon","coordinates":[[[55.3054,25.1028],[55.3072,25.0985],[55.3123,25.0974],[55.3156,25.1005],[55.3139,25.1048],[55.3088,25.1059],[55.3054,25.1028]]]}},{"type":"Feature","properties":{"h3_index":"8843a135adfffff","h3_resolution":8,"center_lat":25.09215,"center_lng":55.30051,"risk_score":0.3998,"risk_class":"moderate","flood_exposure":0.6467,"charger_access_deficit":0.5778,"transport_disruption":0.0825},"geometry":{"type":"Polygon","coordinates":[[[55.2954,25.0933],[55.2972,25.089],[55.3023,25.0879],[55.3056,25.091],[55.3039,25.0953],[55.2988,25.0964],[55.2954,25.0933]]]}},{"type":"Feature","properties":{"h3_index":"8843a135b1fffff","h3_resolution":8,"center_lat":25.10571,"center_lng":55.32743,"risk_score":0.2659,"risk_class":"low","flood_exposure":0.4794,"charger_access_deficit":0.5851,"transport_disruption":0.0198},"geometry":{"type":"Polygon","coordinates":[[[55.3223,25.1068],[55.3241,25.1025],[55.3292,25.1014],[55.3325,25.1046],[55.3308,25.1089],[55.3257,25.11],[55.3223,25.1068]]]}},{"type":"Feature","properties":{"h3_index":"8843a135b3fffff","h3_resolution":8,"center_lat":25.10774,"center_lng":55.33587,"risk_score":0.2604,"risk_class":"low","flood_exposure":0.4295,"charger_access_deficit":0.6212,"transport_disruption":0.0091},"geometry":{"type":"Polygon","coordinates":[[[55.3308,25.1089],[55.3325,25.1046],[55.3376,25.1035],[55.341,25.1066],[55.3392,25.1109],[55.3341,25.112],[55.3308,25.1089]]]}},{"type":"Feature","properties":{"h3_index":"8843a135b5fffff","h3_resolution":8,"center_lat":25.09826,"center_lng":55.32584,"risk_score":0.3125,"risk_class":"low","flood_exposure":0.4878,"charger_access_deficit":0.6264,"transport_disruption":0.0148},"geometry":{"type":"Polygon","coordinates":[[[55.3207,25.0994],[55.3225,25.0951],[55.3276,25.094],[55.3309,25.0971],[55.3292,25.1014],[55.3241,25.1025],[55.3207,25.0994]]]}},{"type":"Feature","properties":{"h3_index":"8843a135b7fffff","h3_resolution":8,"center_lat":25.10029,"center_lng":55.33428,"risk_score":0.298,"risk_class":"low","flood_exposure":0.4362,"charger_access_deficit":0.6557,"transport_disruption":0.0064},"geometry":{"type":"Polygon","coordinates":[[[55.3292,25.1014],[55.3309,25.0971],[55.336,25.096],[55.3394,25.0992],[55.3376,25.1035],[55.3325,25.1046],[55.3292,25.1014]]]}},{"type":"Feature","properties":{"h3_index":"8843a135b9fffff","h3_resolution":8,"center_lat":25.11112,"center_lng":55.32057,"risk_score":0.2556,"risk_class":"low","flood_exposure":0.5225,"charger_access_deficit":0.5114,"transport_disruption":0.0462},"geometry":{"type":"Polygon","coordinates":[[[55.3155,25.1122],[55.3172,25.108],[55.3223,25.1068],[55.3257,25.11],[55.3239,25.1143],[55.3188,25.1154],[55.3155,25.1122]]]}},{"type":"Feature","properties":{"h3_index":"8843a135bbfffff","h3_resolution":8,"center_lat":25.11316,"center_lng":55.32901,"risk_score":0.2507,"risk_class":"low","flood_exposure":0.4728,"charger_access_deficit":0.5488,"transport_disruption":0.0258},"geometry":{"type":"Polygon","coordinates":[[[55.3239,25.1143],[55.3257,25.11],[55.3308,25.1089],[55.3341,25.112],[55.3324,25.1163],[55.3273,25.1174],[55.3239,25.1143]]]}},{"type":"Feature","properties":{"h3_index":"8843a135bdfffff","h3_resolution":8,"center_lat":25.10367,"center_lng":55.31898,"risk_score":0.3326,"risk_class":"low","flood_exposure":0.5326,"charger_access_deficit":0.5544,"transport_disruption":0.0371},"geometry":{"type":"Polygon","coordinates":[[[55.3139,25.1048],[55.3156,25.1005],[55.3207,25.0994],[55.3241,25.1025],[55.3223,25.1068],[55.3172,25.108],[55.3139,25.1048]]]}},{"type":"Feature","properties":{"h3_index":"8843a135c1fffff","h3_resolution":8,"center_lat":25.12329,"center_lng":55.2831,"risk_score":0.4003,"risk_class":"moderate","flood_exposure":0.7102,"charger_access_deficit":0.2906,"transport_disruption":0.3759},"geometry":{"type":"Polygon","coordinates":[[[55.278,25.1244],[55.2798,25.1201],[55.2849,25.119],[55.2882,25.1222],[55.2864,25.1265],[55.2813,25.1276],[55.278,25.1244]]]}},{"type":"Feature","properties":{"h3_index":"8843a135c3fffff","h3_resolution":8,"center_lat":25.12533,"center_lng":55.29154,"risk_score":0.3427,"risk_class":"low","flood_exposure":0.6678,"charger_access_deficit":0.2905,"transport_disruption":0.303},"geometry":{"type":"Polygon","coordinates":[[[55.2864,25.1265],[55.2882,25.1222],[55.2933,25.121],[55.2966,25.1242],[55.2949,25.1285],[55.2898,25.1296],[55.2864,25.1265]]]}},{"type":"Feature","properties":{"h3_index":"8843a135c5fffff","h3_resolution":8,"center_lat":25.11584,"center_lng":55.28152,"risk_score":0.4372,"risk_class":"moderate","flood_exposure":0.7393,"charger_access_deficit":0.3448,"transport_disruption":0.3462},"geometry":{"type":"Polygon","coordinates":[[[55.2764,25.117],[55.2782,25.1127],[55.2833,25.1116],[55.2866,25.1147],[55.2849,25.119],[55.2798,25.1201],[55.2764,25.117]]]}},{"type":"Feature","properties":{"h3_index":"8843a135c7fffff","h3_resolution":8,"center_lat":25.11788,"center_lng":55.28996,"risk_score":0.3821,"risk_class":"moderate","flood_exposure":0.6917,"charger_access_deficit":0.3404,"transport_disruption":0.2752},"geometry":{"type":"Polygon","coordinates":[[[55.2849,25.119],[55.2866,25.1147],[55.2917,25.1136],[55.2951,25.1168],[55.2933,25.121],[55.2882,25.1222],[55.2849,25.119]]]}},{"type":"Feature","properties":{"h3_index":"8843a135c9fffff","h3_resolution":8,"center_lat":25.1287,"center_lng":55.27624,"risk_score":0.4378,"risk_class":"moderate","flood_exposure":0.7183,"charger_access_deficit":0.2535,"transport_disruption":0.4831},"geometry":{"type":"Polygon","coordinates":[[[55.2711,25.1298],[55.2729,25.1255],[55.278,25.1244],[55.2813,25.1276],[55.2796,25.1319],[55.2745,25.133],[55.2711,25.1298]]]}},{"type":"Feature","properties":{"h3_index":"8843a135cbfffff","h3_resolution":8,"center_lat":25.13074,"center_lng":55.28468,"risk_score":0.3532,"risk_class":"moderate","flood_exposure":0.6838,"charger_access_deficit":0.2447,"transport_disruption":0.4063},"geometry":{"type":"Polygon","coordinates":[[[55.2796,25.1319],[55.2813,25.1276],[55.2864,25.1265],[55.2898,25.1296],[55.288,25.1339],[55.2829,25.135],[55.2796,25.1319]]]}},{"type":"Feature","properties":{"h3_index":"8843a135cdfffff","h3_resolution":8,"center_lat":25.12125,"center_lng":55.27466,"risk_score":0.4757,"risk_class":"moderate","flood_exposure":0.7514,"charger_access_deficit":0.3023,"transport_disruption":0.4522},"geometry":{"type":"Polygon","coordinates":[[[55.2696,25.1224],[55.2713,25.1181],[55.2764,25.117],[55.2798,25.1201],[55.278,25.1244],[55.2729,25.1255],[55.2696,25.1224]]]}},{"type":"Feature","properties":{"h3_index":"8843a135d1fffff","h3_resolution":8,"center_lat":25.13482,"center_lng":55.30157,"risk_score":0.256,"risk_class":"low","flood_exposure":0.6199,"charger_access_deficit":0.275,"transport_disruption":0.2613},"geometry":{"type":"Polygon","coordinates":[[[55.2965,25.1359],[55.2982,25.1317],[55.3033,25.1305],[55.3067,25.1337],[55.3049,25.138],[55.2998,25.1391],[55.2965,25.1359]]]}},{"type":"Feature","properties":{"h3_index":"8843a135d3fffff","h3_resolution":8,"center_lat":25.13686,"center_lng":55.31002,"risk_score":0.2569,"risk_class":"low","flood_exposure":0.5927,"charger_access_deficit":0.3139,"transport_disruption":0.1972},"geometry":{"type":"Polygon","coordinates":[[[55.3049,25.138],[55.3067,25.1337],[55.3118,25.1326],[55.3151,25.1357],[55.3134,25.14],[55.3083,25.1411],[55.3049,25.138]]]}},{"type":"Feature","properties":{"h3_index":"8843a135d5fffff","h3_resolution":8,"center_lat":25.12737,"center_lng":55.29999,"risk_score":0.2963,"risk_class":"low","flood_exposure":0.6271,"charger_access_deficit":0.3055,"transport_disruption":0.2355},"geometry":{"type":"Polygon","coordinates":[[[55.2949,25.1285],[55.2966,25.1242],[55.3017,25.1231],[55.3051,25.1262],[55.3033,25.1305],[55.2982,25.1317],[55.2949,25.1285]]]}},{"type":"Feature","properties":{"h3_index":"8843a135d7fffff","h3_resolution":8,"center_lat":25.1294,"center_lng":55.30843,"risk_score":0.2419,"risk_class":"low","flood_exposure":0.5894,"charger_access_deficit":0.3354,"transport_disruption":0.1751},"geometry":{"type":"Polygon","coordinates":[[[55.3033,25.1305],[55.3051,25.1262],[55.3102,25.1251],[55.3135,25.1283],[55.3118,25.1326],[55.3067,25.1337],[55.3033,25.1305]]]}},{"type":"Feature","properties":{"h3_index":"8843a135d9fffff","h3_resolution":8,"center_lat":25.14023,"center_lng":55.29471,"risk_score":0.3073,"risk_class":"low","flood_exposure":0.6449,"charger_access_deficit":0.2263,"transport_disruption":0.3602},"geometry":{"type":"Polygon","coordinates":[[[55.2896,25.1414],[55.2914,25.1371],[55.2965,25.1359],[55.2998,25.1391],[55.2981,25.1434],[55.293,25.1445],[55.2896,25.1414]]]}},{"type":"Feature","properties":{"h3_index":"8843a135dbfffff","h3_resolution":8,"center_lat":25.14227,"center_lng":55.30316,"risk_score":0.2628,"risk_class":"low","flood_exposure":0.6262,"charger_access_deficit":0.2592,"transport_disruption":0.2869},"geometry":{"type":"Polygon","coordinates":[[[55.2981,25.1434],[55.2998,25.1391],[55.3049,25.138],[55.3083,25.1411],[55.3065,25.1454],[55.3014,25.1466],[55.2981,25.1434]]]}},{"type":"Feature","properties":{"h3_index":"8843a135ddfffff","h3_resolution":8,"center_lat":25.13278,"center_lng":55.29313,"risk_score":0.291,"risk_class":"low","flood_exposure":0.6504,"charger_access_deficit":0.2512,"transport_disruption":0.3315},"geometry":{"type":"Polygon","coordinates":[[[55.288,25.1339],[55.2898,25.1296],[55.2949,25.1285],[55.2982,25.1317],[55.2965,25.1359],[55.2914,25.1371],[55.288,25.1339]]]}},{"type":"Feature","properties":{"h3_index":"8843a135e1fffff","h3_resolution":8,"center_lat":25.10298,"center_lng":55.28679,"risk_score":0.461,"risk_class":"moderate","flood_exposure":0.7338,"charger_access_deficit":0.4568,"transport_disruption":0.2228},"geometry":{"type":"Polygon","coordinates":[[[55.2817,25.1041],[55.2835,25.0998],[55.2886,25.0987],[55.2919,25.1019],[55.2901,25.1061],[55.285,25.1073],[55.2817,25.1041]]]}},{"type":"Feature","properties":{"h3_index":"8843a135e3fffff","h3_resolution":8,"center_lat":25.10502,"center_lng":55.29524,"risk_score":0.4253,"risk_class":"moderate","flood_exposure":0.682,"charger_access_deficit":0.4557,"transport_disruption":0.1642},"geometry":{"type":"Polygon","coordinates":[[[55.2901,25.1061],[55.2919,25.1019],[55.297,25.1007],[55.3003,25.1039],[55.2986,25.1082],[55.2935,25.1093],[55.2901,25.1061]]]}},{"type":"Feature","properties":{"h3_index":"8843a135e5fffff","h3_resolution":8,"center_lat":25.09553,"center_lng":55.28521,"risk_score":0.5032,"risk_class":"moderate","flood_exposure":0.7422,"charger_access_deficit":0.5181,"transport_disruption":0.1983},"geometry":{"type":"Polygon","coordinates":[[[55.2801,25.0967],[55.2819,25.0924],[55.287,25.0912],[55.2903,25.0944],[55.2886,25.0987],[55.2835,25.0998],[55.2801,25.0967]]]}},{"type":"Feature","properties":{"h3_index":"8843a135e7fffff","h3_resolution":8,"center_lat":25.09757,"center_lng":55.29365,"risk_score":0.4521,"risk_class":"moderate","flood_exposure":0.6935,"charger_access_deficit":0.5154,"transport_disruption":0.1433},"geometry":{"type":"Polygon","coordinates":[[[55.2886,25.0987],[55.2903,25.0944],[55.2954,25.0933],[55.2988,25.0964],[55.297,25.1007],[55.2919,25.1019],[55.2886,25.0987]]]}},{"type":"Feature","properties":{"h3_index":"8843a135e9fffff","h3_resolution":8,"center_lat":25.10839,"center_lng":55.27993,"risk_score":0.4747,"risk_class":"moderate","flood_exposure":0.7645,"charger_access_deficit":0.4034,"transport_disruption":0.3171},"geometry":{"type":"Polygon","coordinates":[[[55.2748,25.1095],[55.2766,25.1052],[55.2817,25.1041],[55.285,25.1073],[55.2833,25.1116],[55.2782,25.1127],[55.2748,25.1095]]]}},{"type":"Feature","properties":{"h3_index":"8843a135ebfffff","h3_resolution":8,"center_lat":25.11043,"center_lng":55.28838,"risk_score":0.418,"risk_class":"moderate","flood_exposure":0.7155,"charger_access_deficit":0.3969,"transport_disruption":0.2484},"geometry":{"type":"Polygon","coordinates":[[[55.2833,25.1116],[55.285,25.1073],[55.2901,25.1061],[55.2935,25.1093],[55.2917,25.1136],[55.2866,25.1147],[55.2833,25.1116]]]}},{"type":"Feature","properties":{"h3_index":"8843a135edfffff","h3_resolution":8,"center_lat":25.10094,"center_lng":55.27835,"risk_score":0.5099,"risk_class":"moderate","flood_exposure":0.7805,"charger_access_deficit":0.4633,"transport_disruption":0.2889},"geometry":{"type":"Polygon","coordinates":[[[55.2733,25.1021],[55.275,25.0978],[55.2801,25.0967],[55.2835,25.0998],[55.2817,25.1041],[55.2766,25.1052],[55.2733,25.1021]]]}},{"type":"Feature","properties":{"h3_index":"8843a13601fffff","h3_resolution":8,"center_lat":25.19028,"center_lng":55.20915,"risk_score":0.2153,"risk_class":"low","flood_exposure":0.3997,"charger_access_deficit":0.295,"transport_disruption":0.5487},"geometry":{"type":"Polygon","coordinates":[[[55.204,25.1914],[55.2058,25.1871],[55.2109,25.186],[55.2143,25.1892],[55.2125,25.1935],[55.2074,25.1946],[55.204,25.1914]]]}},{"type":"Feature","properties":{"h3_index":"8843a13603fffff","h3_resolution":8,"center_lat":25.19233,"center_lng":55.2176,"risk_score":0.2486,"risk_class":"low","flood_exposure":0.4494,"charger_access_deficit":0.2464,"transport_disruption":0.5709},"geometry":{"type":"Polygon","coordinates":[[[55.2125,25.1935],[55.2143,25.1892],[55.2194,25.188],[55.2227,25.1912],[55.2209,25.1955],[55.2158,25.1966],[55.2125,25.1935]]]}},{"type":"Feature","properties":{"h3_index":"8843a13605fffff","h3_resolution":8,"center_lat":25.18283,"center_lng":55.20758,"risk_score":0.2339,"risk_class":"low","flood_exposure":0.4017,"charger_access_deficit":0.3041,"transport_disruption":0.5585},"geometry":{"type":"Polygon","coordinates":[[[55.2025,25.1839],[55.2042,25.1797],[55.2093,25.1785],[55.2127,25.1817],[55.2109,25.186],[55.2058,25.1871],[55.2025,25.1839]]]}},{"type":"Feature","properties":{"h3_index":"8843a13607fffff","h3_resolution":8,"center_lat":25.18487,"center_lng":55.21602,"risk_score":0.264,"risk_class":"low","flood_exposure":0.4459,"charger_access_deficit":0.2551,"transport_disruption":0.5808},"geometry":{"type":"Polygon","coordinates":[[[55.2109,25.186],[55.2127,25.1817],[55.2178,25.1806],[55.2211,25.1837],[55.2194,25.188],[55.2143,25.1892],[55.2109,25.186]]]}},{"type":"Feature","properties":{"h3_index":"8843a13609fffff","h3_resolution":8,"center_lat":25.1957,"center_lng":55.20228,"risk_score":0.2191,"risk_class":"low","flood_exposure":0.3518,"charger_access_deficit":0.3472,"transport_disruption":0.5496},"geometry":{"type":"Polygon","coordinates":[[[55.1972,25.1968],[55.1989,25.1925],[55.204,25.1914],[55.2074,25.1946],[55.2056,25.1989],[55.2005,25.2],[55.1972,25.1968]]]}},{"type":"Feature","properties":{"h3_index":"8843a1360bfffff","h3_resolution":8,"center_lat":25.19774,"center_lng":55.21073,"risk_score":0.2204,"risk_class":"low","flood_exposure":0.4028,"charger_access_deficit":0.2945,"transport_disruption":0.543},"geometry":{"type":"Polygon","coordinates":[[[55.2056,25.1989],[55.2074,25.1946],[55.2125,25.1935],[55.2158,25.1966],[55.2141,25.2009],[55.209,25.202],[55.2056,25.1989]]]}},{"type":"Feature","properties":{"h3_index":"8843a1360dfffff","h3_resolution":8,"center_lat":25.18824,"center_lng":55.2007,"risk_score":0.2438,"risk_class":"low","flood_exposure":0.353,"charger_access_deficit":0.3497,"transport_disruption":0.5545},"geometry":{"type":"Polygon","coordinates":[[[55.1956,25.1894],[55.1974,25.1851],[55.2025,25.1839],[55.2058,25.1871],[55.204,25.1914],[55.1989,25.1925],[55.1956,25.1894]]]}},{"type":"Feature","properties":{"h3_index":"8843a13611fffff","h3_resolution":8,"center_lat":25.20183,"center_lng":55.22762,"risk_score":0.2699,"risk_class":"low","flood_exposure":0.5097,"charger_access_deficit":0.2165,"transport_disruption":0.6126},"geometry":{"type":"Polygon","coordinates":[[[55.2225,25.203],[55.2243,25.1987],[55.2294,25.1975],[55.2327,25.2007],[55.231,25.205],[55.2259,25.2061],[55.2225,25.203]]]}},{"type":"Feature","properties":{"h3_index":"8843a13613fffff","h3_resolution":8,"center_lat":25.20388,"center_lng":55.23607,"risk_score":0.3068,"risk_class":"low","flood_exposure":0.5638,"charger_access_deficit":0.1934,"transport_disruption":0.6731},"geometry":{"type":"Polygon","coordinates":[[[55.231,25.205],[55.2327,25.2007],[55.2378,25.1996],[55.2412,25.2028],[55.2394,25.207],[55.2343,25.2082],[55.231,25.205]]]}},{"type":"Feature","properties":{"h3_index":"8843a13615fffff","h3_resolution":8,"center_lat":25.19437,"center_lng":55.22604,"risk_score":0.2851,"risk_class":"low","flood_exposure":0.5014,"charger_access_deficit":0.2065,"transport_disruption":0.616},"geometry":{"type":"Polygon","coordinates":[[[55.2209,25.1955],[55.2227,25.1912],[55.2278,25.1901],[55.2312,25.1933],[55.2294,25.1975],[55.2243,25.1987],[55.2209,25.1955]]]}},{"type":"Feature","properties":{"h3_index":"8843a13617fffff","h3_resolution":8,"center_lat":25.19642,"center_lng":55.23449,"risk_score":0.3165,"risk_class":"low","flood_exposure":0.5551,"charger_access_deficit":0.1773,"transport_disruption":0.6744},"geometry":{"type":"Polygon","coordinates":[[[55.2294,25.1975],[55.2312,25.1933],[55.2363,25.1921],[55.2396,25.1953],[55.2378,25.1996],[55.2327,25.2007],[55.2294,25.1975]]]}},{"type":"Feature","properties":{"h3_index":"8843a13619fffff","h3_resolution":8,"center_lat":25.20725,"center_lng":55.22075,"risk_score":0.2294,"risk_class":"low","flood_exposure":0.4612,"charger_access_deficit":0.2694,"transport_disruption":0.5649},"geometry":{"type":"Polygon","coordinates":[[[55.2156,25.2084],[55.2174,25.2041],[55.2225,25.203],[55.2259,25.2061],[55.2241,25.2104],[55.219,25.2115],[55.2156,25.2084]]]}},{"type":"Feature","properties":{"h3_index":"8843a1361bfffff","h3_resolution":8,"center_lat":25.20929,"center_lng":55.2292,"risk_score":0.3007,"risk_class":"low","flood_exposure":0.5147,"charger_access_deficit":0.2423,"transport_disruption":0.6131},"geometry":{"type":"Polygon","coordinates":[[[55.2241,25.2104],[55.2259,25.2061],[55.231,25.205],[55.2343,25.2082],[55.2325,25.2125],[55.2274,25.2136],[55.2241,25.2104]]]}},{"type":"Feature","properties":{"h3_index":"8843a1361dfffff","h3_resolution":8,"center_lat":25.19979,"center_lng":55.21917,"risk_score":0.237,"risk_class":"low","flood_exposure":0.4557,"charger_access_deficit":0.2503,"transport_disruption":0.5658},"geometry":{"type":"Polygon","coordinates":[[[55.2141,25.2009],[55.2158,25.1966],[55.2209,25.1955],[55.2243,25.1987],[55.2225,25.203],[55.2174,25.2041],[55.2141,25.2009]]]}},{"type":"Feature","properties":{"h3_index":"8843a13621fffff","h3_resolution":8,"center_lat":25.16996,"center_lng":55.21287,"risk_score":0.3125,"risk_class":"low","flood_exposure":0.4616,"charger_access_deficit":0.2857,"transport_disruption":0.613},"geometry":{"type":"Polygon","coordinates":[[[55.2078,25.1711],[55.2095,25.1668],[55.2146,25.1657],[55.218,25.1688],[55.2162,25.1731],[55.2111,25.1742],[55.2078,25.1711]]]}},{"type":"Feature","properties":{"h3_index":"8843a13623fffff","h3_resolution":8,"center_lat":25.172,"center_lng":55.22131,"risk_score":0.2954,"risk_class":"low","flood_exposure":0.4949,"charger_access_deficit":0.2497,"transport_disruption":0.6538},"geometry":{"type":"Polygon","coordinates":[[[55.2162,25.1731],[55.218,25.1688],[55.2231,25.1677],[55.2264,25.1709],[55.2247,25.1752],[55.2195,25.1763],[55.2162,25.1731]]]}},{"type":"Feature","properties":{"h3_index":"8843a13625fffff","h3_resolution":8,"center_lat":25.16251,"center_lng":55.21129,"risk_score":0.3092,"risk_class":"low","flood_exposure":0.4834,"charger_access_deficit":0.2925,"transport_disruption":0.633},"geometry":{"type":"Polygon","coordinates":[[[55.2062,25.1636],[55.208,25.1593],[55.2131,25.1582],[55.2164,25.1614],[55.2146,25.1657],[55.2095,25.1668],[55.2062,25.1636]]]}},{"type":"Feature","properties":{"h3_index":"8843a13627fffff","h3_resolution":8,"center_lat":25.16455,"center_lng":55.21974,"risk_score":0.3237,"risk_class":"low","flood_exposure":0.5105,"charger_access_deficit":0.2671,"transport_disruption":0.6732},"geometry":{"type":"Polygon","coordinates":[[[55.2146,25.1657],[55.2164,25.1614],[55.2215,25.1603],[55.2248,25.1634],[55.2231,25.1677],[55.218,25.1688],[55.2146,25.1657]]]}},{"type":"Feature","properties":{"h3_index":"8843a13629fffff","h3_resolution":8,"center_lat":25.17537,"center_lng":55.206,"risk_score":0.24,"risk_class":"low","flood_exposure":0.4116,"charger_access_deficit":0.3153,"transport_disruption":0.5719},"geometry":{"type":"Polygon","coordinates":[[[55.2009,25.1765],[55.2027,25.1722],[55.2078,25.1711],[55.2111,25.1742],[55.2093,25.1785],[55.2042,25.1797],[55.2009,25.1765]]]}},{"type":"Feature","properties":{"h3_index":"8843a1362bfffff","h3_resolution":8,"center_lat":25.17742,"center_lng":55.21444,"risk_score":0.2526,"risk_class":"low","flood_exposure":0.4491,"charger_access_deficit":0.2707,"transport_disruption":0.5951},"geometry":{"type":"Polygon","coordinates":[[[55.2093,25.1785],[55.2111,25.1742],[55.2162,25.1731],[55.2195,25.1763],[55.2178,25.1806],[55.2127,25.1817],[55.2093,25.1785]]]}},{"type":"Feature","properties":{"h3_index":"8843a1362dfffff","h3_resolution":8,"center_lat":25.16792,"center_lng":55.20443,"risk_score":0.259,"risk_class":"low","flood_exposure":0.4303,"charger_access_deficit":0.3209,"transport_disruption":0.5883},"geometry":{"type":"Polygon","coordinates":[[[55.1993,25.169],[55.2011,25.1648],[55.2062,25.1636],[55.2095,25.1668],[55.2078,25.1711],[55.2027,25.1722],[55.1993,25.169]]]}},{"type":"Feature","properties":{"h3_index":"8843a13631fffff","h3_resolution":8,"center_lat":25.1815,"center_lng":55.23134,"risk_score":0.2969,"risk_class":"low","flood_exposure":0.5345,"charger_access_deficit":0.1924,"transport_disruption":0.6895},"geometry":{"type":"Polygon","coordinates":[[[55.2262,25.1826],[55.228,25.1783],[55.2331,25.1772],[55.2364,25.1804],[55.2347,25.1847],[55.2296,25.1858],[55.2262,25.1826]]]}},{"type":"Feature","properties":{"h3_index":"8843a13633fffff","h3_resolution":8,"center_lat":25.18355,"center_lng":55.23978,"risk_score":0.3267,"risk_class":"low","flood_exposure":0.5822,"charger_access_deficit":0.1641,"transport_disruption":0.7429},"geometry":{"type":"Polygon","coordinates":[[[55.2347,25.1847],[55.2364,25.1804],[55.2415,25.1793],[55.2449,25.1824],[55.2431,25.1867],[55.238,25.1878],[55.2347,25.1847]]]}},{"type":"Feature","properties":{"h3_index":"8843a13635fffff","h3_resolution":8,"center_lat":25.17405,"center_lng":55.22976,"risk_score":0.3085,"risk_class":"low","flood_exposure":0.5316,"charger_access_deficit":0.2152,"transport_disruption":0.7032},"geometry":{"type":"Polygon","coordinates":[[[55.2247,25.1752],[55.2264,25.1709],[55.2315,25.1698],[55.2349,25.1729],[55.2331,25.1772],[55.228,25.1783],[55.2247,25.1752]]]}},{"type":"Feature","properties":{"h3_index":"8843a13637fffff","h3_resolution":8,"center_lat":25.17609,"center_lng":55.23821,"risk_score":0.3368,"risk_class":"low","flood_exposure":0.5718,"charger_access_deficit":0.1849,"transport_disruption":0.752},"geometry":{"type":"Polygon","coordinates":[[[55.2331,25.1772],[55.2349,25.1729],[55.24,25.1718],[55.2433,25.175],[55.2415,25.1793],[55.2364,25.1804],[55.2331,25.1772]]]}},{"type":"Feature","properties":{"h3_index":"8843a13639fffff","h3_resolution":8,"center_lat":25.18692,"center_lng":55.22447,"risk_score":0.2609,"risk_class":"low","flood_exposure":0.4935,"charger_access_deficit":0.2121,"transport_disruption":0.6241},"geometry":{"type":"Polygon","coordinates":[[[55.2194,25.188],[55.2211,25.1837],[55.2262,25.1826],[55.2296,25.1858],[55.2278,25.1901],[55.2227,25.1912],[55.2194,25.188]]]}},{"type":"Feature","properties":{"h3_index":"8843a1363bfffff","h3_resolution":8,"center_lat":25.18896,"center_lng":55.23291,"risk_score":0.2952,"risk_class":"low","flood_exposure":0.5439,"charger_access_deficit":0.1777,"transport_disruption":0.6797},"geometry":{"type":"Polygon","coordinates":[[[55.2278,25.1901],[55.2296,25.1858],[55.2347,25.1847],[55.238,25.1878],[55.2363,25.1921],[55.2312,25.1933],[55.2278,25.1901]]]}},{"type":"Feature","properties":{"h3_index":"8843a1363dfffff","h3_resolution":8,"center_lat":25.17946,"center_lng":55.22289,"risk_score":0.2645,"risk_class":"low","flood_exposure":0.49,"charger_access_deficit":0.2289,"transport_disruption":0.6371},"geometry":{"type":"Polygon","coordinates":[[[55.2178,25.1806],[55.2195,25.1763],[55.2247,25.1752],[55.228,25.1783],[55.2262,25.1826],[55.2211,25.1837],[55.2178,25.1806]]]}},{"type":"Feature","properties":{"h3_index":"8843a13641fffff","h3_resolution":8,"center_lat":25.19906,"center_lng":55.18696,"risk_score":0.2657,"risk_class":"low","flood_exposure":0.2529,"charger_access_deficit":0.4669,"transport_disruption":0.636},"geometry":{"type":"Polygon","coordinates":[[[55.1819,25.2002],[55.1836,25.1959],[55.1887,25.1948],[55.1921,25.1979],[55.1903,25.2022],[55.1852,25.2034],[55.1819,25.2002]]]}},{"type":"Feature","properties":{"h3_index":"8843a13643fffff","h3_resolution":8,"center_lat":25.20111,"center_lng":55.19541,"risk_score":0.2366,"risk_class":"low","flood_exposure":0.3025,"charger_access_deficit":0.4081,"transport_disruption":0.5823},"geometry":{"type":"Polygon","coordinates":[[[55.1903,25.2022],[55.1921,25.1979],[55.1972,25.1968],[55.2005,25.2],[55.1987,25.2043],[55.1936,25.2054],[55.1903,25.2022]]]}},{"type":"Feature","properties":{"h3_index":"8843a13645fffff","h3_resolution":8,"center_lat":25.1916,"center_lng":55.18539,"risk_score":0.2552,"risk_class":"low","flood_exposure":0.2577,"charger_access_deficit":0.4645,"transport_disruption":0.6359},"geometry":{"type":"Polygon","coordinates":[[[55.1803,25.1927],[55.182,25.1884],[55.1872,25.1873],[55.1905,25.1905],[55.1887,25.1948],[55.1836,25.1959],[55.1803,25.1927]]]}},{"type":"Feature","properties":{"h3_index":"8843a13647fffff","h3_resolution":8,"center_lat":25.19365,"center_lng":55.19383,"risk_score":0.2299,"risk_class":"low","flood_exposure":0.3032,"charger_access_deficit":0.4051,"transport_disruption":0.5833},"geometry":{"type":"Polygon","coordinates":[[[55.1887,25.1948],[55.1905,25.1905],[55.1956,25.1894],[55.1989,25.1925],[55.1972,25.1968],[55.1921,25.1979],[55.1887,25.1948]]]}},{"type":"Feature","properties":{"h3_index":"8843a13649fffff","h3_resolution":8,"center_lat":25.20447,"center_lng":55.18009,"risk_score":0.3111,"risk_class":"low","flood_exposure":0.2032,"charger_access_deficit":0.5329,"transport_disruption":0.699},"geometry":{"type":"Polygon","coordinates":[[[55.175,25.2056],[55.1767,25.2013],[55.1819,25.2002],[55.1852,25.2034],[55.1834,25.2076],[55.1783,25.2088],[55.175,25.2056]]]}},{"type":"Feature","properties":{"h3_index":"8843a1364bfffff","h3_resolution":8,"center_lat":25.20652,"center_lng":55.18853,"risk_score":0.2674,"risk_class":"low","flood_exposure":0.2522,"charger_access_deficit":0.4744,"transport_disruption":0.6373},"geometry":{"type":"Polygon","coordinates":[[[55.1834,25.2076],[55.1852,25.2034],[55.1903,25.2022],[55.1936,25.2054],[55.1919,25.2097],[55.1868,25.2108],[55.1834,25.2076]]]}},{"type":"Feature","properties":{"h3_index":"8843a1364dfffff","h3_resolution":8,"center_lat":25.19701,"center_lng":55.17852,"risk_score":0.294,"risk_class":"low","flood_exposure":0.2069,"charger_access_deficit":0.527,"transport_disruption":0.6973},"geometry":{"type":"Polygon","coordinates":[[[55.1734,25.1981],[55.1752,25.1938],[55.1803,25.1927],[55.1836,25.1959],[55.1819,25.2002],[55.1767,25.2013],[55.1734,25.1981]]]}},{"type":"Feature","properties":{"h3_index":"8843a13651fffff","h3_resolution":8,"center_lat":25.21061,"center_lng":55.20543,"risk_score":0.2062,"risk_class":"low","flood_exposure":0.3571,"charger_access_deficit":0.3717,"transport_disruption":0.5487},"geometry":{"type":"Polygon","coordinates":[[[55.2003,25.2117],[55.2021,25.2074],[55.2072,25.2063],[55.2105,25.2095],[55.2088,25.2138],[55.2037,25.2149],[55.2003,25.2117]]]}},{"type":"Feature","properties":{"h3_index":"8843a13653fffff","h3_resolution":8,"center_lat":25.21266,"center_lng":55.21388,"risk_score":0.2448,"risk_class":"low","flood_exposure":0.4104,"charger_access_deficit":0.3322,"transport_disruption":0.5426},"geometry":{"type":"Polygon","coordinates":[[[55.2088,25.2138],[55.2105,25.2095],[55.2156,25.2084],[55.219,25.2115],[55.2172,25.2158],[55.2121,25.217],[55.2088,25.2138]]]}},{"type":"Feature","properties":{"h3_index":"8843a13655fffff","h3_resolution":8,"center_lat":25.20315,"center_lng":55.20385,"risk_score":0.1974,"risk_class":"low","flood_exposure":0.3543,"charger_access_deficit":0.3536,"transport_disruption":0.5478},"geometry":{"type":"Polygon","coordinates":[[[55.1987,25.2043],[55.2005,25.2],[55.2056,25.1989],[55.209,25.202],[55.2072,25.2063],[55.2021,25.2074],[55.1987,25.2043]]]}},{"type":"Feature","properties":{"h3_index":"8843a13657fffff","h3_resolution":8,"center_lat":25.2052,"center_lng":55.2123,"risk_score":0.228,"risk_class":"low","flood_exposure":0.4075,"charger_access_deficit":0.3067,"transport_disruption":0.5412},"geometry":{"type":"Polygon","coordinates":[[[55.2072,25.2063],[55.209,25.202],[55.2141,25.2009],[55.2174,25.2041],[55.2156,25.2084],[55.2105,25.2095],[55.2072,25.2063]]]}},{"type":"Feature","properties":{"h3_index":"8843a13659fffff","h3_resolution":8,"center_lat":25.21603,"center_lng":55.19855,"risk_score":0.2682,"risk_class":"low","flood_exposure":0.3052,"charger_access_deficit":0.4417,"transport_disruption":0.5857},"geometry":{"type":"Polygon","coordinates":[[[55.1934,25.2171],[55.1952,25.2129],[55.2003,25.2117],[55.2037,25.2149],[55.2019,25.2192],[55.1968,25.2203],[55.1934,25.2171]]]}},{"type":"Feature","properties":{"h3_index":"8843a1365bfffff","h3_resolution":8,"center_lat":25.21807,"center_lng":55.207,"risk_score":0.2537,"risk_class":"low","flood_exposure":0.3576,"charger_access_deficit":0.4012,"transport_disruption":0.5515},"geometry":{"type":"Polygon","coordinates":[[[55.2019,25.2192],[55.2037,25.2149],[55.2088,25.2138],[55.2121,25.217],[55.2103,25.2212],[55.2052,25.2224],[55.2019,25.2192]]]}},{"type":"Feature","properties":{"h3_index":"8843a1365dfffff","h3_resolution":8,"center_lat":25.20857,"center_lng":55.19698,"risk_score":0.2537,"risk_class":"low","flood_exposure":0.3041,"charger_access_deficit":0.4197,"transport_disruption":0.5832},"geometry":{"type":"Polygon","coordinates":[[[55.1919,25.2097],[55.1936,25.2054],[55.1987,25.2043],[55.2021,25.2074],[55.2003,25.2117],[55.1952,25.2129],[55.1919,25.2097]]]}},{"type":"Feature","properties":{"h3_index":"8843a13661fffff","h3_resolution":8,"center_lat":25.17874,"center_lng":55.19069,"risk_score":0.2417,"risk_class":"low","flood_exposure":0.3228,"charger_access_deficit":0.4075,"transport_disruption":0.5916},"geometry":{"type":"Polygon","coordinates":[[[55.1856,25.1799],[55.1873,25.1756],[55.1925,25.1744],[55.1958,25.1776],[55.194,25.1819],[55.1889,25.183],[55.1856,25.1799]]]}},{"type":"Feature","properties":{"h3_index":"8843a13663fffff","h3_resolution":8,"center_lat":25.18078,"center_lng":55.19913,"risk_score":0.2472,"risk_class":"low","flood_exposure":0.3607,"charger_access_deficit":0.3561,"transport_disruption":0.5624},"geometry":{"type":"Polygon","coordinates":[[[55.194,25.1819],[55.1958,25.1776],[55.2009,25.1765],[55.2042,25.1797],[55.2025,25.1839],[55.1974,25.1851],[55.194,25.1819]]]}},{"type":"Feature","properties":{"h3_index":"8843a13665fffff","h3_resolution":8,"center_lat":25.17128,"center_lng":55.18912,"risk_score":0.2488,"risk_class":"low","flood_exposure":0.3434,"charger_access_deficit":0.4013,"transport_disruption":0.5986},"geometry":{"type":"Polygon","coordinates":[[[55.184,25.1724],[55.1858,25.1681],[55.1909,25.167],[55.1942,25.1702],[55.1925,25.1744],[55.1873,25.1756],[55.184,25.1724]]]}},{"type":"Feature","properties":{"h3_index":"8843a13667fffff","h3_resolution":8,"center_lat":25.17333,"center_lng":55.19756,"risk_score":0.2543,"risk_class":"low","flood_exposure":0.3767,"charger_access_deficit":0.3596,"transport_disruption":0.5729},"geometry":{"type":"Polygon","coordinates":[[[55.1925,25.1744],[55.1942,25.1702],[55.1993,25.169],[55.2027,25.1722],[55.2009,25.1765],[55.1958,25.1776],[55.1925,25.1744]]]}},{"type":"Feature","properties":{"h3_index":"8843a13669fffff","h3_resolution":8,"center_lat":25.18415,"center_lng":55.18382,"risk_score":0.2746,"risk_class":"low","flood_exposure":0.2688,"charger_access_deficit":0.4625,"transport_disruption":0.6372},"geometry":{"type":"Polygon","coordinates":[[[55.1787,25.1853],[55.1805,25.181],[55.1856,25.1799],[55.1889,25.183],[55.1872,25.1873],[55.182,25.1884],[55.1787,25.1853]]]}},{"type":"Feature","properties":{"h3_index":"8843a1366bfffff","h3_resolution":8,"center_lat":25.18619,"center_lng":55.19226,"risk_score":0.2505,"risk_class":"low","flood_exposure":0.3093,"charger_access_deficit":0.4067,"transport_disruption":0.5864},"geometry":{"type":"Polygon","coordinates":[[[55.1872,25.1873],[55.1889,25.183],[55.194,25.1819],[55.1974,25.1851],[55.1956,25.1894],[55.1905,25.1905],[55.1872,25.1873]]]}},{"type":"Feature","properties":{"h3_index":"8843a1366dfffff","h3_resolution":8,"center_lat":25.17669,"center_lng":55.18225,"risk_score":0.2773,"risk_class":"low","flood_exposure":0.2869,"charger_access_deficit":0.4558,"transport_disruption":0.6397},"geometry":{"type":"Polygon","coordinates":[[[55.1771,25.1778],[55.1789,25.1735],[55.184,25.1724],[55.1873,25.1756],[55.1856,25.1799],[55.1805,25.181],[55.1771,25.1778]]]}},{"type":"Feature","properties":{"h3_index":"8843a13681fffff","h3_resolution":8,"center_lat":25.20459,"center_lng":55.2683,"risk_score":0.5352,"risk_class":"moderate","flood_exposure":0.7615,"charger_access_deficit":0.1628,"transport_disruption":0.8069},"geometry":{"type":"Polygon","coordinates":[[[55.2632,25.2057],[55.265,25.2014],[55.2701,25.2003],[55.2734,25.2035],[55.2716,25.2078],[55.2665,25.2089],[55.2632,25.2057]]]}},{"type":"Feature","properties":{"h3_index":"8843a13683fffff","h3_resolution":8,"center_lat":25.20664,"center_lng":55.27675,"risk_score":0.532,"risk_class":"moderate","flood_exposure":0.8001,"charger_access_deficit":0.1821,"transport_disruption":0.7721},"geometry":{"type":"Polygon","coordinates":[[[55.2716,25.2078],[55.2734,25.2035],[55.2785,25.2023],[55.2819,25.2055],[55.2801,25.2098],[55.275,25.2109],[55.2716,25.2078]]]}},{"type":"Feature","properties":{"h3_index":"8843a13685fffff","h3_resolution":8,"center_lat":25.19713,"center_lng":55.26671,"risk_score":0.4861,"risk_class":"moderate","flood_exposure":0.7536,"charger_access_deficit":0.1471,"transport_disruption":0.8073},"geometry":{"type":"Polygon","coordinates":[[[55.2616,25.1983],[55.2634,25.194],[55.2685,25.1928],[55.2718,25.196],[55.2701,25.2003],[55.265,25.2014],[55.2616,25.1983]]]}},{"type":"Feature","properties":{"h3_index":"8843a13687fffff","h3_resolution":8,"center_lat":25.19918,"center_lng":55.27517,"risk_score":0.4874,"risk_class":"moderate","flood_exposure":0.7975,"charger_access_deficit":0.1655,"transport_disruption":0.7741},"geometry":{"type":"Polygon","coordinates":[[[55.2701,25.2003],[55.2718,25.196],[55.2769,25.1949],[55.2803,25.1981],[55.2785,25.2023],[55.2734,25.2035],[55.2701,25.2003]]]}},{"type":"Feature","properties":{"h3_index":"8843a13689fffff","h3_resolution":8,"center_lat":25.21001,"center_lng":55.26143,"risk_score":0.5097,"risk_class":"moderate","flood_exposure":0.716,"charger_access_deficit":0.1775,"transport_disruption":0.811},"geometry":{"type":"Polygon","coordinates":[[[55.2563,25.2111],[55.2581,25.2068],[55.2632,25.2057],[55.2665,25.2089],[55.2648,25.2132],[55.2597,25.2143],[55.2563,25.2111]]]}},{"type":"Feature","properties":{"h3_index":"8843a1368bfffff","h3_resolution":8,"center_lat":25.21205,"center_lng":55.26988,"risk_score":0.516,"risk_class":"moderate","flood_exposure":0.7573,"charger_access_deficit":0.1869,"transport_disruption":0.8058},"geometry":{"type":"Polygon","coordinates":[[[55.2648,25.2132],[55.2665,25.2089],[55.2716,25.2078],[55.275,25.2109],[55.2732,25.2152],[55.2681,25.2163],[55.2648,25.2132]]]}},{"type":"Feature","properties":{"h3_index":"8843a1368dfffff","h3_resolution":8,"center_lat":25.20255,"center_lng":55.25984,"risk_score":0.4517,"risk_class":"moderate","flood_exposure":0.7148,"charger_access_deficit":0.1528,"transport_disruption":0.8106},"geometry":{"type":"Polygon","coordinates":[[[55.2547,25.2037],[55.2565,25.1994],[55.2616,25.1983],[55.265,25.2014],[55.2632,25.2057],[55.2581,25.2068],[55.2547,25.2037]]]}},{"type":"Feature","properties":{"h3_index":"8843a13691fffff","h3_resolution":8,"center_lat":25.21614,"center_lng":55.28679,"risk_score":0.5645,"risk_class":"moderate","flood_exposure":0.8093,"charger_access_deficit":0.2222,"transport_disruption":0.7064},"geometry":{"type":"Polygon","coordinates":[[[55.2817,25.2173],[55.2834,25.213],[55.2886,25.2118],[55.2919,25.215],[55.2901,25.2193],[55.285,25.2204],[55.2817,25.2173]]]}},{"type":"Feature","properties":{"h3_index":"8843a13693fffff","h3_resolution":8,"center_lat":25.21818,"center_lng":55.29525,"risk_score":0.5494,"risk_class":"moderate","flood_exposure":0.815,"charger_access_deficit":0.2418,"transport_disruption":0.6242},"geometry":{"type":"Polygon","coordinates":[[[55.2901,25.2193],[55.2919,25.215],[55.297,25.2139],[55.3004,25.2171],[55.2986,25.2213],[55.2935,25.2225],[55.2901,25.2193]]]}},{"type":"Feature","properties":{"h3_index":"8843a13695fffff","h3_resolution":8,"center_lat":25.20868,"center_lng":55.2852,"risk_score":0.5542,"risk_class":"moderate","flood_exposure":0.8273,"charger_access_deficit":0.2086,"transport_disruption":0.711},"geometry":{"type":"Polygon","coordinates":[[[55.2801,25.2098],[55.2819,25.2055],[55.287,25.2044],[55.2903,25.2076],[55.2886,25.2118],[55.2834,25.213],[55.2801,25.2098]]]}},{"type":"Feature","properties":{"h3_index":"8843a13697fffff","h3_resolution":8,"center_lat":25.21072,"center_lng":55.29366,"risk_score":0.5318,"risk_class":"moderate","flood_exposure":0.8403,"charger_access_deficit":0.2383,"transport_disruption":0.6299},"geometry":{"type":"Polygon","coordinates":[[[55.2886,25.2118],[55.2903,25.2076],[55.2954,25.2064],[55.2988,25.2096],[55.297,25.2139],[55.2919,25.215],[55.2886,25.2118]]]}},{"type":"Feature","properties":{"h3_index":"8843a13699fffff","h3_resolution":8,"center_lat":25.22156,"center_lng":55.27992,"risk_score":0.5413,"risk_class":"moderate","flood_exposure":0.7664,"charger_access_deficit":0.2211,"transport_disruption":0.7659},"geometry":{"type":"Polygon","coordinates":[[[55.2748,25.2227],[55.2766,25.2184],[55.2817,25.2173],[55.285,25.2204],[55.2833,25.2247],[55.2782,25.2258],[55.2748,25.2227]]]}},{"type":"Feature","properties":{"h3_index":"8843a1369bfffff","h3_resolution":8,"center_lat":25.2236,"center_lng":55.28838,"risk_score":0.5181,"risk_class":"moderate","flood_exposure":0.7792,"charger_access_deficit":0.2298,"transport_disruption":0.7016},"geometry":{"type":"Polygon","coordinates":[[[55.2833,25.2247],[55.285,25.2204],[55.2901,25.2193],[55.2935,25.2225],[55.2917,25.2268],[55.2866,25.2279],[55.2833,25.2247]]]}},{"type":"Feature","properties":{"h3_index":"8843a1369dfffff","h3_resolution":8,"center_lat":25.2141,"center_lng":55.27833,"risk_score":0.5259,"risk_class":"moderate","flood_exposure":0.7894,"charger_access_deficit":0.2026,"transport_disruption":0.7692},"geometry":{"type":"Polygon","coordinates":[[[55.2732,25.2152],[55.275,25.2109],[55.2801,25.2098],[55.2834,25.213],[55.2817,25.2173],[55.2766,25.2184],[55.2732,25.2152]]]}},{"type":"Feature","properties":{"h3_index":"8843a136a1fffff","h3_resolution":8,"center_lat":25.18426,"center_lng":55.272,"risk_score":0.4998,"risk_class":"moderate","flood_exposure":0.756,"charger_access_deficit":0.1538,"transport_disruption":0.7725},"geometry":{"type":"Polygon","coordinates":[[[55.2669,25.1854],[55.2687,25.1811],[55.2738,25.18],[55.2771,25.1831],[55.2753,25.1874],[55.2702,25.1886],[55.2669,25.1854]]]}},{"type":"Feature","properties":{"h3_index":"8843a136a3fffff","h3_resolution":8,"center_lat":25.1863,"center_lng":55.28045,"risk_score":0.48,"risk_class":"moderate","flood_exposure":0.7969,"charger_access_deficit":0.1754,"transport_disruption":0.7162},"geometry":{"type":"Polygon","coordinates":[[[55.2753,25.1874],[55.2771,25.1831],[55.2822,25.182],[55.2856,25.1852],[55.2838,25.1895],[55.2787,25.1906],[55.2753,25.1874]]]}},{"type":"Feature","properties":{"h3_index":"8843a136a5fffff","h3_resolution":8,"center_lat":25.1768,"center_lng":55.27042,"risk_score":0.469,"risk_class":"moderate","flood_exposure":0.7252,"charger_access_deficit":0.1558,"transport_disruption":0.7671},"geometry":{"type":"Polygon","coordinates":[[[55.2653,25.1779],[55.2671,25.1736],[55.2722,25.1725],[55.2755,25.1757],[55.2738,25.18],[55.2687,25.1811],[55.2653,25.1779]]]}},{"type":"Feature","properties":{"h3_index":"8843a136a7fffff","h3_resolution":8,"center_lat":25.17884,"center_lng":55.27887,"risk_score":0.4863,"risk_class":"moderate","flood_exposure":0.7644,"charger_access_deficit":0.171,"transport_disruption":0.7116},"geometry":{"type":"Polygon","coordinates":[[[55.2738,25.18],[55.2755,25.1757],[55.2806,25.1746],[55.284,25.1777],[55.2822,25.182],[55.2771,25.1831],[55.2738,25.18]]]}},{"type":"Feature","properties":{"h3_index":"8843a136a9fffff","h3_resolution":8,"center_lat":25.18967,"center_lng":55.26513,"risk_score":0.5027,"risk_class":"moderate","flood_exposure":0.7351,"charger_access_deficit":0.1417,"transport_disruption":0.8068},"geometry":{"type":"Polygon","coordinates":[[[55.26,25.1908],[55.2618,25.1865],[55.2669,25.1854],[55.2702,25.1886],[55.2685,25.1928],[55.2634,25.194],[55.26,25.1908]]]}},{"type":"Feature","properties":{"h3_index":"8843a136abfffff","h3_resolution":8,"center_lat":25.19172,"center_lng":55.27358,"risk_score":0.5118,"risk_class":"moderate","flood_exposure":0.7819,"charger_access_deficit":0.1561,"transport_disruption":0.7745},"geometry":{"type":"Polygon","coordinates":[[[55.2685,25.1928],[55.2702,25.1886],[55.2753,25.1874],[55.2787,25.1906],[55.2769,25.1949],[55.2718,25.196],[55.2685,25.1928]]]}},{"type":"Feature","properties":{"h3_index":"8843a136adfffff","h3_resolution":8,"center_lat":25.18222,"center_lng":55.26355,"risk_score":0.4285,"risk_class":"moderate","flood_exposure":0.7099,"charger_access_deficit":0.1451,"transport_disruption":0.8048},"geometry":{"type":"Polygon","coordinates":[[[55.2584,25.1833],[55.2602,25.1791],[55.2653,25.1779],[55.2687,25.1811],[55.2669,25.1854],[55.2618,25.1865],[55.2584,25.1833]]]}},{"type":"Feature","properties":{"h3_index":"8843a136b1fffff","h3_resolution":8,"center_lat":25.1958,"center_lng":55.29049,"risk_score":0.5365,"risk_class":"moderate","flood_exposure":0.8474,"charger_access_deficit":0.2196,"transport_disruption":0.639},"geometry":{"type":"Polygon","coordinates":[[[55.2854,25.1969],[55.2871,25.1926],[55.2923,25.1915],[55.2956,25.1947],[55.2938,25.199],[55.2887,25.2001],[55.2854,25.1969]]]}},{"type":"Feature","properties":{"h3_index":"8843a136b3fffff","h3_resolution":8,"center_lat":25.19784,"center_lng":55.29894,"risk_score":0.551,"risk_class":"moderate","flood_exposure":0.8591,"charger_access_deficit":0.2618,"transport_disruption":0.5474},"geometry":{"type":"Polygon","coordinates":[[[55.2938,25.199],[55.2956,25.1947],[55.3007,25.1935],[55.3041,25.1967],[55.3023,25.201],[55.2972,25.2021],[55.2938,25.199]]]}},{"type":"Feature","properties":{"h3_index":"8843a136b5fffff","h3_resolution":8,"center_lat":25.18834,"center_lng":55.2889,"risk_score":0.5321,"risk_class":"moderate","flood_exposure":0.8284,"charger_access_deficit":0.2096,"transport_disruption":0.6404},"geometry":{"type":"Polygon","coordinates":[[[55.2838,25.1895],[55.2856,25.1852],[55.2907,25.1841],[55.294,25.1872],[55.2923,25.1915],[55.2871,25.1926],[55.2838,25.1895]]]}},{"type":"Feature","properties":{"h3_index":"8843a136b7fffff","h3_resolution":8,"center_lat":25.19038,"center_lng":55.29736,"risk_score":0.5494,"risk_class":"moderate","flood_exposure":0.8464,"charger_access_deficit":0.2533,"transport_disruption":0.5508},"geometry":{"type":"Polygon","coordinates":[[[55.2923,25.1915],[55.294,25.1872],[55.2991,25.1861],[55.3025,25.1893],[55.3007,25.1935],[55.2956,25.1947],[55.2923,25.1915]]]}},{"type":"Feature","properties":{"h3_index":"8843a136b9fffff","h3_resolution":8,"center_lat":25.20122,"center_lng":55.28362,"risk_score":0.5207,"risk_class":"moderate","flood_exposure":0.8313,"charger_access_deficit":0.1943,"transport_disruption":0.7148},"geometry":{"type":"Polygon","coordinates":[[[55.2785,25.2023],[55.2803,25.1981],[55.2854,25.1969],[55.2887,25.2001],[55.287,25.2044],[55.2819,25.2055],[55.2785,25.2023]]]}},{"type":"Feature","properties":{"h3_index":"8843a136bbfffff","h3_resolution":8,"center_lat":25.20326,"center_lng":55.29207,"risk_score":0.5519,"risk_class":"moderate","flood_exposure":0.8516,"charger_access_deficit":0.2297,"transport_disruption":0.6351},"geometry":{"type":"Polygon","coordinates":[[[55.287,25.2044],[55.2887,25.2001],[55.2938,25.199],[55.2972,25.2021],[55.2954,25.2064],[55.2903,25.2076],[55.287,25.2044]]]}},{"type":"Feature","properties":{"h3_index":"8843a136bdfffff","h3_resolution":8,"center_lat":25.19376,"center_lng":55.28204,"risk_score":0.546,"risk_class":"moderate","flood_exposure":0.8206,"charger_access_deficit":0.1828,"transport_disruption":0.7168},"geometry":{"type":"Polygon","coordinates":[[[55.2769,25.1949],[55.2787,25.1906],[55.2838,25.1895],[55.2871,25.1926],[55.2854,25.1969],[55.2803,25.1981],[55.2769,25.1949]]]}},{"type":"Feature","properties":{"h3_index":"8843a136c1fffff","h3_resolution":8,"center_lat":25.21338,"center_lng":55.2461,"risk_score":0.4277,"risk_class":"moderate","flood_exposure":0.6173,"charger_access_deficit":0.2141,"transport_disruption":0.737},"geometry":{"type":"Polygon","coordinates":[[[55.241,25.2145],[55.2428,25.2102],[55.2479,25.2091],[55.2512,25.2123],[55.2494,25.2165],[55.2443,25.2177],[55.241,25.2145]]]}},{"type":"Feature","properties":{"h3_index":"8843a136c3fffff","h3_resolution":8,"center_lat":25.21543,"center_lng":55.25455,"risk_score":0.4836,"risk_class":"moderate","flood_exposure":0.6644,"charger_access_deficit":0.2092,"transport_disruption":0.7867},"geometry":{"type":"Polygon","coordinates":[[[55.2494,25.2165],[55.2512,25.2123],[55.2563,25.2111],[55.2597,25.2143],[55.2579,25.2186],[55.2528,25.2197],[55.2494,25.2165]]]}},{"type":"Feature","properties":{"h3_index":"8843a136c5fffff","h3_resolution":8,"center_lat":25.20592,"center_lng":55.24452,"risk_score":0.3777,"risk_class":"moderate","flood_exposure":0.6172,"charger_access_deficit":0.1803,"transport_disruption":0.7348},"geometry":{"type":"Polygon","coordinates":[[[55.2394,25.207],[55.2412,25.2028],[55.2463,25.2016],[55.2496,25.2048],[55.2479,25.2091],[55.2428,25.2102],[55.2394,25.207]]]}},{"type":"Feature","properties":{"h3_index":"8843a136c7fffff","h3_resolution":8,"center_lat":25.20796,"center_lng":55.25297,"risk_score":0.453,"risk_class":"moderate","flood_exposure":0.6685,"charger_access_deficit":0.1754,"transport_disruption":0.7849},"geometry":{"type":"Polygon","coordinates":[[[55.2479,25.2091],[55.2496,25.2048],[55.2547,25.2037],[55.2581,25.2068],[55.2563,25.2111],[55.2512,25.2123],[55.2479,25.2091]]]}},{"type":"Feature","properties":{"h3_index":"8843a136c9fffff","h3_resolution":8,"center_lat":25.2188,"center_lng":55.23923,"risk_score":0.4009,"risk_class":"moderate","flood_exposure":0.5631,"charger_access_deficit":0.2659,"transport_disruption":0.6785},"geometry":{"type":"Polygon","coordinates":[[[55.2341,25.2199],[55.2359,25.2156],[55.241,25.2145],[55.2443,25.2177],[55.2426,25.222],[55.2375,25.2231],[55.2341,25.2199]]]}},{"type":"Feature","properties":{"h3_index":"8843a136cbfffff","h3_resolution":8,"center_lat":25.22084,"center_lng":55.24768,"risk_score":0.4456,"risk_class":"moderate","flood_exposure":0.6092,"charger_access_deficit":0.2552,"transport_disruption":0.7405},"geometry":{"type":"Polygon","coordinates":[[[55.2426,25.222],[55.2443,25.2177],[55.2494,25.2165],[55.2528,25.2197],[55.251,25.224],[55.2459,25.2251],[55.2426,25.222]]]}},{"type":"Feature","properties":{"h3_index":"8843a136cdfffff","h3_resolution":8,"center_lat":25.21134,"center_lng":55.23765,"risk_score":0.3614,"risk_class":"moderate","flood_exposure":0.5671,"charger_access_deficit":0.2244,"transport_disruption":0.6748},"geometry":{"type":"Polygon","coordinates":[[[55.2325,25.2125],[55.2343,25.2082],[55.2394,25.207],[55.2428,25.2102],[55.241,25.2145],[55.2359,25.2156],[55.2325,25.2125]]]}},{"type":"Feature","properties":{"h3_index":"8843a136d1fffff","h3_resolution":8,"center_lat":25.22493,"center_lng":55.26459,"risk_score":0.5173,"risk_class":"moderate","flood_exposure":0.6873,"charger_access_deficit":0.2408,"transport_disruption":0.8119},"geometry":{"type":"Polygon","coordinates":[[[55.2595,25.2261],[55.2612,25.2218],[55.2664,25.2206],[55.2697,25.2238],[55.2679,25.2281],[55.2628,25.2292],[55.2595,25.2261]]]}},{"type":"Feature","properties":{"h3_index":"8843a136d3fffff","h3_resolution":8,"center_lat":25.22697,"center_lng":55.27305,"risk_score":0.5097,"risk_class":"moderate","flood_exposure":0.7154,"charger_access_deficit":0.2358,"transport_disruption":0.8027},"geometry":{"type":"Polygon","coordinates":[[[55.2679,25.2281],[55.2697,25.2238],[55.2748,25.2227],[55.2782,25.2258],[55.2764,25.2301],[55.2713,25.2313],[55.2679,25.2281]]]}},{"type":"Feature","properties":{"h3_index":"8843a136d5fffff","h3_resolution":8,"center_lat":25.21747,"center_lng":55.26301,"risk_score":0.4797,"risk_class":"moderate","flood_exposure":0.7066,"charger_access_deficit":0.2092,"transport_disruption":0.8116},"geometry":{"type":"Polygon","coordinates":[[[55.2579,25.2186],[55.2597,25.2143],[55.2648,25.2132],[55.2681,25.2163],[55.2664,25.2206],[55.2612,25.2218],[55.2579,25.2186]]]}},{"type":"Feature","properties":{"h3_index":"8843a136d7fffff","h3_resolution":8,"center_lat":25.21951,"center_lng":55.27146,"risk_score":0.5397,"risk_class":"moderate","flood_exposure":0.7415,"charger_access_deficit":0.2135,"transport_disruption":0.8044},"geometry":{"type":"Polygon","coordinates":[[[55.2664,25.2206],[55.2681,25.2163],[55.2732,25.2152],[55.2766,25.2184],[55.2748,25.2227],[55.2697,25.2238],[55.2664,25.2206]]]}},{"type":"Feature","properties":{"h3_index":"8843a136d9fffff","h3_resolution":8,"center_lat":25.23035,"center_lng":55.25772,"risk_score":0.4768,"risk_class":"moderate","flood_exposure":0.6297,"charger_access_deficit":0.2816,"transport_disruption":0.7914},"geometry":{"type":"Polygon","coordinates":[[[55.2526,25.2315],[55.2544,25.2272],[55.2595,25.2261],[55.2628,25.2292],[55.2611,25.2335],[55.256,25.2346],[55.2526,25.2315]]]}},{"type":"Feature","properties":{"h3_index":"8843a136dbfffff","h3_resolution":8,"center_lat":25.23239,"center_lng":55.26617,"risk_score":0.5008,"risk_class":"moderate","flood_exposure":0.6595,"charger_access_deficit":0.2652,"transport_disruption":0.8122},"geometry":{"type":"Polygon","coordinates":[[[55.2611,25.2335],[55.2628,25.2292],[55.2679,25.2281],[55.2713,25.2313],[55.2695,25.2356],[55.2644,25.2367],[55.2611,25.2335]]]}},{"type":"Feature","properties":{"h3_index":"8843a136ddfffff","h3_resolution":8,"center_lat":25.22289,"center_lng":55.25614,"risk_score":0.4661,"risk_class":"moderate","flood_exposure":0.6512,"charger_access_deficit":0.2472,"transport_disruption":0.7891},"geometry":{"type":"Polygon","coordinates":[[[55.251,25.224],[55.2528,25.2197],[55.2579,25.2186],[55.2612,25.2218],[55.2595,25.2261],[55.2544,25.2272],[55.251,25.224]]]}},{"type":"Feature","properties":{"h3_index":"8843a136e1fffff","h3_resolution":8,"center_lat":25.19305,"center_lng":55.24981,"risk_score":0.3962,"risk_class":"moderate","flood_exposure":0.6501,"charger_access_deficit":0.1421,"transport_disruption":0.7844},"geometry":{"type":"Polygon","coordinates":[[[55.2447,25.1942],[55.2465,25.1899],[55.2516,25.1888],[55.2549,25.1919],[55.2532,25.1962],[55.248,25.1973],[55.2447,25.1942]]]}},{"type":"Feature","properties":{"h3_index":"8843a136e3fffff","h3_resolution":8,"center_lat":25.19509,"center_lng":55.25826,"risk_score":0.4536,"risk_class":"moderate","flood_exposure":0.7034,"charger_access_deficit":0.1398,"transport_disruption":0.8104},"geometry":{"type":"Polygon","coordinates":[[[55.2532,25.1962],[55.2549,25.1919],[55.26,25.1908],[55.2634,25.194],[55.2616,25.1983],[55.2565,25.1994],[55.2532,25.1962]]]}},{"type":"Feature","properties":{"h3_index":"8843a136e5fffff","h3_resolution":8,"center_lat":25.18559,"center_lng":55.24823,"risk_score":0.3777,"risk_class":"moderate","flood_exposure":0.6326,"charger_access_deficit":0.1462,"transport_disruption":0.7866},"geometry":{"type":"Polygon","coordinates":[[[55.2431,25.1867],[55.2449,25.1824],[55.25,25.1813],[55.2533,25.1845],[55.2516,25.1888],[55.2465,25.1899],[55.2431,25.1867]]]}},{"type":"Feature","properties":{"h3_index":"8843a136e7fffff","h3_resolution":8,"center_lat":25.18763,"center_lng":55.25668,"risk_score":0.4363,"risk_class":"moderate","flood_exposure":0.6843,"charger_access_deficit":0.1389,"transport_disruption":0.8103},"geometry":{"type":"Polygon","coordinates":[[[55.2516,25.1888],[55.2533,25.1845],[55.2584,25.1833],[55.2618,25.1865],[55.26,25.1908],[55.2549,25.1919],[55.2516,25.1888]]]}},{"type":"Feature","properties":{"h3_index":"8843a136e9fffff","h3_resolution":8,"center_lat":25.19846,"center_lng":55.24294,"risk_score":0.3665,"risk_class":"moderate","flood_exposure":0.6094,"charger_access_deficit":0.1594,"transport_disruption":0.7346},"geometry":{"type":"Polygon","coordinates":[[[55.2378,25.1996],[55.2396,25.1953],[55.2447,25.1942],[55.248,25.1973],[55.2463,25.2016],[55.2412,25.2028],[55.2378,25.1996]]]}},{"type":"Feature","properties":{"h3_index":"8843a136ebfffff","h3_resolution":8,"center_lat":25.20051,"center_lng":55.25139,"risk_score":0.4169,"risk_class":"moderate","flood_exposure":0.6633,"charger_access_deficit":0.1519,"transport_disruption":0.7839},"geometry":{"type":"Polygon","coordinates":[[[55.2463,25.2016],[55.248,25.1973],[55.2532,25.1962],[55.2565,25.1994],[55.2547,25.2037],[55.2496,25.2048],[55.2463,25.2016]]]}},{"type":"Feature","properties":{"h3_index":"8843a136edfffff","h3_resolution":8,"center_lat":25.191,"center_lng":55.24136,"risk_score":0.3404,"risk_class":"low","flood_exposure":0.5964,"charger_access_deficit":0.1541,"transport_disruption":0.737},"geometry":{"type":"Polygon","coordinates":[[[55.2363,25.1921],[55.238,25.1878],[55.2431,25.1867],[55.2465,25.1899],[55.2447,25.1942],[55.2396,25.1953],[55.2363,25.1921]]]}},{"type":"Feature","properties":{"h3_index":"8843a13701fffff","h3_resolution":8,"center_lat":25.13811,"center_lng":55.19813,"risk_score":0.3463,"risk_class":"low","flood_exposure":0.5459,"charger_access_deficit":0.2302,"transport_disruption":0.6648},"geometry":{"type":"Polygon","coordinates":[[[55.193,25.1392],[55.1948,25.1349],[55.1999,25.1338],[55.2032,25.137],[55.2015,25.1413],[55.1964,25.1424],[55.193,25.1392]]]}},{"type":"Feature","properties":{"h3_index":"8843a13703fffff","h3_resolution":8,"center_lat":25.14015,"center_lng":55.20657,"risk_score":0.4007,"risk_class":"moderate","flood_exposure":0.577,"charger_access_deficit":0.2365,"transport_disruption":0.6957},"geometry":{"type":"Polygon","coordinates":[[[55.2015,25.1413],[55.2032,25.137],[55.2083,25.1359],[55.2117,25.139],[55.2099,25.1433],[55.2048,25.1444],[55.2015,25.1413]]]}},{"type":"Feature","properties":{"h3_index":"8843a13705fffff","h3_resolution":8,"center_lat":25.13065,"center_lng":55.19656,"risk_score":0.333,"risk_class":"low","flood_exposure":0.5692,"charger_access_deficit":0.2013,"transport_disruption":0.6842},"geometry":{"type":"Polygon","coordinates":[[[55.1915,25.1318],[55.1932,25.1275],[55.1983,25.1264],[55.2017,25.1295],[55.1999,25.1338],[55.1948,25.1349],[55.1915,25.1318]]]}},{"type":"Feature","properties":{"h3_index":"8843a13707fffff","h3_resolution":8,"center_lat":25.1327,"center_lng":55.205,"risk_score":0.4022,"risk_class":"moderate","flood_exposure":0.6054,"charger_access_deficit":0.2083,"transport_disruption":0.7153},"geometry":{"type":"Polygon","coordinates":[[[55.1999,25.1338],[55.2017,25.1295],[55.2068,25.1284],[55.2101,25.1316],[55.2083,25.1359],[55.2032,25.137],[55.1999,25.1338]]]}},{"type":"Feature","properties":{"h3_index":"8843a13709fffff","h3_resolution":8,"center_lat":25.14351,"center_lng":55.19127,"risk_score":0.3148,"risk_class":"low","flood_exposure":0.4858,"charger_access_deficit":0.2685,"transport_disruption":0.6314},"geometry":{"type":"Polygon","coordinates":[[[55.1862,25.1446],[55.1879,25.1403],[55.193,25.1392],[55.1964,25.1424],[55.1946,25.1467],[55.1895,25.1478],[55.1862,25.1446]]]}},{"type":"Feature","properties":{"h3_index":"8843a1370bfffff","h3_resolution":8,"center_lat":25.14556,"center_lng":55.19971,"risk_score":0.2921,"risk_class":"low","flood_exposure":0.5175,"charger_access_deficit":0.2636,"transport_disruption":0.6451},"geometry":{"type":"Polygon","coordinates":[[[55.1946,25.1467],[55.1964,25.1424],[55.2015,25.1413],[55.2048,25.1444],[55.203,25.1487],[55.1979,25.1498],[55.1946,25.1467]]]}},{"type":"Feature","properties":{"h3_index":"8843a1370dfffff","h3_resolution":8,"center_lat":25.13606,"center_lng":55.1897,"risk_score":0.2936,"risk_class":"low","flood_exposure":0.5098,"charger_access_deficit":0.2339,"transport_disruption":0.6482},"geometry":{"type":"Polygon","coordinates":[[[55.1846,25.1372],[55.1864,25.1329],[55.1915,25.1318],[55.1948,25.1349],[55.193,25.1392],[55.1879,25.1403],[55.1846,25.1372]]]}},{"type":"Feature","properties":{"h3_index":"8843a13711fffff","h3_resolution":8,"center_lat":25.14964,"center_lng":55.21659,"risk_score":0.3865,"risk_class":"moderate","flood_exposure":0.5677,"charger_access_deficit":0.267,"transport_disruption":0.714},"geometry":{"type":"Polygon","coordinates":[[[55.2115,25.1508],[55.2132,25.1465],[55.2184,25.1454],[55.2217,25.1485],[55.2199,25.1528],[55.2148,25.1539],[55.2115,25.1508]]]}},{"type":"Feature","properties":{"h3_index":"8843a13713fffff","h3_resolution":8,"center_lat":25.15168,"center_lng":55.22503,"risk_score":0.4334,"risk_class":"moderate","flood_exposure":0.5868,"charger_access_deficit":0.2637,"transport_disruption":0.7536},"geometry":{"type":"Polygon","coordinates":[[[55.2199,25.1528],[55.2217,25.1485],[55.2268,25.1474],[55.2301,25.1506],[55.2284,25.1548],[55.2233,25.156],[55.2199,25.1528]]]}},{"type":"Feature","properties":{"h3_index":"8843a13715fffff","h3_resolution":8,"center_lat":25.14219,"center_lng":55.21501,"risk_score":0.419,"risk_class":"moderate","flood_exposure":0.6023,"charger_access_deficit":0.2484,"transport_disruption":0.7331},"geometry":{"type":"Polygon","coordinates":[[[55.2099,25.1433],[55.2117,25.139],[55.2168,25.1379],[55.2201,25.1411],[55.2184,25.1454],[55.2132,25.1465],[55.2099,25.1433]]]}},{"type":"Feature","properties":{"h3_index":"8843a13717fffff","h3_resolution":8,"center_lat":25.14423,"center_lng":55.22345,"risk_score":0.4582,"risk_class":"moderate","flood_exposure":0.6219,"charger_access_deficit":0.2583,"transport_disruption":0.7691},"geometry":{"type":"Polygon","coordinates":[[[55.2184,25.1454],[55.2201,25.1411],[55.2252,25.1399],[55.2286,25.1431],[55.2268,25.1474],[55.2217,25.1485],[55.2184,25.1454]]]}},{"type":"Feature","properties":{"h3_index":"8843a13719fffff","h3_resolution":8,"center_lat":25.15505,"center_lng":55.20972,"risk_score":0.3513,"risk_class":"moderate","flood_exposure":0.5123,"charger_access_deficit":0.2855,"transport_disruption":0.6541},"geometry":{"type":"Polygon","coordinates":[[[55.2046,25.1562],[55.2064,25.1519],[55.2115,25.1508],[55.2148,25.1539],[55.2131,25.1582],[55.208,25.1593],[55.2046,25.1562]]]}},{"type":"Feature","properties":{"h3_index":"8843a1371bfffff","h3_resolution":8,"center_lat":25.1571,"center_lng":55.21816,"risk_score":0.3556,"risk_class":"moderate","flood_exposure":0.5357,"charger_access_deficit":0.2741,"transport_disruption":0.6937},"geometry":{"type":"Polygon","coordinates":[[[55.2131,25.1582],[55.2148,25.1539],[55.2199,25.1528],[55.2233,25.156],[55.2215,25.1603],[55.2164,25.1614],[55.2131,25.1582]]]}},{"type":"Feature","properties":{"h3_index":"8843a1371dfffff","h3_resolution":8,"center_lat":25.1476,"center_lng":55.20815,"risk_score":0.3515,"risk_class":"moderate","flood_exposure":0.5448,"charger_access_deficit":0.265,"transport_disruption":0.6752},"geometry":{"type":"Polygon","coordinates":[[[55.203,25.1487],[55.2048,25.1444],[55.2099,25.1433],[55.2132,25.1465],[55.2115,25.1508],[55.2064,25.1519],[55.203,25.1487]]]}},{"type":"Feature","properties":{"h3_index":"8843a13721fffff","h3_resolution":8,"center_lat":25.1178,"center_lng":55.20185,"risk_score":0.392,"risk_class":"moderate","flood_exposure":0.6422,"charger_access_deficit":0.181,"transport_disruption":0.751},"geometry":{"type":"Polygon","coordinates":[[[55.1968,25.1189],[55.1985,25.1146],[55.2036,25.1135],[55.207,25.1167],[55.2052,25.121],[55.2001,25.1221],[55.1968,25.1189]]]}},{"type":"Feature","properties":{"h3_index":"8843a13723fffff","h3_resolution":8,"center_lat":25.11984,"center_lng":55.21029,"risk_score":0.4587,"risk_class":"moderate","flood_exposure":0.6842,"charger_access_deficit":0.1953,"transport_disruption":0.7798},"geometry":{"type":"Polygon","coordinates":[[[55.2052,25.121],[55.207,25.1167],[55.2121,25.1156],[55.2154,25.1187],[55.2136,25.123],[55.2085,25.1241],[55.2052,25.121]]]}},{"type":"Feature","properties":{"h3_index":"8843a13725fffff","h3_resolution":8,"center_lat":25.11035,"center_lng":55.20028,"risk_score":0.4235,"risk_class":"moderate","flood_exposure":0.6483,"charger_access_deficit":0.1899,"transport_disruption":0.7664},"geometry":{"type":"Polygon","coordinates":[[[55.1952,25.1115],[55.1969,25.1072],[55.202,25.1061],[55.2054,25.1092],[55.2036,25.1135],[55.1985,25.1146],[55.1952,25.1115]]]}},{"type":"Feature","properties":{"h3_index":"8843a13727fffff","h3_resolution":8,"center_lat":25.11239,"center_lng":55.20872,"risk_score":0.4798,"risk_class":"moderate","flood_exposure":0.6956,"charger_access_deficit":0.2005,"transport_disruption":0.791},"geometry":{"type":"Polygon","coordinates":[[[55.2036,25.1135],[55.2054,25.1092],[55.2105,25.1081],[55.2138,25.1113],[55.2121,25.1156],[55.207,25.1167],[55.2036,25.1135]]]}},{"type":"Feature","properties":{"h3_index":"8843a13729fffff","h3_resolution":8,"center_lat":25.1232,"center_lng":55.19499,"risk_score":0.3393,"risk_class":"low","flood_exposure":0.5861,"charger_access_deficit":0.1831,"transport_disruption":0.7034},"geometry":{"type":"Polygon","coordinates":[[[55.1899,25.1243],[55.1917,25.12],[55.1968,25.1189],[55.2001,25.1221],[55.1983,25.1264],[55.1932,25.1275],[55.1899,25.1243]]]}},{"type":"Feature","properties":{"h3_index":"8843a1372bfffff","h3_resolution":8,"center_lat":25.12525,"center_lng":55.20343,"risk_score":0.4081,"risk_class":"moderate","flood_exposure":0.6276,"charger_access_deficit":0.1879,"transport_disruption":0.7339},"geometry":{"type":"Polygon","coordinates":[[[55.1983,25.1264],[55.2001,25.1221],[55.2052,25.121],[55.2085,25.1241],[55.2068,25.1284],[55.2017,25.1295],[55.1983,25.1264]]]}},{"type":"Feature","properties":{"h3_index":"8843a1372dfffff","h3_resolution":8,"center_lat":25.11576,"center_lng":55.19342,"risk_score":0.3739,"risk_class":"moderate","flood_exposure":0.5957,"charger_access_deficit":0.1795,"transport_disruption":0.7221},"geometry":{"type":"Polygon","coordinates":[[[55.1883,25.1169],[55.1901,25.1126],[55.1952,25.1115],[55.1985,25.1146],[55.1968,25.1189],[55.1917,25.12],[55.1883,25.1169]]]}},{"type":"Feature","properties":{"h3_index":"8843a13731fffff","h3_resolution":8,"center_lat":25.12933,"center_lng":55.2203,"risk_score":0.5164,"risk_class":"moderate","flood_exposure":0.6925,"charger_access_deficit":0.2294,"transport_disruption":0.7927},"geometry":{"type":"Polygon","coordinates":[[[55.2152,25.1305],[55.217,25.1262],[55.2221,25.125],[55.2254,25.1282],[55.2236,25.1325],[55.2185,25.1336],[55.2152,25.1305]]]}},{"type":"Feature","properties":{"h3_index":"8843a13733fffff","h3_resolution":8,"center_lat":25.13137,"center_lng":55.22874,"risk_score":0.5403,"risk_class":"moderate","flood_exposure":0.7123,"charger_access_deficit":0.2525,"transport_disruption":0.8062},"geometry":{"type":"Polygon","coordinates":[[[55.2236,25.1325],[55.2254,25.1282],[55.2305,25.1271],[55.2338,25.1302],[55.2321,25.1345],[55.227,25.1357],[55.2236,25.1325]]]}},{"type":"Feature","properties":{"h3_index":"8843a13735fffff","h3_resolution":8,"center_lat":25.12188,"center_lng":55.21873,"risk_score":0.515,"risk_class":"moderate","flood_exposure":0.7196,"charger_access_deficit":0.2201,"transport_disruption":0.8005},"geometry":{"type":"Polygon","coordinates":[[[55.2136,25.123],[55.2154,25.1187],[55.2205,25.1176],[55.2238,25.1208],[55.2221,25.125],[55.217,25.1262],[55.2136,25.123]]]}},{"type":"Feature","properties":{"h3_index":"8843a13737fffff","h3_resolution":8,"center_lat":25.12392,"center_lng":55.22717,"risk_score":0.5628,"risk_class":"moderate","flood_exposure":0.7459,"charger_access_deficit":0.2484,"transport_disruption":0.8066},"geometry":{"type":"Polygon","coordinates":[[[55.2221,25.125],[55.2238,25.1208],[55.2289,25.1196],[55.2323,25.1228],[55.2305,25.1271],[55.2254,25.1282],[55.2221,25.125]]]}},{"type":"Feature","properties":{"h3_index":"8843a13739fffff","h3_resolution":8,"center_lat":25.13474,"center_lng":55.21344,"risk_score":0.4412,"risk_class":"moderate","flood_exposure":0.6356,"charger_access_deficit":0.225,"transport_disruption":0.7507},"geometry":{"type":"Polygon","coordinates":[[[55.2083,25.1359],[55.2101,25.1316],[55.2152,25.1305],[55.2185,25.1336],[55.2168,25.1379],[55.2117,25.139],[55.2083,25.1359]]]}},{"type":"Feature","properties":{"h3_index":"8843a1373bfffff","h3_resolution":8,"center_lat":25.13678,"center_lng":55.22188,"risk_score":0.4663,"risk_class":"moderate","flood_exposure":0.6586,"charger_access_deficit":0.2445,"transport_disruption":0.7822},"geometry":{"type":"Polygon","coordinates":[[[55.2168,25.1379],[55.2185,25.1336],[55.2236,25.1325],[55.227,25.1357],[55.2252,25.1399],[55.2201,25.1411],[55.2168,25.1379]]]}},{"type":"Feature","properties":{"h3_index":"8843a1373dfffff","h3_resolution":8,"center_lat":25.12729,"center_lng":55.21186,"risk_score":0.4644,"risk_class":"moderate","flood_exposure":0.6637,"charger_access_deficit":0.2049,"transport_disruption":0.7662},"geometry":{"type":"Polygon","coordinates":[[[55.2068,25.1284],[55.2085,25.1241],[55.2136,25.123],[55.217,25.1262],[55.2152,25.1305],[55.2101,25.1316],[55.2068,25.1284]]]}},{"type":"Feature","properties":{"h3_index":"8843a13741fffff","h3_resolution":8,"center_lat":25.14688,"center_lng":55.17596,"risk_score":0.3117,"risk_class":"low","flood_exposure":0.3893,"charger_access_deficit":0.3407,"transport_disruption":0.6603},"geometry":{"type":"Polygon","coordinates":[[[55.1709,25.148],[55.1726,25.1437],[55.1777,25.1426],[55.1811,25.1458],[55.1793,25.15],[55.1742,25.1512],[55.1709,25.148]]]}},{"type":"Feature","properties":{"h3_index":"8843a13743fffff","h3_resolution":8,"center_lat":25.14892,"center_lng":55.1844,"risk_score":0.3161,"risk_class":"low","flood_exposure":0.4252,"charger_access_deficit":0.3196,"transport_disruption":0.6275},"geometry":{"type":"Polygon","coordinates":[[[55.1793,25.15],[55.1811,25.1458],[55.1862,25.1446],[55.1895,25.1478],[55.1877,25.1521],[55.1826,25.1532],[55.1793,25.15]]]}},{"type":"Feature","properties":{"h3_index":"8843a13745fffff","h3_resolution":8,"center_lat":25.13943,"center_lng":55.17439,"risk_score":0.2819,"risk_class":"low","flood_exposure":0.4101,"charger_access_deficit":0.3025,"transport_disruption":0.6677},"geometry":{"type":"Polygon","coordinates":[[[55.1693,25.1405],[55.1711,25.1363],[55.1762,25.1351],[55.1795,25.1383],[55.1777,25.1426],[55.1726,25.1437],[55.1693,25.1405]]]}},{"type":"Feature","properties":{"h3_index":"8843a13747fffff","h3_resolution":8,"center_lat":25.14147,"center_lng":55.18283,"risk_score":0.2914,"risk_class":"low","flood_exposure":0.4498,"charger_access_deficit":0.2818,"transport_disruption":0.6393},"geometry":{"type":"Polygon","coordinates":[[[55.1777,25.1426],[55.1795,25.1383],[55.1846,25.1372],[55.1879,25.1403],[55.1862,25.1446],[55.1811,25.1458],[55.1777,25.1426]]]}},{"type":"Feature","properties":{"h3_index":"8843a13749fffff","h3_resolution":8,"center_lat":25.15229,"center_lng":55.16909,"risk_score":0.3072,"risk_class":"low","flood_exposure":0.3285,"charger_access_deficit":0.4062,"transport_disruption":0.7023},"geometry":{"type":"Polygon","coordinates":[[[55.164,25.1534],[55.1658,25.1491],[55.1709,25.148],[55.1742,25.1512],[55.1724,25.1555],[55.1673,25.1566],[55.164,25.1534]]]}},{"type":"Feature","properties":{"h3_index":"8843a1374bfffff","h3_resolution":8,"center_lat":25.15433,"center_lng":55.17753,"risk_score":0.2925,"risk_class":"low","flood_exposure":0.3645,"charger_access_deficit":0.3794,"transport_disruption":0.6538},"geometry":{"type":"Polygon","coordinates":[[[55.1724,25.1555],[55.1742,25.1512],[55.1793,25.15],[55.1826,25.1532],[55.1809,25.1575],[55.1758,25.1586],[55.1724,25.1555]]]}},{"type":"Feature","properties":{"h3_index":"8843a1374dfffff","h3_resolution":8,"center_lat":25.14483,"center_lng":55.16753,"risk_score":0.3009,"risk_class":"low","flood_exposure":0.3501,"charger_access_deficit":0.3659,"transport_disruption":0.7056},"geometry":{"type":"Polygon","coordinates":[[[55.1624,25.146],[55.1642,25.1417],[55.1693,25.1405],[55.1726,25.1437],[55.1709,25.148],[55.1658,25.1491],[55.1624,25.146]]]}},{"type":"Feature","properties":{"h3_index":"8843a13751fffff","h3_resolution":8,"center_lat":25.15842,"center_lng":55.19441,"risk_score":0.2887,"risk_class":"low","flood_exposure":0.428,"charger_access_deficit":0.3345,"transport_disruption":0.6},"geometry":{"type":"Polygon","coordinates":[[[55.1893,25.1595],[55.1911,25.1553],[55.1962,25.1541],[55.1995,25.1573],[55.1977,25.1616],[55.1926,25.1627],[55.1893,25.1595]]]}},{"type":"Feature","properties":{"h3_index":"8843a13753fffff","h3_resolution":8,"center_lat":25.16046,"center_lng":55.20285,"risk_score":0.2984,"risk_class":"low","flood_exposure":0.4563,"charger_access_deficit":0.3145,"transport_disruption":0.6064},"geometry":{"type":"Polygon","coordinates":[[[55.1977,25.1616],[55.1995,25.1573],[55.2046,25.1562],[55.208,25.1593],[55.2062,25.1636],[55.2011,25.1648],[55.1977,25.1616]]]}},{"type":"Feature","properties":{"h3_index":"8843a13755fffff","h3_resolution":8,"center_lat":25.15097,"center_lng":55.19284,"risk_score":0.3229,"risk_class":"low","flood_exposure":0.4576,"charger_access_deficit":0.3043,"transport_disruption":0.6154},"geometry":{"type":"Polygon","coordinates":[[[55.1877,25.1521],[55.1895,25.1478],[55.1946,25.1467],[55.1979,25.1498],[55.1962,25.1541],[55.1911,25.1553],[55.1877,25.1521]]]}},{"type":"Feature","properties":{"h3_index":"8843a13757fffff","h3_resolution":8,"center_lat":25.15301,"center_lng":55.20128,"risk_score":0.3201,"risk_class":"low","flood_exposure":0.4866,"charger_access_deficit":0.2941,"transport_disruption":0.6255},"geometry":{"type":"Polygon","coordinates":[[[55.1962,25.1541],[55.1979,25.1498],[55.203,25.1487],[55.2064,25.1519],[55.2046,25.1562],[55.1995,25.1573],[55.1962,25.1541]]]}},{"type":"Feature","properties":{"h3_index":"8843a13759fffff","h3_resolution":8,"center_lat":25.16383,"center_lng":55.18754,"risk_score":0.2822,"risk_class":"low","flood_exposure":0.3693,"charger_access_deficit":0.3839,"transport_disruption":0.6071},"geometry":{"type":"Polygon","coordinates":[[[55.1824,25.1649],[55.1842,25.1607],[55.1893,25.1595],[55.1926,25.1627],[55.1909,25.167],[55.1858,25.1681],[55.1824,25.1649]]]}},{"type":"Feature","properties":{"h3_index":"8843a1375bfffff","h3_resolution":8,"center_lat":25.16587,"center_lng":55.19598,"risk_score":0.2885,"risk_class":"low","flood_exposure":0.3999,"charger_access_deficit":0.3536,"transport_disruption":0.5856},"geometry":{"type":"Polygon","coordinates":[[[55.1909,25.167],[55.1926,25.1627],[55.1977,25.1616],[55.2011,25.1648],[55.1993,25.169],[55.1942,25.1702],[55.1909,25.167]]]}},{"type":"Feature","properties":{"h3_index":"8843a1375dfffff","h3_resolution":8,"center_lat":25.15637,"center_lng":55.18597,"risk_score":0.2897,"risk_class":"low","flood_exposure":0.3976,"charger_access_deficit":0.3554,"transport_disruption":0.6168},"geometry":{"type":"Polygon","coordinates":[[[55.1809,25.1575],[55.1826,25.1532],[55.1877,25.1521],[55.1911,25.1553],[55.1893,25.1595],[55.1842,25.1607],[55.1809,25.1575]]]}},{"type":"Feature","properties":{"h3_index":"8843a13761fffff","h3_resolution":8,"center_lat":25.12657,"center_lng":55.17969,"risk_score":0.2868,"risk_class":"low","flood_exposure":0.4838,"charger_access_deficit":0.2216,"transport_disruption":0.6654},"geometry":{"type":"Polygon","coordinates":[[[55.1746,25.1277],[55.1764,25.1234],[55.1815,25.1223],[55.1848,25.1254],[55.183,25.1297],[55.1779,25.1309],[55.1746,25.1277]]]}},{"type":"Feature","properties":{"h3_index":"8843a13763fffff","h3_resolution":8,"center_lat":25.12861,"center_lng":55.18813,"risk_score":0.3058,"risk_class":"low","flood_exposure":0.5283,"charger_access_deficit":0.2066,"transport_disruption":0.6656},"geometry":{"type":"Polygon","coordinates":[[[55.183,25.1297],[55.1848,25.1254],[55.1899,25.1243],[55.1932,25.1275],[55.1915,25.1318],[55.1864,25.1329],[55.183,25.1297]]]}},{"type":"Feature","properties":{"h3_index":"8843a13765fffff","h3_resolution":8,"center_lat":25.11912,"center_lng":55.17812,"risk_score":0.2665,"risk_class":"low","flood_exposure":0.4922,"charger_access_deficit":0.2047,"transport_disruption":0.6799},"geometry":{"type":"Polygon","coordinates":[[[55.173,25.1202],[55.1748,25.116],[55.1799,25.1148],[55.1832,25.118],[55.1815,25.1223],[55.1764,25.1234],[55.173,25.1202]]]}},{"type":"Feature","properties":{"h3_index":"8843a13767fffff","h3_resolution":8,"center_lat":25.12116,"center_lng":55.18655,"risk_score":0.3117,"risk_class":"low","flood_exposure":0.5406,"charger_access_deficit":0.1907,"transport_disruption":0.6832},"geometry":{"type":"Polygon","coordinates":[[[55.1815,25.1223],[55.1832,25.118],[55.1883,25.1169],[55.1917,25.12],[55.1899,25.1243],[55.1848,25.1254],[55.1815,25.1223]]]}},{"type":"Feature","properties":{"h3_index":"8843a13769fffff","h3_resolution":8,"center_lat":25.13198,"center_lng":55.17282,"risk_score":0.2585,"risk_class":"low","flood_exposure":0.4259,"charger_access_deficit":0.2686,"transport_disruption":0.6761},"geometry":{"type":"Polygon","coordinates":[[[55.1677,25.1331],[55.1695,25.1288],[55.1746,25.1277],[55.1779,25.1309],[55.1762,25.1351],[55.1711,25.1363],[55.1677,25.1331]]]}},{"type":"Feature","properties":{"h3_index":"8843a1376bfffff","h3_resolution":8,"center_lat":25.13402,"center_lng":55.18126,"risk_score":0.287,"risk_class":"low","flood_exposure":0.4695,"charger_access_deficit":0.2479,"transport_disruption":0.6519},"geometry":{"type":"Polygon","coordinates":[[[55.1762,25.1351],[55.1779,25.1309],[55.183,25.1297],[55.1864,25.1329],[55.1846,25.1372],[55.1795,25.1383],[55.1762,25.1351]]]}},{"type":"Feature","properties":{"h3_index":"8843a1376dfffff","h3_resolution":8,"center_lat":25.12453,"center_lng":55.17125,"risk_score":0.2509,"risk_class":"low","flood_exposure":0.4366,"charger_access_deficit":0.2408,"transport_disruption":0.6856},"geometry":{"type":"Polygon","coordinates":[[[55.1662,25.1256],[55.1679,25.1214],[55.173,25.1202],[55.1764,25.1234],[55.1746,25.1277],[55.1695,25.1288],[55.1662,25.1256]]]}},{"type":"Feature","properties":{"h3_index":"8843a13801fffff","h3_resolution":8,"center_lat":24.92981,"center_lng":55.15425,"risk_score":0.8001,"risk_class":"high","flood_exposure":0.5115,"charger_access_deficit":1.0,"transport_disruption":0.5752},"geometry":{"type":"Polygon","coordinates":[[[55.1492,24.9309],[55.1509,24.9267],[55.156,24.9255],[55.1593,24.9287],[55.1576,24.933],[55.1525,24.9341],[55.1492,24.9309]]]}},{"type":"Feature","properties":{"h3_index":"8843a13803fffff","h3_resolution":8,"center_lat":24.93184,"center_lng":55.16266,"risk_score":0.7969,"risk_class":"high","flood_exposure":0.5378,"charger_access_deficit":1.0,"transport_disruption":0.5198},"geometry":{"type":"Polygon","coordinates":[[[55.1576,24.933],[55.1593,24.9287],[55.1644,24.9276],[55.1677,24.9307],[55.166,24.935],[55.1609,24.9361],[55.1576,24.933]]]}},{"type":"Feature","properties":{"h3_index":"8843a13805fffff","h3_resolution":8,"center_lat":24.92238,"center_lng":55.15269,"risk_score":0.7741,"risk_class":"high","flood_exposure":0.4941,"charger_access_deficit":1.0,"transport_disruption":0.5642},"geometry":{"type":"Polygon","coordinates":[[[55.1476,24.9235],[55.1494,24.9192],[55.1545,24.9181],[55.1578,24.9213],[55.156,24.9255],[55.1509,24.9267],[55.1476,24.9235]]]}},{"type":"Feature","properties":{"h3_index":"8843a13807fffff","h3_resolution":8,"center_lat":24.92441,"center_lng":55.1611,"risk_score":0.7668,"risk_class":"high","flood_exposure":0.5125,"charger_access_deficit":1.0,"transport_disruption":0.5222},"geometry":{"type":"Polygon","coordinates":[[[55.156,24.9255],[55.1578,24.9213],[55.1629,24.9201],[55.1662,24.9233],[55.1644,24.9276],[55.1593,24.9287],[55.156,24.9255]]]}},{"type":"Feature","properties":{"h3_index":"8843a13809fffff","h3_resolution":8,"center_lat":24.9352,"center_lng":55.14741,"risk_score":0.8108,"risk_class":"high","flood_exposure":0.5109,"charger_access_deficit":0.9999,"transport_disruption":0.6226},"geometry":{"type":"Polygon","coordinates":[[[55.1423,24.9363],[55.1441,24.932],[55.1492,24.9309],[55.1525,24.9341],[55.1507,24.9384],[55.1456,24.9395],[55.1423,24.9363]]]}},{"type":"Feature","properties":{"h3_index":"8843a1380bfffff","h3_resolution":8,"center_lat":24.93724,"center_lng":55.15582,"risk_score":0.7786,"risk_class":"high","flood_exposure":0.5368,"charger_access_deficit":0.9998,"transport_disruption":0.5726},"geometry":{"type":"Polygon","coordinates":[[[55.1507,24.9384],[55.1525,24.9341],[55.1576,24.933],[55.1609,24.9361],[55.1591,24.9404],[55.1541,24.9415],[55.1507,24.9384]]]}},{"type":"Feature","properties":{"h3_index":"8843a1380dfffff","h3_resolution":8,"center_lat":24.92777,"center_lng":55.14585,"risk_score":0.7722,"risk_class":"high","flood_exposure":0.4879,"charger_access_deficit":1.0,"transport_disruption":0.6215},"geometry":{"type":"Polygon","coordinates":[[[55.1408,24.9289],[55.1425,24.9246],[55.1476,24.9235],[55.1509,24.9267],[55.1492,24.9309],[55.1441,24.932],[55.1408,24.9289]]]}},{"type":"Feature","properties":{"h3_index":"8843a13811fffff","h3_resolution":8,"center_lat":24.9413,"center_lng":55.17263,"risk_score":0.8039,"risk_class":"high","flood_exposure":0.5939,"charger_access_deficit":0.9997,"transport_disruption":0.4592},"geometry":{"type":"Polygon","coordinates":[[[55.1675,24.9424],[55.1693,24.9381],[55.1744,24.937],[55.1777,24.9402],[55.176,24.9445],[55.1709,24.9456],[55.1675,24.9424]]]}},{"type":"Feature","properties":{"h3_index":"8843a13813fffff","h3_resolution":8,"center_lat":24.94333,"center_lng":55.18105,"risk_score":0.8098,"risk_class":"high","flood_exposure":0.6225,"charger_access_deficit":0.9996,"transport_disruption":0.3997},"geometry":{"type":"Polygon","coordinates":[[[55.176,24.9445],[55.1777,24.9402],[55.1828,24.9391],[55.1861,24.9422],[55.1844,24.9465],[55.1793,24.9476],[55.176,24.9445]]]}},{"type":"Feature","properties":{"h3_index":"8843a13815fffff","h3_resolution":8,"center_lat":24.93387,"center_lng":55.17107,"risk_score":0.7828,"risk_class":"high","flood_exposure":0.5629,"charger_access_deficit":1.0,"transport_disruption":0.4625},"geometry":{"type":"Polygon","coordinates":[[[55.166,24.935],[55.1677,24.9307],[55.1728,24.9296],[55.1762,24.9328],[55.1744,24.937],[55.1693,24.9381],[55.166,24.935]]]}},{"type":"Feature","properties":{"h3_index":"8843a13817fffff","h3_resolution":8,"center_lat":24.9359,"center_lng":55.17948,"risk_score":0.7697,"risk_class":"high","flood_exposure":0.5898,"charger_access_deficit":1.0,"transport_disruption":0.408},"geometry":{"type":"Polygon","coordinates":[[[55.1744,24.937],[55.1762,24.9328],[55.1812,24.9316],[55.1846,24.9348],[55.1828,24.9391],[55.1777,24.9402],[55.1744,24.937]]]}},{"type":"Feature","properties":{"h3_index":"8843a13819fffff","h3_resolution":8,"center_lat":24.9467,"center_lng":55.16579,"risk_score":0.8342,"risk_class":"high","flood_exposure":0.6031,"charger_access_deficit":0.9984,"transport_disruption":0.5123},"geometry":{"type":"Polygon","coordinates":[[[55.1607,24.9478],[55.1625,24.9435],[55.1675,24.9424],[55.1709,24.9456],[55.1691,24.9499],[55.164,24.951],[55.1607,24.9478]]]}},{"type":"Feature","properties":{"h3_index":"8843a1381bfffff","h3_resolution":8,"center_lat":24.94873,"center_lng":55.1742,"risk_score":0.8273,"risk_class":"high","flood_exposure":0.6345,"charger_access_deficit":0.998,"transport_disruption":0.4535},"geometry":{"type":"Polygon","coordinates":[[[55.1691,24.9499],[55.1709,24.9456],[55.176,24.9445],[55.1793,24.9476],[55.1775,24.9519],[55.1724,24.953],[55.1691,24.9499]]]}},{"type":"Feature","properties":{"h3_index":"8843a1381dfffff","h3_resolution":8,"center_lat":24.93927,"center_lng":55.16422,"risk_score":0.7897,"risk_class":"high","flood_exposure":0.5646,"charger_access_deficit":0.9998,"transport_disruption":0.5137},"geometry":{"type":"Polygon","coordinates":[[[55.1591,24.9404],[55.1609,24.9361],[55.166,24.935],[55.1693,24.9381],[55.1675,24.9424],[55.1625,24.9435],[55.1591,24.9404]]]}},{"type":"Feature","properties":{"h3_index":"8843a13839fffff","h3_resolution":8,"center_lat":24.92644,"center_lng":55.16951,"risk_score":0.7706,"risk_class":"high","flood_exposure":0.5359,"charger_access_deficit":1.0,"transport_disruption":0.47},"geometry":{"type":"Polygon","coordinates":[[[55.1644,24.9276],[55.1662,24.9233],[55.1713,24.9222],[55.1746,24.9253],[55.1728,24.9296],[55.1677,24.9307],[55.1644,24.9276]]]}},{"type":"Feature","properties":{"h3_index":"8843a13841fffff","h3_resolution":8,"center_lat":24.93856,"center_lng":55.13215,"risk_score":0.8169,"risk_class":"high","flood_exposure":0.4755,"charger_access_deficit":0.9997,"transport_disruption":0.7323},"geometry":{"type":"Polygon","coordinates":[[[55.1271,24.9397],[55.1288,24.9354],[55.1339,24.9343],[55.1372,24.9374],[55.1355,24.9417],[55.1304,24.9428],[55.1271,24.9397]]]}},{"type":"Feature","properties":{"h3_index":"8843a13843fffff","h3_resolution":8,"center_lat":24.9406,"center_lng":55.14056,"risk_score":0.8429,"risk_class":"high","flood_exposure":0.5057,"charger_access_deficit":0.9994,"transport_disruption":0.6898},"geometry":{"type":"Polygon","coordinates":[[[55.1355,24.9417],[55.1372,24.9374],[55.1423,24.9363],[55.1456,24.9395],[55.1439,24.9438],[55.1388,24.9449],[55.1355,24.9417]]]}},{"type":"Feature","properties":{"h3_index":"8843a13845fffff","h3_resolution":8,"center_lat":24.93113,"center_lng":55.13059,"risk_score":0.8066,"risk_class":"high","flood_exposure":0.4534,"charger_access_deficit":1.0,"transport_disruption":0.7175},"geometry":{"type":"Polygon","coordinates":[[[55.1255,24.9323],[55.1273,24.928],[55.1324,24.9269],[55.1357,24.93],[55.1339,24.9343],[55.1288,24.9354],[55.1255,24.9323]]]}},{"type":"Feature","properties":{"h3_index":"8843a13847fffff","h3_resolution":8,"center_lat":24.93317,"center_lng":55.139,"risk_score":0.814,"risk_class":"high","flood_exposure":0.4822,"charger_access_deficit":1.0,"transport_disruption":0.6767},"geometry":{"type":"Polygon","coordinates":[[[55.1339,24.9343],[55.1357,24.93],[55.1408,24.9289],[55.1441,24.932],[55.1423,24.9363],[55.1372,24.9374],[55.1339,24.9343]]]}},{"type":"Feature","properties":{"h3_index":"8843a13849fffff","h3_resolution":8,"center_lat":24.94396,"center_lng":55.12531,"risk_score":0.8262,"risk_class":"high","flood_exposure":0.4623,"charger_access_deficit":0.9989,"transport_disruption":0.7652},"geometry":{"type":"Polygon","coordinates":[[[55.1202,24.9451],[55.122,24.9408],[55.1271,24.9397],[55.1304,24.9428],[55.1286,24.9471],[55.1235,24.9482],[55.1202,24.9451]]]}},{"type":"Feature","properties":{"h3_index":"8843a1384bfffff","h3_resolution":8,"center_lat":24.94599,"center_lng":55.13371,"risk_score":0.8296,"risk_class":"high","flood_exposure":0.499,"charger_access_deficit":0.9981,"transport_disruption":0.7446},"geometry":{"type":"Polygon","coordinates":[[[55.1286,24.9471],[55.1304,24.9428],[55.1355,24.9417],[55.1388,24.9449],[55.137,24.9491],[55.1319,24.9503],[55.1286,24.9471]]]}},{"type":"Feature","properties":{"h3_index":"8843a1384dfffff","h3_resolution":8,"center_lat":24.93653,"center_lng":55.12375,"risk_score":0.7881,"risk_class":"high","flood_exposure":0.4407,"charger_access_deficit":0.9999,"transport_disruption":0.7523},"geometry":{"type":"Polygon","coordinates":[[[55.1187,24.9376],[55.1204,24.9334],[55.1255,24.9323],[55.1288,24.9354],[55.1271,24.9397],[55.122,24.9408],[55.1187,24.9376]]]}},{"type":"Feature","properties":{"h3_index":"8843a13851fffff","h3_resolution":8,"center_lat":24.95006,"center_lng":55.15053,"risk_score":0.8459,"risk_class":"high","flood_exposure":0.5782,"charger_access_deficit":0.9959,"transport_disruption":0.6556},"geometry":{"type":"Polygon","coordinates":[[[55.1454,24.9512],[55.1472,24.9469],[55.1523,24.9458],[55.1556,24.9489],[55.1539,24.9532],[55.1488,24.9543],[55.1454,24.9512]]]}},{"type":"Feature","properties":{"h3_index":"8843a13853fffff","h3_resolution":8,"center_lat":24.95209,"center_lng":55.15894,"risk_score":0.9089,"risk_class":"high","flood_exposure":0.6143,"charger_access_deficit":0.9949,"transport_disruption":0.5933},"geometry":{"type":"Polygon","coordinates":[[[55.1539,24.9532],[55.1556,24.9489],[55.1607,24.9478],[55.164,24.951],[55.1623,24.9552],[55.1572,24.9564],[55.1539,24.9532]]]}},{"type":"Feature","properties":{"h3_index":"8843a13855fffff","h3_resolution":8,"center_lat":24.94263,"center_lng":55.14897,"risk_score":0.8132,"risk_class":"high","flood_exposure":0.5358,"charger_access_deficit":0.9991,"transport_disruption":0.6348},"geometry":{"type":"Polygon","coordinates":[[[55.1439,24.9438],[55.1456,24.9395],[55.1507,24.9384],[55.1541,24.9415],[55.1523,24.9458],[55.1472,24.9469],[55.1439,24.9438]]]}},{"type":"Feature","properties":{"h3_index":"8843a13857fffff","h3_resolution":8,"center_lat":24.94466,"center_lng":55.15738,"risk_score":0.8273,"risk_class":"high","flood_exposure":0.5694,"charger_access_deficit":0.9988,"transport_disruption":0.5739},"geometry":{"type":"Polygon","coordinates":[[[55.1523,24.9458],[55.1541,24.9415],[55.1591,24.9404],[55.1625,24.9435],[55.1607,24.9478],[55.1556,24.9489],[55.1523,24.9458]]]}},{"type":"Feature","properties":{"h3_index":"8843a13859fffff","h3_resolution":8,"center_lat":24.95545,"center_lng":55.14368,"risk_score":0.8882,"risk_class":"high","flood_exposure":0.5826,"charger_access_deficit":0.9903,"transport_disruption":0.7274},"geometry":{"type":"Polygon","coordinates":[[[55.1386,24.9566],[55.1404,24.9523],[55.1454,24.9512],[55.1488,24.9543],[55.147,24.9586],[55.1419,24.9597],[55.1386,24.9566]]]}},{"type":"Feature","properties":{"h3_index":"8843a1385bfffff","h3_resolution":8,"center_lat":24.95749,"center_lng":55.15209,"risk_score":0.8996,"risk_class":"high","flood_exposure":0.6239,"charger_access_deficit":0.9879,"transport_disruption":0.6766},"geometry":{"type":"Polygon","coordinates":[[[55.147,24.9586],[55.1488,24.9543],[55.1539,24.9532],[55.1572,24.9564],[55.1554,24.9606],[55.1503,24.9618],[55.147,24.9586]]]}},{"type":"Feature","properties":{"h3_index":"8843a1385dfffff","h3_resolution":8,"center_lat":24.94802,"center_lng":55.14212,"risk_score":0.8488,"risk_class":"high","flood_exposure":0.5392,"charger_access_deficit":0.997,"transport_disruption":0.7069},"geometry":{"type":"Polygon","coordinates":[[[55.137,24.9491],[55.1388,24.9449],[55.1439,24.9438],[55.1472,24.9469],[55.1454,24.9512],[55.1404,24.9523],[55.137,24.9491]]]}},{"type":"Feature","properties":{"h3_index":"8843a1386bfffff","h3_resolution":8,"center_lat":24.92574,"center_lng":55.13744,"risk_score":0.7625,"risk_class":"high","flood_exposure":0.4657,"charger_access_deficit":1.0,"transport_disruption":0.6683},"geometry":{"type":"Polygon","coordinates":[[[55.1324,24.9269],[55.1341,24.9226],[55.1392,24.9215],[55.1425,24.9246],[55.1408,24.9289],[55.1357,24.93],[55.1324,24.9269]]]}},{"type":"Feature","properties":{"h3_index":"8843a13889fffff","h3_resolution":8,"center_lat":24.94943,"center_lng":55.20629,"risk_score":0.7583,"risk_class":"high","flood_exposure":0.6705,"charger_access_deficit":0.9997,"transport_disruption":0.2169},"geometry":{"type":"Polygon","coordinates":[[[55.2012,24.9506],[55.203,24.9463],[55.208,24.9452],[55.2114,24.9483],[55.2096,24.9526],[55.2045,24.9537],[55.2012,24.9506]]]}},{"type":"Feature","properties":{"h3_index":"8843a1388bfffff","h3_resolution":8,"center_lat":24.95146,"center_lng":55.2147,"risk_score":0.7318,"risk_class":"high","flood_exposure":0.6706,"charger_access_deficit":0.9998,"transport_disruption":0.1612},"geometry":{"type":"Polygon","coordinates":[[[55.2096,24.9526],[55.2114,24.9483],[55.2165,24.9472],[55.2198,24.9503],[55.218,24.9546],[55.2129,24.9557],[55.2096,24.9526]]]}},{"type":"Feature","properties":{"h3_index":"8843a13899fffff","h3_resolution":8,"center_lat":24.96092,"center_lng":55.22469,"risk_score":0.7267,"risk_class":"high","flood_exposure":0.6647,"charger_access_deficit":0.9992,"transport_disruption":0.1147},"geometry":{"type":"Polygon","coordinates":[[[55.2196,24.962],[55.2214,24.9578],[55.2264,24.9566],[55.2298,24.9598],[55.228,24.9641],[55.2229,24.9652],[55.2196,24.962]]]}},{"type":"Feature","properties":{"h3_index":"8843a1389bfffff","h3_resolution":8,"center_lat":24.96295,"center_lng":55.23311,"risk_score":0.6881,"risk_class":"high","flood_exposure":0.6422,"charger_access_deficit":0.9996,"transport_disruption":0.0778},"geometry":{"type":"Polygon","coordinates":[[[55.228,24.9641],[55.2298,24.9598],[55.2349,24.9587],[55.2382,24.9618],[55.2364,24.9661],[55.2313,24.9672],[55.228,24.9641]]]}},{"type":"Feature","properties":{"h3_index":"8843a138c1fffff","h3_resolution":8,"center_lat":24.9528,"center_lng":55.19103,"risk_score":0.8056,"risk_class":"high","flood_exposure":0.6751,"charger_access_deficit":0.9979,"transport_disruption":0.3238},"geometry":{"type":"Polygon","coordinates":[[[55.1859,24.9539],[55.1877,24.9496],[55.1928,24.9485],[55.1961,24.9517],[55.1944,24.9559],[55.1893,24.9571],[55.1859,24.9539]]]}},{"type":"Feature","properties":{"h3_index":"8843a138c3fffff","h3_resolution":8,"center_lat":24.95483,"center_lng":55.19944,"risk_score":0.8047,"risk_class":"high","flood_exposure":0.686,"charger_access_deficit":0.998,"transport_disruption":0.2666},"geometry":{"type":"Polygon","coordinates":[[[55.1944,24.9559],[55.1961,24.9517],[55.2012,24.9506],[55.2045,24.9537],[55.2028,24.958],[55.1977,24.9591],[55.1944,24.9559]]]}},{"type":"Feature","properties":{"h3_index":"8843a138c5fffff","h3_resolution":8,"center_lat":24.94537,"center_lng":55.18946,"risk_score":0.7925,"risk_class":"high","flood_exposure":0.6484,"charger_access_deficit":0.9996,"transport_disruption":0.3364},"geometry":{"type":"Polygon","coordinates":[[[55.1844,24.9465],[55.1861,24.9422],[55.1912,24.9411],[55.1945,24.9442],[55.1928,24.9485],[55.1877,24.9496],[55.1844,24.9465]]]}},{"type":"Feature","properties":{"h3_index":"8843a138c7fffff","h3_resolution":8,"center_lat":24.9474,"center_lng":55.19787,"risk_score":0.7999,"risk_class":"high","flood_exposure":0.6625,"charger_access_deficit":0.9996,"transport_disruption":0.2724},"geometry":{"type":"Polygon","coordinates":[[[55.1928,24.9485],[55.1945,24.9442],[55.1996,24.9431],[55.203,24.9463],[55.2012,24.9506],[55.1961,24.9517],[55.1928,24.9485]]]}},{"type":"Feature","properties":{"h3_index":"8843a138c9fffff","h3_resolution":8,"center_lat":24.95819,"center_lng":55.18418,"risk_score":0.8452,"risk_class":"high","flood_exposure":0.6941,"charger_access_deficit":0.9935,"transport_disruption":0.387},"geometry":{"type":"Polygon","coordinates":[[[55.1791,24.9593],[55.1809,24.955],[55.1859,24.9539],[55.1893,24.9571],[55.1875,24.9613],[55.1824,24.9625],[55.1791,24.9593]]]}},{"type":"Feature","properties":{"h3_index":"8843a138cbfffff","h3_resolution":8,"center_lat":24.96023,"center_lng":55.19259,"risk_score":0.8378,"risk_class":"high","flood_exposure":0.7066,"charger_access_deficit":0.9938,"transport_disruption":0.32},"geometry":{"type":"Polygon","coordinates":[[[55.1875,24.9613],[55.1893,24.9571],[55.1944,24.9559],[55.1977,24.9591],[55.1959,24.9634],[55.1908,24.9645],[55.1875,24.9613]]]}},{"type":"Feature","properties":{"h3_index":"8843a138cdfffff","h3_resolution":8,"center_lat":24.95076,"center_lng":55.18261,"risk_score":0.8087,"risk_class":"high","flood_exposure":0.658,"charger_access_deficit":0.9979,"transport_disruption":0.3891},"geometry":{"type":"Polygon","coordinates":[[[55.1775,24.9519],[55.1793,24.9476],[55.1844,24.9465],[55.1877,24.9496],[55.1859,24.9539],[55.1809,24.955],[55.1775,24.9519]]]}},{"type":"Feature","properties":{"h3_index":"8843a138d1fffff","h3_resolution":8,"center_lat":24.96429,"center_lng":55.20942,"risk_score":0.7957,"risk_class":"high","flood_exposure":0.7008,"charger_access_deficit":0.9954,"transport_disruption":0.2023},"geometry":{"type":"Polygon","coordinates":[[[55.2043,24.9654],[55.2061,24.9611],[55.2112,24.96],[55.2145,24.9632],[55.2128,24.9674],[55.2077,24.9686],[55.2043,24.9654]]]}},{"type":"Feature","properties":{"h3_index":"8843a138d3fffff","h3_resolution":8,"center_lat":24.96632,"center_lng":55.21784,"risk_score":0.7541,"risk_class":"high","flood_exposure":0.688,"charger_access_deficit":0.9964,"transport_disruption":0.1555},"geometry":{"type":"Polygon","coordinates":[[[55.2128,24.9674],[55.2145,24.9632],[55.2196,24.962],[55.2229,24.9652],[55.2212,24.9695],[55.2161,24.9706],[55.2128,24.9674]]]}},{"type":"Feature","properties":{"h3_index":"8843a138d5fffff","h3_resolution":8,"center_lat":24.95686,"center_lng":55.20785,"risk_score":0.7879,"risk_class":"high","flood_exposure":0.689,"charger_access_deficit":0.9983,"transport_disruption":0.2093},"geometry":{"type":"Polygon","coordinates":[[[55.2028,24.958],[55.2045,24.9537],[55.2096,24.9526],[55.2129,24.9557],[55.2112,24.96],[55.2061,24.9611],[55.2028,24.958]]]}},{"type":"Feature","properties":{"h3_index":"8843a138d7fffff","h3_resolution":8,"center_lat":24.95889,"center_lng":55.21627,"risk_score":0.7594,"risk_class":"high","flood_exposure":0.6791,"charger_access_deficit":0.9988,"transport_disruption":0.1563},"geometry":{"type":"Polygon","coordinates":[[[55.2112,24.96],[55.2129,24.9557],[55.218,24.9546],[55.2214,24.9578],[55.2196,24.962],[55.2145,24.9632],[55.2112,24.96]]]}},{"type":"Feature","properties":{"h3_index":"8843a138d9fffff","h3_resolution":8,"center_lat":24.96969,"center_lng":55.20258,"risk_score":0.8231,"risk_class":"high","flood_exposure":0.7291,"charger_access_deficit":0.9879,"transport_disruption":0.2609},"geometry":{"type":"Polygon","coordinates":[[[55.1975,24.9708],[55.1992,24.9665],[55.2043,24.9654],[55.2077,24.9686],[55.2059,24.9728],[55.2008,24.974],[55.1975,24.9708]]]}},{"type":"Feature","properties":{"h3_index":"8843a138dbfffff","h3_resolution":8,"center_lat":24.97172,"center_lng":55.21099,"risk_score":0.7967,"risk_class":"high","flood_exposure":0.7142,"charger_access_deficit":0.99,"transport_disruption":0.2032},"geometry":{"type":"Polygon","coordinates":[[[55.2059,24.9728],[55.2077,24.9686],[55.2128,24.9674],[55.2161,24.9706],[55.2143,24.9749],[55.2092,24.976],[55.2059,24.9728]]]}},{"type":"Feature","properties":{"h3_index":"8843a138ddfffff","h3_resolution":8,"center_lat":24.96226,"center_lng":55.20101,"risk_score":0.8087,"risk_class":"high","flood_exposure":0.7086,"charger_access_deficit":0.9944,"transport_disruption":0.2599},"geometry":{"type":"Polygon","coordinates":[[[55.1959,24.9634],[55.1977,24.9591],[55.2028,24.958],[55.2061,24.9611],[55.2043,24.9654],[55.1992,24.9665],[55.1959,24.9634]]]}},{"type":"Feature","properties":{"h3_index":"8843a138e9fffff","h3_resolution":8,"center_lat":24.93794,"center_lng":55.18789,"risk_score":0.7997,"risk_class":"high","flood_exposure":0.6165,"charger_access_deficit":1.0,"transport_disruption":0.3487},"geometry":{"type":"Polygon","coordinates":[[[55.1828,24.9391],[55.1846,24.9348],[55.1897,24.9337],[55.193,24.9368],[55.1912,24.9411],[55.1861,24.9422],[55.1828,24.9391]]]}},{"type":"Feature","properties":{"h3_index":"8843a13a01fffff","h3_resolution":8,"center_lat":24.96757,"center_lng":55.10631,"risk_score":0.7758,"risk_class":"high","flood_exposure":0.4441,"charger_access_deficit":0.9758,"transport_disruption":0.6877},"geometry":{"type":"Polygon","coordinates":[[[55.1012,24.9687],[55.103,24.9644],[55.1081,24.9633],[55.1114,24.9664],[55.1096,24.9707],[55.1045,24.9718],[55.1012,24.9687]]]}},{"type":"Feature","properties":{"h3_index":"8843a13a03fffff","h3_resolution":8,"center_lat":24.9696,"center_lng":55.11472,"risk_score":0.8256,"risk_class":"high","flood_exposure":0.5002,"charger_access_deficit":0.9648,"transport_disruption":0.7422},"geometry":{"type":"Polygon","coordinates":[[[55.1096,24.9707],[55.1114,24.9664],[55.1165,24.9653],[55.1198,24.9685],[55.118,24.9728],[55.113,24.9739],[55.1096,24.9707]]]}},{"type":"Feature","properties":{"h3_index":"8843a13a05fffff","h3_resolution":8,"center_lat":24.96013,"center_lng":55.10476,"risk_score":0.7358,"risk_class":"high","flood_exposure":0.4123,"charger_access_deficit":0.9902,"transport_disruption":0.6974},"geometry":{"type":"Polygon","coordinates":[[[55.0997,24.9613],[55.1014,24.957],[55.1065,24.9559],[55.1098,24.959],[55.1081,24.9633],[55.103,24.9644],[55.0997,24.9613]]]}},{"type":"Feature","properties":{"h3_index":"8843a13a07fffff","h3_resolution":8,"center_lat":24.96217,"center_lng":55.11316,"risk_score":0.7938,"risk_class":"high","flood_exposure":0.4661,"charger_access_deficit":0.9841,"transport_disruption":0.7502},"geometry":{"type":"Polygon","coordinates":[[[55.1081,24.9633],[55.1098,24.959],[55.1149,24.9579],[55.1183,24.9611],[55.1165,24.9653],[55.1114,24.9664],[55.1081,24.9633]]]}},{"type":"Feature","properties":{"h3_index":"8843a13a09fffff","h3_resolution":8,"center_lat":24.97296,"center_lng":55.09946,"risk_score":0.6951,"risk_class":"high","flood_exposure":0.4173,"charger_access_deficit":0.9665,"transport_disruption":0.6032},"geometry":{"type":"Polygon","coordinates":[[[55.0944,24.9741],[55.0961,24.9698],[55.1012,24.9687],[55.1045,24.9718],[55.1028,24.9761],[55.0977,24.9772],[55.0944,24.9741]]]}},{"type":"Feature","properties":{"h3_index":"8843a13a0bfffff","h3_resolution":8,"center_lat":24.975,"center_lng":55.10787,"risk_score":0.7606,"risk_class":"high","flood_exposure":0.475,"charger_access_deficit":0.9511,"transport_disruption":0.6714},"geometry":{"type":"Polygon","coordinates":[[[55.1028,24.9761],[55.1045,24.9718],[55.1096,24.9707],[55.113,24.9739],[55.1112,24.9782],[55.1061,24.9793],[55.1028,24.9761]]]}},{"type":"Feature","properties":{"h3_index":"8843a13a0dfffff","h3_resolution":8,"center_lat":24.96553,"center_lng":55.09791,"risk_score":0.7069,"risk_class":"high","flood_exposure":0.3882,"charger_access_deficit":0.985,"transport_disruption":0.6199},"geometry":{"type":"Polygon","coordinates":[[[55.0928,24.9666],[55.0946,24.9624],[55.0997,24.9613],[55.103,24.9644],[55.1012,24.9687],[55.0961,24.9698],[55.0928,24.9666]]]}},{"type":"Feature","properties":{"h3_index":"8843a13a11fffff","h3_resolution":8,"center_lat":24.97907,"center_lng":55.12469,"risk_score":0.8524,"risk_class":"high","flood_exposure":0.5888,"charger_access_deficit":0.9161,"transport_disruption":0.7704},"geometry":{"type":"Polygon","coordinates":[[[55.1196,24.9802],[55.1214,24.9759],[55.1265,24.9748],[55.1298,24.978],[55.128,24.9822],[55.1229,24.9833],[55.1196,24.9802]]]}},{"type":"Feature","properties":{"h3_index":"8843a13a13fffff","h3_resolution":8,"center_lat":24.98111,"center_lng":55.1331,"risk_score":0.9215,"risk_class":"high","flood_exposure":0.6442,"charger_access_deficit":0.8993,"transport_disruption":0.7954},"geometry":{"type":"Polygon","coordinates":[[[55.128,24.9822],[55.1298,24.978],[55.1349,24.9768],[55.1382,24.98],[55.1364,24.9843],[55.1313,24.9854],[55.128,24.9822]]]}},{"type":"Feature","properties":{"h3_index":"8843a13a15fffff","h3_resolution":8,"center_lat":24.97164,"center_lng":55.12313,"risk_score":0.868,"risk_class":"high","flood_exposure":0.556,"charger_access_deficit":0.9525,"transport_disruption":0.7805},"geometry":{"type":"Polygon","coordinates":[[[55.118,24.9728],[55.1198,24.9685],[55.1249,24.9674],[55.1282,24.9705],[55.1265,24.9748],[55.1214,24.9759],[55.118,24.9728]]]}},{"type":"Feature","properties":{"h3_index":"8843a13a17fffff","h3_resolution":8,"center_lat":24.97368,"center_lng":55.13154,"risk_score":0.8808,"risk_class":"high","flood_exposure":0.6107,"charger_access_deficit":0.9401,"transport_disruption":0.7996},"geometry":{"type":"Polygon","coordinates":[[[55.1265,24.9748],[55.1282,24.9705],[55.1333,24.9694],[55.1366,24.9726],[55.1349,24.9768],[55.1298,24.978],[55.1265,24.9748]]]}},{"type":"Feature","properties":{"h3_index":"8843a13a19fffff","h3_resolution":8,"center_lat":24.98447,"center_lng":55.11784,"risk_score":0.7963,"risk_class":"high","flood_exposure":0.5595,"charger_access_deficit":0.8906,"transport_disruption":0.7106},"geometry":{"type":"Polygon","coordinates":[[[55.1128,24.9856],[55.1145,24.9813],[55.1196,24.9802],[55.1229,24.9833],[55.1212,24.9876],[55.1161,24.9887],[55.1128,24.9856]]]}},{"type":"Feature","properties":{"h3_index":"8843a13a1bfffff","h3_resolution":8,"center_lat":24.9865,"center_lng":55.12625,"risk_score":0.813,"risk_class":"high","flood_exposure":0.6162,"charger_access_deficit":0.868,"transport_disruption":0.7573},"geometry":{"type":"Polygon","coordinates":[[[55.1212,24.9876],[55.1229,24.9833],[55.128,24.9822],[55.1313,24.9854],[55.1296,24.9897],[55.1245,24.9908],[55.1212,24.9876]]]}},{"type":"Feature","properties":{"h3_index":"8843a13a1dfffff","h3_resolution":8,"center_lat":24.97703,"center_lng":55.11628,"risk_score":0.8072,"risk_class":"high","flood_exposure":0.5323,"charger_access_deficit":0.9339,"transport_disruption":0.7281},"geometry":{"type":"Polygon","coordinates":[[[55.1112,24.9782],[55.113,24.9739],[55.118,24.9728],[55.1214,24.9759],[55.1196,24.9802],[55.1145,24.9813],[55.1112,24.9782]]]}},{"type":"Feature","properties":{"h3_index":"8843a13a21fffff","h3_resolution":8,"center_lat":24.94731,"center_lng":55.11005,"risk_score":0.7625,"risk_class":"high","flood_exposure":0.4045,"charger_access_deficit":0.9985,"transport_disruption":0.7453},"geometry":{"type":"Polygon","coordinates":[[[55.105,24.9484],[55.1067,24.9442],[55.1118,24.943],[55.1151,24.9462],[55.1134,24.9505],[55.1083,24.9516],[55.105,24.9484]]]}},{"type":"Feature","properties":{"h3_index":"8843a13a23fffff","h3_resolution":8,"center_lat":24.94935,"center_lng":55.11846,"risk_score":0.8037,"risk_class":"high","flood_exposure":0.447,"charger_access_deficit":0.9972,"transport_disruption":0.7739},"geometry":{"type":"Polygon","coordinates":[[[55.1134,24.9505],[55.1151,24.9462],[55.1202,24.9451],[55.1235,24.9482],[55.1218,24.9525],[55.1167,24.9536],[55.1134,24.9505]]]}},{"type":"Feature","properties":{"h3_index":"8843a13a25fffff","h3_resolution":8,"center_lat":24.93988,"center_lng":55.10849,"risk_score":0.7488,"risk_class":"high","flood_exposure":0.3853,"charger_access_deficit":0.9999,"transport_disruption":0.7374},"geometry":{"type":"Polygon","coordinates":[[[55.1034,24.941],[55.1052,24.9367],[55.1103,24.9356],[55.1136,24.9388],[55.1118,24.943],[55.1067,24.9442],[55.1034,24.941]]]}},{"type":"Feature","properties":{"h3_index":"8843a13a27fffff","h3_resolution":8,"center_lat":24.94192,"center_lng":55.1169,"risk_score":0.7889,"risk_class":"high","flood_exposure":0.4258,"charger_access_deficit":0.9995,"transport_disruption":0.765},"geometry":{"type":"Polygon","coordinates":[[[55.1118,24.943],[55.1136,24.9388],[55.1187,24.9376],[55.122,24.9408],[55.1202,24.9451],[55.1151,24.9462],[55.1118,24.943]]]}},{"type":"Feature","properties":{"h3_index":"8843a13a29fffff","h3_resolution":8,"center_lat":24.95271,"center_lng":55.1032,"risk_score":0.7256,"risk_class":"high","flood_exposure":0.3813,"charger_access_deficit":0.997,"transport_disruption":0.6993},"geometry":{"type":"Polygon","coordinates":[[[55.0981,24.9538],[55.0999,24.9496],[55.105,24.9484],[55.1083,24.9516],[55.1065,24.9559],[55.1014,24.957],[55.0981,24.9538]]]}},{"type":"Feature","properties":{"h3_index":"8843a13a2bfffff","h3_resolution":8,"center_lat":24.95474,"center_lng":55.11161,"risk_score":0.8104,"risk_class":"high","flood_exposure":0.4317,"charger_access_deficit":0.9943,"transport_disruption":0.7503},"geometry":{"type":"Polygon","coordinates":[[[55.1065,24.9559],[55.1083,24.9516],[55.1134,24.9505],[55.1167,24.9536],[55.1149,24.9579],[55.1098,24.959],[55.1065,24.9559]]]}},{"type":"Feature","properties":{"h3_index":"8843a13a2dfffff","h3_resolution":8,"center_lat":24.94528,"center_lng":55.10164,"risk_score":0.7372,"risk_class":"high","flood_exposure":0.3627,"charger_access_deficit":0.9995,"transport_disruption":0.6971},"geometry":{"type":"Polygon","coordinates":[[[55.0966,24.9464],[55.0983,24.9421],[55.1034,24.941],[55.1067,24.9442],[55.105,24.9484],[55.0999,24.9496],[55.0966,24.9464]]]}},{"type":"Feature","properties":{"h3_index":"8843a13a31fffff","h3_resolution":8,"center_lat":24.95881,"center_lng":55.12842,"risk_score":0.861,"risk_class":"high","flood_exposure":0.5325,"charger_access_deficit":0.9861,"transport_disruption":0.7919},"geometry":{"type":"Polygon","coordinates":[[[55.1233,24.9599],[55.1251,24.9557],[55.1302,24.9545],[55.1335,24.9577],[55.1317,24.962],[55.1267,24.9631],[55.1233,24.9599]]]}},{"type":"Feature","properties":{"h3_index":"8843a13a33fffff","h3_resolution":8,"center_lat":24.96085,"center_lng":55.13683,"risk_score":0.9228,"risk_class":"high","flood_exposure":0.581,"charger_access_deficit":0.9813,"transport_disruption":0.779},"geometry":{"type":"Polygon","coordinates":[[[55.1317,24.962],[55.1335,24.9577],[55.1386,24.9566],[55.1419,24.9597],[55.1402,24.964],[55.1351,24.9651],[55.1317,24.962]]]}},{"type":"Feature","properties":{"h3_index":"8843a13a35fffff","h3_resolution":8,"center_lat":24.95138,"center_lng":55.12686,"risk_score":0.8256,"risk_class":"high","flood_exposure":0.4931,"charger_access_deficit":0.9952,"transport_disruption":0.7792},"geometry":{"type":"Polygon","coordinates":[[[55.1218,24.9525],[55.1235,24.9482],[55.1286,24.9471],[55.1319,24.9503],[55.1302,24.9545],[55.1251,24.9557],[55.1218,24.9525]]]}},{"type":"Feature","properties":{"h3_index":"8843a13a37fffff","h3_resolution":8,"center_lat":24.95342,"center_lng":55.13527,"risk_score":0.8636,"risk_class":"high","flood_exposure":0.5387,"charger_access_deficit":0.9928,"transport_disruption":0.7629},"geometry":{"type":"Polygon","coordinates":[[[55.1302,24.9545],[55.1319,24.9503],[55.137,24.9491],[55.1404,24.9523],[55.1386,24.9566],[55.1335,24.9577],[55.1302,24.9545]]]}},{"type":"Feature","properties":{"h3_index":"8843a13a39fffff","h3_resolution":8,"center_lat":24.96421,"center_lng":55.12157,"risk_score":0.8787,"risk_class":"high","flood_exposure":0.5194,"charger_access_deficit":0.9767,"transport_disruption":0.7843},"geometry":{"type":"Polygon","coordinates":[[[55.1165,24.9653],[55.1183,24.9611],[55.1233,24.9599],[55.1267,24.9631],[55.1249,24.9674],[55.1198,24.9685],[55.1165,24.9653]]]}},{"type":"Feature","properties":{"h3_index":"8843a13a3bfffff","h3_resolution":8,"center_lat":24.96624,"center_lng":55.12998,"risk_score":0.8671,"risk_class":"high","flood_exposure":0.5723,"charger_access_deficit":0.9686,"transport_disruption":0.7985},"geometry":{"type":"Polygon","coordinates":[[[55.1249,24.9674],[55.1267,24.9631],[55.1317,24.962],[55.1351,24.9651],[55.1333,24.9694],[55.1282,24.9705],[55.1249,24.9674]]]}},{"type":"Feature","properties":{"h3_index":"8843a13a3dfffff","h3_resolution":8,"center_lat":24.95678,"center_lng":55.12001,"risk_score":0.8459,"risk_class":"high","flood_exposure":0.4825,"charger_access_deficit":0.9906,"transport_disruption":0.7822},"geometry":{"type":"Polygon","coordinates":[[[55.1149,24.9579],[55.1167,24.9536],[55.1218,24.9525],[55.1251,24.9557],[55.1233,24.9599],[55.1183,24.9611],[55.1149,24.9579]]]}},{"type":"Feature","properties":{"h3_index":"8843a13a41fffff","h3_resolution":8,"center_lat":24.97631,"center_lng":55.0842,"risk_score":0.5576,"risk_class":"moderate","flood_exposure":0.3276,"charger_access_deficit":0.9731,"transport_disruption":0.4309},"geometry":{"type":"Polygon","coordinates":[[[55.0791,24.9774],[55.0809,24.9732],[55.086,24.972],[55.0893,24.9752],[55.0875,24.9795],[55.0824,24.9806],[55.0791,24.9774]]]}},{"type":"Feature","properties":{"h3_index":"8843a13a43fffff","h3_resolution":8,"center_lat":24.97835,"center_lng":55.09261,"risk_score":0.6362,"risk_class":"moderate","flood_exposure":0.386,"charger_access_deficit":0.9568,"transport_disruption":0.5087},"geometry":{"type":"Polygon","coordinates":[[[55.0875,24.9795],[55.0893,24.9752],[55.0944,24.9741],[55.0977,24.9772],[55.0959,24.9815],[55.0908,24.9826],[55.0875,24.9795]]]}},{"type":"Feature","properties":{"h3_index":"8843a13a45fffff","h3_resolution":8,"center_lat":24.96888,"center_lng":55.08265,"risk_score":0.5692,"risk_class":"moderate","flood_exposure":0.3026,"charger_access_deficit":0.9884,"transport_disruption":0.4458},"geometry":{"type":"Polygon","coordinates":[[[55.0776,24.97],[55.0793,24.9657],[55.0844,24.9646],[55.0877,24.9678],[55.086,24.972],[55.0809,24.9732],[55.0776,24.97]]]}},{"type":"Feature","properties":{"h3_index":"8843a13a47fffff","h3_resolution":8,"center_lat":24.97092,"center_lng":55.09105,"risk_score":0.6632,"risk_class":"high","flood_exposure":0.3597,"charger_access_deficit":0.9791,"transport_disruption":0.5269},"geometry":{"type":"Polygon","coordinates":[[[55.086,24.972],[55.0877,24.9678],[55.0928,24.9666],[55.0961,24.9698],[55.0944,24.9741],[55.0893,24.9752],[55.086,24.972]]]}},{"type":"Feature","properties":{"h3_index":"8843a13a49fffff","h3_resolution":8,"center_lat":24.98171,"center_lng":55.07735,"risk_score":0.5,"risk_class":"moderate","flood_exposure":0.292,"charger_access_deficit":0.9677,"transport_disruption":0.3441},"geometry":{"type":"Polygon","coordinates":[[[55.0723,24.9828],[55.074,24.9785],[55.0791,24.9774],[55.0824,24.9806],[55.0807,24.9849],[55.0756,24.986],[55.0723,24.9828]]]}},{"type":"Feature","properties":{"h3_index":"8843a13a4bfffff","h3_resolution":8,"center_lat":24.98375,"center_lng":55.08576,"risk_score":0.5694,"risk_class":"moderate","flood_exposure":0.3504,"charger_access_deficit":0.9478,"transport_disruption":0.4177},"geometry":{"type":"Polygon","coordinates":[[[55.0807,24.9849],[55.0824,24.9806],[55.0875,24.9795],[55.0908,24.9826],[55.0891,24.9869],[55.084,24.988],[55.0807,24.9849]]]}},{"type":"Feature","properties":{"h3_index":"8843a13a4dfffff","h3_resolution":8,"center_lat":24.97427,"center_lng":55.07579,"risk_score":0.5173,"risk_class":"moderate","flood_exposure":0.2695,"charger_access_deficit":0.985,"transport_disruption":0.3524},"geometry":{"type":"Polygon","coordinates":[[[55.0707,24.9754],[55.0725,24.9711],[55.0776,24.97],[55.0809,24.9732],[55.0791,24.9774],[55.074,24.9785],[55.0707,24.9754]]]}},{"type":"Feature","properties":{"h3_index":"8843a13a51fffff","h3_resolution":8,"center_lat":24.98782,"center_lng":55.10258,"risk_score":0.6759,"risk_class":"high","flood_exposure":0.4665,"charger_access_deficit":0.8949,"transport_disruption":0.5645},"geometry":{"type":"Polygon","coordinates":[[[55.0975,24.9889],[55.0993,24.9847],[55.1043,24.9835],[55.1077,24.9867],[55.1059,24.991],[55.1008,24.9921],[55.0975,24.9889]]]}},{"type":"Feature","properties":{"h3_index":"8843a13a53fffff","h3_resolution":8,"center_lat":24.98986,"center_lng":55.11099,"risk_score":0.7183,"risk_class":"high","flood_exposure":0.524,"charger_access_deficit":0.8655,"transport_disruption":0.6331},"geometry":{"type":"Polygon","coordinates":[[[55.1059,24.991],[55.1077,24.9867],[55.1128,24.9856],[55.1161,24.9887],[55.1143,24.993],[55.1092,24.9941],[55.1059,24.991]]]}},{"type":"Feature","properties":{"h3_index":"8843a13a55fffff","h3_resolution":8,"center_lat":24.98039,"center_lng":55.10102,"risk_score":0.6965,"risk_class":"high","flood_exposure":0.4442,"charger_access_deficit":0.9368,"transport_disruption":0.583},"geometry":{"type":"Polygon","coordinates":[[[55.0959,24.9815],[55.0977,24.9772],[55.1028,24.9761],[55.1061,24.9793],[55.1043,24.9835],[55.0993,24.9847],[55.0959,24.9815]]]}},{"type":"Feature","properties":{"h3_index":"8843a13a57fffff","h3_resolution":8,"center_lat":24.98243,"center_lng":55.10943,"risk_score":0.7535,"risk_class":"high","flood_exposure":0.5021,"charger_access_deficit":0.9141,"transport_disruption":0.6513},"geometry":{"type":"Polygon","coordinates":[[[55.1043,24.9835],[55.1061,24.9793],[55.1112,24.9782],[55.1145,24.9813],[55.1128,24.9856],[55.1077,24.9867],[55.1043,24.9835]]]}},{"type":"Feature","properties":{"h3_index":"8843a13a59fffff","h3_resolution":8,"center_lat":24.99322,"center_lng":55.09572,"risk_score":0.6183,"risk_class":"moderate","flood_exposure":0.4265,"charger_access_deficit":0.8777,"transport_disruption":0.4822},"geometry":{"type":"Polygon","coordinates":[[[55.0906,24.9943],[55.0924,24.9901],[55.0975,24.9889],[55.1008,24.9921],[55.099,24.9964],[55.094,24.9975],[55.0906,24.9943]]]}},{"type":"Feature","properties":{"h3_index":"8843a13a5bfffff","h3_resolution":8,"center_lat":24.99526,"center_lng":55.10413,"risk_score":0.6402,"risk_class":"moderate","flood_exposure":0.4836,"charger_access_deficit":0.8425,"transport_disruption":0.5531},"geometry":{"type":"Polygon","coordinates":[[[55.099,24.9964],[55.1008,24.9921],[55.1059,24.991],[55.1092,24.9941],[55.1075,24.9984],[55.1024,24.9995],[55.099,24.9964]]]}},{"type":"Feature","properties":{"h3_index":"8843a13a5dfffff","h3_resolution":8,"center_lat":24.98578,"center_lng":55.09417,"risk_score":0.62,"risk_class":"moderate","flood_exposure":0.4086,"charger_access_deficit":0.923,"transport_disruption":0.4918},"geometry":{"type":"Polygon","coordinates":[[[55.0891,24.9869],[55.0908,24.9826],[55.0959,24.9815],[55.0993,24.9847],[55.0975,24.9889],[55.0924,24.9901],[55.0891,24.9869]]]}},{"type":"Feature","properties":{"h3_index":"8843a13a61fffff","h3_resolution":8,"center_lat":24.95606,"center_lng":55.08794,"risk_score":0.624,"risk_class":"moderate","flood_exposure":0.3053,"charger_access_deficit":0.9976,"transport_disruption":0.5498},"geometry":{"type":"Polygon","coordinates":[[[55.0829,24.9572],[55.0846,24.9529],[55.0897,24.9518],[55.093,24.9549],[55.0913,24.9592],[55.0862,24.9603],[55.0829,24.9572]]]}},{"type":"Feature","properties":{"h3_index":"8843a13a63fffff","h3_resolution":8,"center_lat":24.9581,"center_lng":55.09635,"risk_score":0.6858,"risk_class":"high","flood_exposure":0.3585,"charger_access_deficit":0.9947,"transport_disruption":0.6293},"geometry":{"type":"Polygon","coordinates":[[[55.0913,24.9592],[55.093,24.9549],[55.0981,24.9538],[55.1014,24.957],[55.0997,24.9613],[55.0946,24.9624],[55.0913,24.9592]]]}},{"type":"Feature","properties":{"h3_index":"8843a13a65fffff","h3_resolution":8,"center_lat":24.94863,"center_lng":55.08639,"risk_score":0.6071,"risk_class":"moderate","flood_exposure":0.2891,"charger_access_deficit":0.9996,"transport_disruption":0.5527},"geometry":{"type":"Polygon","coordinates":[[[55.0813,24.9497],[55.0831,24.9455],[55.0882,24.9444],[55.0915,24.9475],[55.0897,24.9518],[55.0846,24.9529],[55.0813,24.9497]]]}},{"type":"Feature","properties":{"h3_index":"8843a13a67fffff","h3_resolution":8,"center_lat":24.95067,"center_lng":55.0948,"risk_score":0.6734,"risk_class":"high","flood_exposure":0.3347,"charger_access_deficit":0.9987,"transport_disruption":0.6318},"geometry":{"type":"Polygon","coordinates":[[[55.0897,24.9518],[55.0915,24.9475],[55.0966,24.9464],[55.0999,24.9496],[55.0981,24.9538],[55.093,24.9549],[55.0897,24.9518]]]}},{"type":"Feature","properties":{"h3_index":"8843a13a69fffff","h3_resolution":8,"center_lat":24.96145,"center_lng":55.08109,"risk_score":0.5519,"risk_class":"moderate","flood_exposure":0.2768,"charger_access_deficit":0.9962,"transport_disruption":0.4571},"geometry":{"type":"Polygon","coordinates":[[[55.076,24.9626],[55.0778,24.9583],[55.0829,24.9572],[55.0862,24.9603],[55.0844,24.9646],[55.0793,24.9657],[55.076,24.9626]]]}},{"type":"Feature","properties":{"h3_index":"8843a13a6bfffff","h3_resolution":8,"center_lat":24.96349,"center_lng":55.0895,"risk_score":0.6221,"risk_class":"moderate","flood_exposure":0.3324,"charger_access_deficit":0.9917,"transport_disruption":0.5418},"geometry":{"type":"Polygon","coordinates":[[[55.0844,24.9646],[55.0862,24.9603],[55.0913,24.9592],[55.0946,24.9624],[55.0928,24.9666],[55.0877,24.9678],[55.0844,24.9646]]]}},{"type":"Feature","properties":{"h3_index":"8843a13a6dfffff","h3_resolution":8,"center_lat":24.95402,"center_lng":55.07954,"risk_score":0.5563,"risk_class":"moderate","flood_exposure":0.2562,"charger_access_deficit":0.9992,"transport_disruption":0.4633},"geometry":{"type":"Polygon","coordinates":[[[55.0745,24.9551],[55.0762,24.9509],[55.0813,24.9497],[55.0846,24.9529],[55.0829,24.9572],[55.0778,24.9583],[55.0745,24.9551]]]}},{"type":"Feature","properties":{"h3_index":"8843a13a81fffff","h3_resolution":8,"center_lat":24.98182,"center_lng":55.1652,"risk_score":0.9711,"risk_class":"high","flood_exposure":0.7955,"charger_access_deficit":0.9081,"transport_disruption":0.6899},"geometry":{"type":"Polygon","coordinates":[[[55.1601,24.9829],[55.1619,24.9787],[55.167,24.9775],[55.1703,24.9807],[55.1685,24.985],[55.1634,24.9861],[55.1601,24.9829]]]}},{"type":"Feature","properties":{"h3_index":"8843a13a83fffff","h3_resolution":8,"center_lat":24.98385,"center_lng":55.17361,"risk_score":0.9979,"risk_class":"high","flood_exposure":0.8214,"charger_access_deficit":0.9079,"transport_disruption":0.6274},"geometry":{"type":"Polygon","coordinates":[[[55.1685,24.985],[55.1703,24.9807],[55.1754,24.9796],[55.1787,24.9827],[55.1769,24.987],[55.1719,24.9881],[55.1685,24.985]]]}},{"type":"Feature","properties":{"h3_index":"8843a13a85fffff","h3_resolution":8,"center_lat":24.97439,"center_lng":55.16363,"risk_score":0.9732,"risk_class":"high","flood_exposure":0.7557,"charger_access_deficit":0.944,"transport_disruption":0.6648},"geometry":{"type":"Polygon","coordinates":[[[55.1585,24.9755],[55.1603,24.9712],[55.1654,24.9701],[55.1687,24.9733],[55.167,24.9775],[55.1619,24.9787],[55.1585,24.9755]]]}},{"type":"Feature","properties":{"h3_index":"8843a13a87fffff","h3_resolution":8,"center_lat":24.97642,"center_lng":55.17205,"risk_score":0.9486,"risk_class":"high","flood_exposure":0.7847,"charger_access_deficit":0.9427,"transport_disruption":0.5989},"geometry":{"type":"Polygon","coordinates":[[[55.167,24.9775],[55.1687,24.9733],[55.1738,24.9721],[55.1771,24.9753],[55.1754,24.9796],[55.1703,24.9807],[55.167,24.9775]]]}},{"type":"Feature","properties":{"h3_index":"8843a13a89fffff","h3_resolution":8,"center_lat":24.98722,"center_lng":55.15834,"risk_score":0.9854,"risk_class":"high","flood_exposure":0.7917,"charger_access_deficit":0.8661,"transport_disruption":0.7588},"geometry":{"type":"Polygon","coordinates":[[[55.1533,24.9883],[55.155,24.9841],[55.1601,24.9829],[55.1634,24.9861],[55.1617,24.9904],[55.1566,24.9915],[55.1533,24.9883]]]}},{"type":"Feature","properties":{"h3_index":"8843a13a8bfffff","h3_resolution":8,"center_lat":24.98925,"center_lng":55.16676,"risk_score":0.9905,"risk_class":"high","flood_exposure":0.8259,"charger_access_deficit":0.8632,"transport_disruption":0.713},"geometry":{"type":"Polygon","coordinates":[[[55.1617,24.9904],[55.1634,24.9861],[55.1685,24.985],[55.1719,24.9881],[55.1701,24.9924],[55.165,24.9935],[55.1617,24.9904]]]}},{"type":"Feature","properties":{"h3_index":"8843a13a8dfffff","h3_resolution":8,"center_lat":24.97978,"center_lng":55.15678,"risk_score":0.9905,"risk_class":"high","flood_exposure":0.7585,"charger_access_deficit":0.9119,"transport_disruption":0.7412},"geometry":{"type":"Polygon","coordinates":[[[55.1517,24.9809],[55.1535,24.9766],[55.1585,24.9755],[55.1619,24.9787],[55.1601,24.9829],[55.155,24.9841],[55.1517,24.9809]]]}},{"type":"Feature","properties":{"h3_index":"8843a13a91fffff","h3_resolution":8,"center_lat":24.99332,"center_lng":55.1836,"risk_score":0.9821,"risk_class":"high","flood_exposure":0.8528,"charger_access_deficit":0.8713,"transport_disruption":0.5874},"geometry":{"type":"Polygon","coordinates":[[[55.1785,24.9944],[55.1803,24.9902],[55.1854,24.989],[55.1887,24.9922],[55.1869,24.9965],[55.1818,24.9976],[55.1785,24.9944]]]}},{"type":"Feature","properties":{"h3_index":"8843a13a93fffff","h3_resolution":8,"center_lat":24.99536,"center_lng":55.19201,"risk_score":0.9319,"risk_class":"high","flood_exposure":0.8419,"charger_access_deficit":0.8816,"transport_disruption":0.5142},"geometry":{"type":"Polygon","coordinates":[[[55.1869,24.9965],[55.1887,24.9922],[55.1938,24.9911],[55.1971,24.9942],[55.1953,24.9985],[55.1903,24.9996],[55.1869,24.9965]]]}},{"type":"Feature","properties":{"h3_index":"8843a13a95fffff","h3_resolution":8,"center_lat":24.98589,"center_lng":55.18203,"risk_score":0.9566,"risk_class":"high","flood_exposure":0.8333,"charger_access_deficit":0.9111,"transport_disruption":0.5571},"geometry":{"type":"Polygon","coordinates":[[[55.1769,24.987],[55.1787,24.9827],[55.1838,24.9816],[55.1871,24.9848],[55.1854,24.989],[55.1803,24.9902],[55.1769,24.987]]]}},{"type":"Feature","properties":{"h3_index":"8843a13a97fffff","h3_resolution":8,"center_lat":24.98792,"center_lng":55.19045,"risk_score":0.9313,"risk_class":"high","flood_exposure":0.8298,"charger_access_deficit":0.9176,"transport_disruption":0.4827},"geometry":{"type":"Polygon","coordinates":[[[55.1854,24.989],[55.1871,24.9848],[55.1922,24.9836],[55.1955,24.9868],[55.1938,24.9911],[55.1887,24.9922],[55.1854,24.989]]]}},{"type":"Feature","properties":{"h3_index":"8843a13a99fffff","h3_resolution":8,"center_lat":24.99872,"center_lng":55.17674,"risk_score":0.9563,"risk_class":"high","flood_exposure":0.8589,"charger_access_deficit":0.8164,"transport_disruption":0.6805},"geometry":{"type":"Polygon","coordinates":[[[55.1717,24.9998],[55.1734,24.9956],[55.1785,24.9944],[55.1818,24.9976],[55.1801,25.0019],[55.175,25.003],[55.1717,24.9998]]]}},{"type":"Feature","properties":{"h3_index":"8843a13a9bfffff","h3_resolution":8,"center_lat":25.00076,"center_lng":55.18516,"risk_score":0.9405,"risk_class":"high","flood_exposure":0.8572,"charger_access_deficit":0.8265,"transport_disruption":0.6166},"geometry":{"type":"Polygon","coordinates":[[[55.1801,25.0019],[55.1818,24.9976],[55.1869,24.9965],[55.1903,24.9996],[55.1885,25.0039],[55.1834,25.005],[55.1801,25.0019]]]}},{"type":"Feature","properties":{"h3_index":"8843a13a9dfffff","h3_resolution":8,"center_lat":24.99129,"center_lng":55.17518,"risk_score":0.9873,"risk_class":"high","flood_exposure":0.8471,"charger_access_deficit":0.865,"transport_disruption":0.6548},"geometry":{"type":"Polygon","coordinates":[[[55.1701,24.9924],[55.1719,24.9881],[55.1769,24.987],[55.1803,24.9902],[55.1785,24.9944],[55.1734,24.9956],[55.1701,24.9924]]]}},{"type":"Feature","properties":{"h3_index":"8843a13aa1fffff","h3_resolution":8,"center_lat":24.96156,"center_lng":55.16892,"risk_score":0.9053,"risk_class":"high","flood_exposure":0.6939,"charger_access_deficit":0.9846,"transport_disruption":0.5464},"geometry":{"type":"Polygon","coordinates":[[[55.1638,24.9627],[55.1656,24.9584],[55.1707,24.9573],[55.174,24.9604],[55.1722,24.9647],[55.1672,24.9658],[55.1638,24.9627]]]}},{"type":"Feature","properties":{"h3_index":"8843a13aa3fffff","h3_resolution":8,"center_lat":24.96359,"center_lng":55.17733,"risk_score":0.8893,"risk_class":"high","flood_exposure":0.7184,"charger_access_deficit":0.9842,"transport_disruption":0.4741},"geometry":{"type":"Polygon","coordinates":[[[55.1722,24.9647],[55.174,24.9604],[55.1791,24.9593],[55.1824,24.9625],[55.1807,24.9667],[55.1756,24.9679],[55.1722,24.9647]]]}},{"type":"Feature","properties":{"h3_index":"8843a13aa5fffff","h3_resolution":8,"center_lat":24.95413,"center_lng":55.16735,"risk_score":0.8568,"risk_class":"high","flood_exposure":0.6463,"charger_access_deficit":0.9941,"transport_disruption":0.5247},"geometry":{"type":"Polygon","coordinates":[[[55.1623,24.9552],[55.164,24.951],[55.1691,24.9499],[55.1724,24.953],[55.1707,24.9573],[55.1656,24.9584],[55.1623,24.9552]]]}},{"type":"Feature","properties":{"h3_index":"8843a13aa7fffff","h3_resolution":8,"center_lat":24.95616,"center_lng":55.17576,"risk_score":0.8644,"risk_class":"high","flood_exposure":0.6727,"charger_access_deficit":0.9937,"transport_disruption":0.4532},"geometry":{"type":"Polygon","coordinates":[[[55.1707,24.9573],[55.1724,24.953],[55.1775,24.9519],[55.1809,24.955],[55.1791,24.9593],[55.174,24.9604],[55.1707,24.9573]]]}},{"type":"Feature","properties":{"h3_index":"8843a13aa9fffff","h3_resolution":8,"center_lat":24.96695,"center_lng":55.16207,"risk_score":0.9359,"risk_class":"high","flood_exposure":0.7101,"charger_access_deficit":0.9696,"transport_disruption":0.6394},"geometry":{"type":"Polygon","coordinates":[[[55.157,24.9681],[55.1587,24.9638],[55.1638,24.9627],[55.1672,24.9658],[55.1654,24.9701],[55.1603,24.9712],[55.157,24.9681]]]}},{"type":"Feature","properties":{"h3_index":"8843a13aabfffff","h3_resolution":8,"center_lat":24.96899,"center_lng":55.17048,"risk_score":0.9253,"risk_class":"high","flood_exposure":0.7412,"charger_access_deficit":0.9681,"transport_disruption":0.5715},"geometry":{"type":"Polygon","coordinates":[[[55.1654,24.9701],[55.1672,24.9658],[55.1722,24.9647],[55.1756,24.9679],[55.1738,24.9721],[55.1687,24.9733],[55.1654,24.9701]]]}},{"type":"Feature","properties":{"h3_index":"8843a13aadfffff","h3_resolution":8,"center_lat":24.95952,"center_lng":55.1605,"risk_score":0.9055,"risk_class":"high","flood_exposure":0.6617,"charger_access_deficit":0.9859,"transport_disruption":0.6149},"geometry":{"type":"Polygon","coordinates":[[[55.1554,24.9606],[55.1572,24.9564],[55.1623,24.9552],[55.1656,24.9584],[55.1638,24.9627],[55.1587,24.9638],[55.1554,24.9606]]]}},{"type":"Feature","properties":{"h3_index":"8843a13ab1fffff","h3_resolution":8,"center_lat":24.97306,"center_lng":55.18731,"risk_score":0.9041,"risk_class":"high","flood_exposure":0.7715,"charger_access_deficit":0.9696,"transport_disruption":0.4242},"geometry":{"type":"Polygon","coordinates":[[[55.1822,24.9742],[55.184,24.9699],[55.1891,24.9688],[55.1924,24.9719],[55.1906,24.9762],[55.1856,24.9773],[55.1822,24.9742]]]}},{"type":"Feature","properties":{"h3_index":"8843a13ab3fffff","h3_resolution":8,"center_lat":24.97509,"center_lng":55.19573,"risk_score":0.8652,"risk_class":"high","flood_exposure":0.7688,"charger_access_deficit":0.9725,"transport_disruption":0.3514},"geometry":{"type":"Polygon","coordinates":[[[55.1906,24.9762],[55.1924,24.9719],[55.1975,24.9708],[55.2008,24.974],[55.1991,24.9782],[55.194,24.9794],[55.1906,24.9762]]]}},{"type":"Feature","properties":{"h3_index":"8843a13ab5fffff","h3_resolution":8,"center_lat":24.96562,"center_lng":55.18574,"risk_score":0.8908,"risk_class":"high","flood_exposure":0.7329,"charger_access_deficit":0.9847,"transport_disruption":0.4006},"geometry":{"type":"Polygon","coordinates":[[[55.1807,24.9667],[55.1824,24.9625],[55.1875,24.9613],[55.1908,24.9645],[55.1891,24.9688],[55.184,24.9699],[55.1807,24.9667]]]}},{"type":"Feature","properties":{"h3_index":"8843a13ab7fffff","h3_resolution":8,"center_lat":24.96766,"center_lng":55.19416,"risk_score":0.8671,"risk_class":"high","flood_exposure":0.7363,"charger_access_deficit":0.986,"transport_disruption":0.3286},"geometry":{"type":"Polygon","coordinates":[[[55.1891,24.9688],[55.1908,24.9645],[55.1959,24.9634],[55.1992,24.9665],[55.1975,24.9708],[55.1924,24.9719],[55.1891,24.9688]]]}},{"type":"Feature","properties":{"h3_index":"8843a13ab9fffff","h3_resolution":8,"center_lat":24.97846,"center_lng":55.18046,"risk_score":0.9532,"risk_class":"high","flood_exposure":0.8018,"charger_access_deficit":0.9438,"transport_disruption":0.5269},"geometry":{"type":"Polygon","coordinates":[[[55.1754,24.9796],[55.1771,24.9753],[55.1822,24.9742],[55.1856,24.9773],[55.1838,24.9816],[55.1787,24.9827],[55.1754,24.9796]]]}},{"type":"Feature","properties":{"h3_index":"8843a13abbfffff","h3_resolution":8,"center_lat":24.98049,"center_lng":55.18888,"risk_score":0.931,"risk_class":"high","flood_exposure":0.8052,"charger_access_deficit":0.9473,"transport_disruption":0.4522},"geometry":{"type":"Polygon","coordinates":[[[55.1838,24.9816],[55.1856,24.9773],[55.1906,24.9762],[55.194,24.9794],[55.1922,24.9836],[55.1871,24.9848],[55.1838,24.9816]]]}},{"type":"Feature","properties":{"h3_index":"8843a13abdfffff","h3_resolution":8,"center_lat":24.97102,"center_lng":55.1789,"risk_score":0.9351,"risk_class":"high","flood_exposure":0.7621,"charger_access_deficit":0.9681,"transport_disruption":0.4985},"geometry":{"type":"Polygon","coordinates":[[[55.1738,24.9721],[55.1756,24.9679],[55.1807,24.9667],[55.184,24.9699],[55.1822,24.9742],[55.1771,24.9753],[55.1738,24.9721]]]}},{"type":"Feature","properties":{"h3_index":"8843a13ac1fffff","h3_resolution":8,"center_lat":24.99058,"center_lng":55.14308,"risk_score":0.9235,"risk_class":"high","flood_exposure":0.7248,"charger_access_deficit":0.8312,"transport_disruption":0.8025},"geometry":{"type":"Polygon","coordinates":[[[55.138,24.9917],[55.1398,24.9874],[55.1448,24.9863],[55.1482,24.9895],[55.1464,24.9937],[55.1413,24.9949],[55.138,24.9917]]]}},{"type":"Feature","properties":{"h3_index":"8843a13ac3fffff","h3_resolution":8,"center_lat":24.99262,"center_lng":55.15149,"risk_score":0.9631,"risk_class":"high","flood_exposure":0.7734,"charger_access_deficit":0.8192,"transport_disruption":0.7971},"geometry":{"type":"Polygon","coordinates":[[[55.1464,24.9937],[55.1482,24.9895],[55.1533,24.9883],[55.1566,24.9915],[55.1548,24.9958],[55.1497,24.9969],[55.1464,24.9937]]]}},{"type":"Feature","properties":{"h3_index":"8843a13ac5fffff","h3_resolution":8,"center_lat":24.98314,"center_lng":55.14152,"risk_score":0.9616,"risk_class":"high","flood_exposure":0.6978,"charger_access_deficit":0.8848,"transport_disruption":0.8016},"geometry":{"type":"Polygon","coordinates":[[[55.1364,24.9843],[55.1382,24.98],[55.1433,24.9789],[55.1466,24.982],[55.1448,24.9863],[55.1398,24.9874],[55.1364,24.9843]]]}},{"type":"Feature","properties":{"h3_index":"8843a13ac7fffff","h3_resolution":8,"center_lat":24.98518,"center_lng":55.14993,"risk_score":0.9656,"risk_class":"high","flood_exposure":0.7479,"charger_access_deficit":0.8734,"transport_disruption":0.7891},"geometry":{"type":"Polygon","coordinates":[[[55.1448,24.9863],[55.1466,24.982],[55.1517,24.9809],[55.155,24.9841],[55.1533,24.9883],[55.1482,24.9895],[55.1448,24.9863]]]}},{"type":"Feature","properties":{"h3_index":"8843a13ac9fffff","h3_resolution":8,"center_lat":24.99598,"center_lng":55.13623,"risk_score":0.868,"risk_class":"high","flood_exposure":0.6913,"charger_access_deficit":0.7878,"transport_disruption":0.7824},"geometry":{"type":"Polygon","coordinates":[[[55.1311,24.9971],[55.1329,24.9928],[55.138,24.9917],[55.1413,24.9949],[55.1396,24.9991],[55.1345,25.0003],[55.1311,24.9971]]]}},{"type":"Feature","properties":{"h3_index":"8843a13acbfffff","h3_resolution":8,"center_lat":24.99801,"center_lng":55.14464,"risk_score":0.9089,"risk_class":"high","flood_exposure":0.7425,"charger_access_deficit":0.7705,"transport_disruption":0.802},"geometry":{"type":"Polygon","coordinates":[[[55.1396,24.9991],[55.1413,24.9949],[55.1464,24.9937],[55.1497,24.9969],[55.148,25.0012],[55.1429,25.0023],[55.1396,24.9991]]]}},{"type":"Feature","properties":{"h3_index":"8843a13acdfffff","h3_resolution":8,"center_lat":24.98854,"center_lng":55.13466,"risk_score":0.8846,"risk_class":"high","flood_exposure":0.6716,"charger_access_deficit":0.8477,"transport_disruption":0.7888},"geometry":{"type":"Polygon","coordinates":[[[55.1296,24.9897],[55.1313,24.9854],[55.1364,24.9843],[55.1398,24.9874],[55.138,24.9917],[55.1329,24.9928],[55.1296,24.9897]]]}},{"type":"Feature","properties":{"h3_index":"8843a13ad1fffff","h3_resolution":8,"center_lat":25.00209,"center_lng":55.16147,"risk_score":0.9264,"risk_class":"high","flood_exposure":0.8236,"charger_access_deficit":0.7544,"transport_disruption":0.7863},"geometry":{"type":"Polygon","coordinates":[[[55.1564,25.0032],[55.1581,24.9989],[55.1632,24.9978],[55.1666,25.001],[55.1648,25.0052],[55.1597,25.0064],[55.1564,25.0032]]]}},{"type":"Feature","properties":{"h3_index":"8843a13ad3fffff","h3_resolution":8,"center_lat":25.00412,"center_lng":55.16989,"risk_score":0.9603,"risk_class":"high","flood_exposure":0.8469,"charger_access_deficit":0.7562,"transport_disruption":0.7525},"geometry":{"type":"Polygon","coordinates":[[[55.1648,25.0052],[55.1666,25.001],[55.1717,24.9998],[55.175,25.003],[55.1732,25.0073],[55.1681,25.0084],[55.1648,25.0052]]]}},{"type":"Feature","properties":{"h3_index":"8843a13ad5fffff","h3_resolution":8,"center_lat":24.99465,"center_lng":55.15991,"risk_score":0.9469,"risk_class":"high","flood_exposure":0.8142,"charger_access_deficit":0.8126,"transport_disruption":0.7737},"geometry":{"type":"Polygon","coordinates":[[[55.1548,24.9958],[55.1566,24.9915],[55.1617,24.9904],[55.165,24.9935],[55.1632,24.9978],[55.1581,24.9989],[55.1548,24.9958]]]}},{"type":"Feature","properties":{"h3_index":"8843a13ad7fffff","h3_resolution":8,"center_lat":24.99669,"center_lng":55.16833,"risk_score":1.0,"risk_class":"high","flood_exposure":0.8437,"charger_access_deficit":0.8117,"transport_disruption":0.734},"geometry":{"type":"Polygon","coordinates":[[[55.1632,24.9978],[55.165,24.9935],[55.1701,24.9924],[55.1734,24.9956],[55.1717,24.9998],[55.1666,25.001],[55.1632,24.9978]]]}},{"type":"Feature","properties":{"h3_index":"8843a13ad9fffff","h3_resolution":8,"center_lat":25.00749,"center_lng":55.15462,"risk_score":0.8973,"risk_class":"high","flood_exposure":0.7894,"charger_access_deficit":0.6961,"transport_disruption":0.8085},"geometry":{"type":"Polygon","coordinates":[[[55.1495,25.0086],[55.1513,25.0043],[55.1564,25.0032],[55.1597,25.0064],[55.1579,25.0106],[55.1529,25.0118],[55.1495,25.0086]]]}},{"type":"Feature","properties":{"h3_index":"8843a13adbfffff","h3_resolution":8,"center_lat":25.00952,"center_lng":55.16304,"risk_score":0.9047,"risk_class":"high","flood_exposure":0.8189,"charger_access_deficit":0.6938,"transport_disruption":0.7972},"geometry":{"type":"Polygon","coordinates":[[[55.1579,25.0106],[55.1597,25.0064],[55.1648,25.0052],[55.1681,25.0084],[55.1664,25.0127],[55.1613,25.0138],[55.1579,25.0106]]]}},{"type":"Feature","properties":{"h3_index":"8843a13addfffff","h3_resolution":8,"center_lat":25.00005,"center_lng":55.15306,"risk_score":0.9249,"risk_class":"high","flood_exposure":0.7877,"charger_access_deficit":0.7592,"transport_disruption":0.8035},"geometry":{"type":"Polygon","coordinates":[[[55.148,25.0012],[55.1497,24.9969],[55.1548,24.9958],[55.1581,24.9989],[55.1564,25.0032],[55.1513,25.0043],[55.148,25.0012]]]}},{"type":"Feature","properties":{"h3_index":"8843a13ae1fffff","h3_resolution":8,"center_lat":24.97032,"center_lng":55.14681,"risk_score":0.9755,"risk_class":"high","flood_exposure":0.6729,"charger_access_deficit":0.9534,"transport_disruption":0.7645},"geometry":{"type":"Polygon","coordinates":[[[55.1417,24.9714],[55.1435,24.9672],[55.1486,24.966],[55.1519,24.9692],[55.1501,24.9735],[55.145,24.9746],[55.1417,24.9714]]]}},{"type":"Feature","properties":{"h3_index":"8843a13ae3fffff","h3_resolution":8,"center_lat":24.97235,"center_lng":55.15522,"risk_score":0.9521,"risk_class":"high","flood_exposure":0.7175,"charger_access_deficit":0.9477,"transport_disruption":0.7212},"geometry":{"type":"Polygon","coordinates":[[[55.1501,24.9735],[55.1519,24.9692],[55.157,24.9681],[55.1603,24.9712],[55.1585,24.9755],[55.1535,24.9766],[55.1501,24.9735]]]}},{"type":"Feature","properties":{"h3_index":"8843a13ae5fffff","h3_resolution":8,"center_lat":24.96288,"center_lng":55.14524,"risk_score":0.9099,"risk_class":"high","flood_exposure":0.6279,"charger_access_deficit":0.9766,"transport_disruption":0.7468},"geometry":{"type":"Polygon","coordinates":[[[55.1402,24.964],[55.1419,24.9597],[55.147,24.9586],[55.1503,24.9618],[55.1486,24.966],[55.1435,24.9672],[55.1402,24.964]]]}},{"type":"Feature","properties":{"h3_index":"8843a13ae7fffff","h3_resolution":8,"center_lat":24.96492,"center_lng":55.15366,"risk_score":0.93,"risk_class":"high","flood_exposure":0.6715,"charger_access_deficit":0.9726,"transport_disruption":0.699},"geometry":{"type":"Polygon","coordinates":[[[55.1486,24.966],[55.1503,24.9618],[55.1554,24.9606],[55.1587,24.9638],[55.157,24.9681],[55.1519,24.9692],[55.1486,24.966]]]}},{"type":"Feature","properties":{"h3_index":"8843a13ae9fffff","h3_resolution":8,"center_lat":24.97571,"center_lng":55.13995,"risk_score":0.937,"risk_class":"high","flood_exposure":0.6636,"charger_access_deficit":0.9285,"transport_disruption":0.7986},"geometry":{"type":"Polygon","coordinates":[[[55.1349,24.9768],[55.1366,24.9726],[55.1417,24.9714],[55.145,24.9746],[55.1433,24.9789],[55.1382,24.98],[55.1349,24.9768]]]}},{"type":"Feature","properties":{"h3_index":"8843a13aebfffff","h3_resolution":8,"center_lat":24.97775,"center_lng":55.14837,"risk_score":0.9507,"risk_class":"high","flood_exposure":0.7135,"charger_access_deficit":0.9188,"transport_disruption":0.7783},"geometry":{"type":"Polygon","coordinates":[[[55.1433,24.9789],[55.145,24.9746],[55.1501,24.9735],[55.1535,24.9766],[55.1517,24.9809],[55.1466,24.982],[55.1433,24.9789]]]}},{"type":"Feature","properties":{"h3_index":"8843a13aedfffff","h3_resolution":8,"center_lat":24.96828,"center_lng":55.13839,"risk_score":0.9312,"risk_class":"high","flood_exposure":0.624,"charger_access_deficit":0.9606,"transport_disruption":0.7914},"geometry":{"type":"Polygon","coordinates":[[[55.1333,24.9694],[55.1351,24.9651],[55.1402,24.964],[55.1435,24.9672],[55.1417,24.9714],[55.1366,24.9726],[55.1333,24.9694]]]}},{"type":"Feature","properties":{"h3_index":"8843a13b13fffff","h3_resolution":8,"center_lat":24.9291,"center_lng":55.12219,"risk_score":0.7895,"risk_class":"high","flood_exposure":0.4255,"charger_access_deficit":1.0,"transport_disruption":0.7474},"geometry":{"type":"Polygon","coordinates":[[[55.1171,24.9302],[55.1189,24.9259],[55.124,24.9248],[55.1273,24.928],[55.1255,24.9323],[55.1204,24.9334],[55.1171,24.9302]]]}},{"type":"Feature","properties":{"h3_index":"8843a13b19fffff","h3_resolution":8,"center_lat":24.93246,"center_lng":55.10694,"risk_score":0.7309,"risk_class":"high","flood_exposure":0.3716,"charger_access_deficit":1.0,"transport_disruption":0.7356},"geometry":{"type":"Polygon","coordinates":[[[55.1019,24.9336],[55.1036,24.9293],[55.1087,24.9282],[55.112,24.9313],[55.1103,24.9356],[55.1052,24.9367],[55.1019,24.9336]]]}},{"type":"Feature","properties":{"h3_index":"8843a13b1bfffff","h3_resolution":8,"center_lat":24.93449,"center_lng":55.11534,"risk_score":0.7965,"risk_class":"high","flood_exposure":0.4057,"charger_access_deficit":1.0,"transport_disruption":0.752},"geometry":{"type":"Polygon","coordinates":[[[55.1103,24.9356],[55.112,24.9313],[55.1171,24.9302],[55.1204,24.9334],[55.1187,24.9376],[55.1136,24.9388],[55.1103,24.9356]]]}},{"type":"Feature","properties":{"h3_index":"8843a13b51fffff","h3_resolution":8,"center_lat":24.93581,"center_lng":55.09169,"risk_score":0.6328,"risk_class":"moderate","flood_exposure":0.3056,"charger_access_deficit":1.0,"transport_disruption":0.6302},"geometry":{"type":"Polygon","coordinates":[[[55.0866,24.9369],[55.0884,24.9327],[55.0935,24.9315],[55.0968,24.9347],[55.095,24.939],[55.0899,24.9401],[55.0866,24.9369]]]}},{"type":"Feature","properties":{"h3_index":"8843a13b53fffff","h3_resolution":8,"center_lat":24.93785,"center_lng":55.10009,"risk_score":0.6871,"risk_class":"high","flood_exposure":0.3449,"charger_access_deficit":1.0,"transport_disruption":0.6906},"geometry":{"type":"Polygon","coordinates":[[[55.095,24.939],[55.0968,24.9347],[55.1019,24.9336],[55.1052,24.9367],[55.1034,24.941],[55.0983,24.9421],[55.095,24.939]]]}},{"type":"Feature","properties":{"h3_index":"8843a13b59fffff","h3_resolution":8,"center_lat":24.9412,"center_lng":55.08484,"risk_score":0.6027,"risk_class":"moderate","flood_exposure":0.2735,"charger_access_deficit":1.0,"transport_disruption":0.5516},"geometry":{"type":"Polygon","coordinates":[[[55.0798,24.9423],[55.0815,24.938],[55.0866,24.9369],[55.0899,24.9401],[55.0882,24.9444],[55.0831,24.9455],[55.0798,24.9423]]]}},{"type":"Feature","properties":{"h3_index":"8843a13b5bfffff","h3_resolution":8,"center_lat":24.94324,"center_lng":55.09324,"risk_score":0.6582,"risk_class":"high","flood_exposure":0.3178,"charger_access_deficit":0.9999,"transport_disruption":0.6301},"geometry":{"type":"Polygon","coordinates":[[[55.0882,24.9444],[55.0899,24.9401],[55.095,24.939],[55.0983,24.9421],[55.0966,24.9464],[55.0915,24.9475],[55.0882,24.9444]]]}},{"type":"Feature","properties":{"h3_index":"8843a1a5a1fffff","h3_resolution":8,"center_lat":25.29795,"center_lng":55.12759,"risk_score":0.4751,"risk_class":"moderate","flood_exposure":0.0,"charger_access_deficit":1.0,"transport_disruption":0.7615},"geometry":{"type":"Polygon","coordinates":[[[55.1225,25.2991],[55.1243,25.2948],[55.1294,25.2937],[55.1327,25.2968],[55.1309,25.3011],[55.1258,25.3022],[55.1225,25.2991]]]}},{"type":"Feature","properties":{"h3_index":"8843a1a5a3fffff","h3_resolution":8,"center_lat":25.30001,"center_lng":55.13604,"risk_score":0.4582,"risk_class":"moderate","flood_exposure":0.0,"charger_access_deficit":0.9998,"transport_disruption":0.7547},"geometry":{"type":"Polygon","coordinates":[[[55.1309,25.3011],[55.1327,25.2968],[55.1378,25.2957],[55.1412,25.2989],[55.1394,25.3032],[55.1343,25.3043],[55.1309,25.3011]]]}},{"type":"Feature","properties":{"h3_index":"8843a1a5a5fffff","h3_resolution":8,"center_lat":25.29049,"center_lng":55.12602,"risk_score":0.4576,"risk_class":"moderate","flood_exposure":0.0,"charger_access_deficit":0.9997,"transport_disruption":0.7687},"geometry":{"type":"Polygon","coordinates":[[[55.1209,25.2916],[55.1227,25.2873],[55.1278,25.2862],[55.1311,25.2894],[55.1294,25.2937],[55.1243,25.2948],[55.1209,25.2916]]]}},{"type":"Feature","properties":{"h3_index":"8843a1a5a7fffff","h3_resolution":8,"center_lat":25.29254,"center_lng":55.13448,"risk_score":0.4606,"risk_class":"moderate","flood_exposure":0.0,"charger_access_deficit":0.999,"transport_disruption":0.7638},"geometry":{"type":"Polygon","coordinates":[[[55.1294,25.2937],[55.1311,25.2894],[55.1362,25.2882],[55.1396,25.2914],[55.1378,25.2957],[55.1327,25.2968],[55.1294,25.2937]]]}},{"type":"Feature","properties":{"h3_index":"8843a1a5abfffff","h3_resolution":8,"center_lat":25.30542,"center_lng":55.12916,"risk_score":0.4559,"risk_class":"moderate","flood_exposure":0.0,"charger_access_deficit":1.0,"transport_disruption":0.7511},"geometry":{"type":"Polygon","coordinates":[[[55.124,25.3065],[55.1258,25.3022],[55.1309,25.3011],[55.1343,25.3043],[55.1325,25.3086],[55.1274,25.3097],[55.124,25.3065]]]}},{"type":"Feature","properties":{"h3_index":"8843a1a5adfffff","h3_resolution":8,"center_lat":25.2959,"center_lng":55.11914,"risk_score":0.4798,"risk_class":"moderate","flood_exposure":0.0,"charger_access_deficit":1.0,"transport_disruption":0.7703},"geometry":{"type":"Polygon","coordinates":[[[55.114,25.297],[55.1158,25.2927],[55.1209,25.2916],[55.1243,25.2948],[55.1225,25.2991],[55.1174,25.3002],[55.114,25.297]]]}},{"type":"Feature","properties":{"h3_index":"8843a1a5b1fffff","h3_resolution":8,"center_lat":25.30953,"center_lng":55.14607,"risk_score":0.4547,"risk_class":"moderate","flood_exposure":0.0,"charger_access_deficit":0.9998,"transport_disruption":0.7409},"geometry":{"type":"Polygon","coordinates":[[[55.141,25.3107],[55.1427,25.3064],[55.1478,25.3052],[55.1512,25.3084],[55.1494,25.3127],[55.1443,25.3138],[55.141,25.3107]]]}},{"type":"Feature","properties":{"h3_index":"8843a1a5b3fffff","h3_resolution":8,"center_lat":25.31159,"center_lng":55.15452,"risk_score":0.4717,"risk_class":"moderate","flood_exposure":0.0001,"charger_access_deficit":0.9988,"transport_disruption":0.7418},"geometry":{"type":"Polygon","coordinates":[[[55.1494,25.3127],[55.1512,25.3084],[55.1563,25.3073],[55.1596,25.3105],[55.1579,25.3148],[55.1528,25.3159],[55.1494,25.3127]]]}},{"type":"Feature","properties":{"h3_index":"8843a1a5b5fffff","h3_resolution":8,"center_lat":25.30207,"center_lng":55.1445,"risk_score":0.4734,"risk_class":"moderate","flood_exposure":0.0001,"charger_access_deficit":0.9992,"transport_disruption":0.7523},"geometry":{"type":"Polygon","coordinates":[[[55.1394,25.3032],[55.1412,25.2989],[55.1463,25.2978],[55.1496,25.3009],[55.1478,25.3052],[55.1427,25.3064],[55.1394,25.3032]]]}},{"type":"Feature","properties":{"h3_index":"8843a1a5b7fffff","h3_resolution":8,"center_lat":25.30412,"center_lng":55.15295,"risk_score":0.4812,"risk_class":"moderate","flood_exposure":0.0005,"charger_access_deficit":0.9979,"transport_disruption":0.7576},"geometry":{"type":"Polygon","coordinates":[[[55.1478,25.3052],[55.1496,25.3009],[55.1547,25.2998],[55.1581,25.303],[55.1563,25.3073],[55.1512,25.3084],[55.1478,25.3052]]]}},{"type":"Feature","properties":{"h3_index":"8843a1a5bbfffff","h3_resolution":8,"center_lat":25.317,"center_lng":55.14764,"risk_score":0.4688,"risk_class":"moderate","flood_exposure":0.0,"charger_access_deficit":0.9999,"transport_disruption":0.7278},"geometry":{"type":"Polygon","coordinates":[[[55.1425,25.3181],[55.1443,25.3138],[55.1494,25.3127],[55.1528,25.3159],[55.151,25.3202],[55.1459,25.3213],[55.1425,25.3181]]]}},{"type":"Feature","properties":{"h3_index":"8843a1a5bdfffff","h3_resolution":8,"center_lat":25.30748,"center_lng":55.13761,"risk_score":0.4738,"risk_class":"moderate","flood_exposure":0.0,"charger_access_deficit":1.0,"transport_disruption":0.745},"geometry":{"type":"Polygon","coordinates":[[[55.1325,25.3086],[55.1343,25.3043],[55.1394,25.3032],[55.1427,25.3064],[55.141,25.3107],[55.1358,25.3118],[55.1325,25.3086]]]}},{"type":"Feature","properties":{"h3_index":"8843a1a8b3fffff","h3_resolution":8,"center_lat":25.14057,"center_lng":55.0626,"risk_score":0.3621,"risk_class":"moderate","flood_exposure":0.0002,"charger_access_deficit":0.7537,"transport_disruption":0.8823},"geometry":{"type":"Polygon","coordinates":[[[55.0575,25.1417],[55.0593,25.1374],[55.0644,25.1363],[55.0677,25.1395],[55.0659,25.1437],[55.0608,25.1449],[55.0575,25.1417]]]}},{"type":"Feature","properties":{"h3_index":"8843a1a8b7fffff","h3_resolution":8,"center_lat":25.13312,"center_lng":55.06105,"risk_score":0.3226,"risk_class":"low","flood_exposure":0.0005,"charger_access_deficit":0.7205,"transport_disruption":0.8823},"geometry":{"type":"Polygon","coordinates":[[[55.0559,25.1342],[55.0577,25.13],[55.0628,25.1288],[55.0661,25.132],[55.0644,25.1363],[55.0593,25.1374],[55.0559,25.1342]]]}},{"type":"Feature","properties":{"h3_index":"8843a1a9b3fffff","h3_resolution":8,"center_lat":25.08845,"center_lng":55.05172,"risk_score":0.2973,"risk_class":"low","flood_exposure":0.0365,"charger_access_deficit":0.6367,"transport_disruption":0.8814},"geometry":{"type":"Polygon","coordinates":[[[55.0466,25.0896],[55.0484,25.0853],[55.0535,25.0842],[55.0568,25.0873],[55.055,25.0916],[55.05,25.0927],[55.0466,25.0896]]]}},{"type":"Feature","properties":{"h3_index":"8843a1a9b7fffff","h3_resolution":8,"center_lat":25.08101,"center_lng":55.05017,"risk_score":0.2914,"risk_class":"low","flood_exposure":0.0497,"charger_access_deficit":0.6477,"transport_disruption":0.8771},"geometry":{"type":"Polygon","coordinates":[[[55.0451,25.0821],[55.0468,25.0778],[55.0519,25.0767],[55.0553,25.0799],[55.0535,25.0842],[55.0484,25.0853],[55.0451,25.0821]]]}},{"type":"Feature","properties":{"h3_index":"8843a1ac01fffff","h3_resolution":8,"center_lat":25.21381,"center_lng":55.10193,"risk_score":0.4914,"risk_class":"moderate","flood_exposure":0.0,"charger_access_deficit":0.9858,"transport_disruption":0.834},"geometry":{"type":"Polygon","coordinates":[[[55.0968,25.2149],[55.0986,25.2106],[55.1037,25.2095],[55.107,25.2127],[55.1053,25.217],[55.1002,25.2181],[55.0968,25.2149]]]}},{"type":"Feature","properties":{"h3_index":"8843a1ac03fffff","h3_resolution":8,"center_lat":25.21586,"center_lng":55.11037,"risk_score":0.4631,"risk_class":"moderate","flood_exposure":0.0003,"charger_access_deficit":0.9754,"transport_disruption":0.8121},"geometry":{"type":"Polygon","coordinates":[[[55.1053,25.217],[55.107,25.2127],[55.1121,25.2116],[55.1155,25.2147],[55.1137,25.219],[55.1086,25.2201],[55.1053,25.217]]]}},{"type":"Feature","properties":{"h3_index":"8843a1ac05fffff","h3_resolution":8,"center_lat":25.20635,"center_lng":55.10037,"risk_score":0.4878,"risk_class":"moderate","flood_exposure":0.0001,"charger_access_deficit":0.979,"transport_disruption":0.832},"geometry":{"type":"Polygon","coordinates":[[[55.0953,25.2075],[55.097,25.2032],[55.1021,25.2021],[55.1055,25.2052],[55.1037,25.2095],[55.0986,25.2106],[55.0953,25.2075]]]}},{"type":"Feature","properties":{"h3_index":"8843a1ac07fffff","h3_resolution":8,"center_lat":25.2084,"center_lng":55.10881,"risk_score":0.4751,"risk_class":"moderate","flood_exposure":0.0007,"charger_access_deficit":0.969,"transport_disruption":0.8106},"geometry":{"type":"Polygon","coordinates":[[[55.1037,25.2095],[55.1055,25.2052],[55.1106,25.2041],[55.1139,25.2073],[55.1121,25.2116],[55.107,25.2127],[55.1037,25.2095]]]}},{"type":"Feature","properties":{"h3_index":"8843a1ac09fffff","h3_resolution":8,"center_lat":25.21922,"center_lng":55.09505,"risk_score":0.4823,"risk_class":"moderate","flood_exposure":0.0,"charger_access_deficit":0.9945,"transport_disruption":0.8542},"geometry":{"type":"Polygon","coordinates":[[[55.0899,25.2203],[55.0917,25.216],[55.0968,25.2149],[55.1002,25.2181],[55.0984,25.2224],[55.0933,25.2235],[55.0899,25.2203]]]}},{"type":"Feature","properties":{"h3_index":"8843a1ac0bfffff","h3_resolution":8,"center_lat":25.22127,"center_lng":55.10349,"risk_score":0.4766,"risk_class":"moderate","flood_exposure":0.0,"charger_access_deficit":0.9893,"transport_disruption":0.836},"geometry":{"type":"Polygon","coordinates":[[[55.0984,25.2224],[55.1002,25.2181],[55.1053,25.217],[55.1086,25.2201],[55.1068,25.2244],[55.1017,25.2256],[55.0984,25.2224]]]}},{"type":"Feature","properties":{"h3_index":"8843a1ac0dfffff","h3_resolution":8,"center_lat":25.21176,"center_lng":55.09349,"risk_score":0.4939,"risk_class":"moderate","flood_exposure":0.0,"charger_access_deficit":0.9912,"transport_disruption":0.8543},"geometry":{"type":"Polygon","coordinates":[[[55.0884,25.2129],[55.0902,25.2086],[55.0953,25.2075],[55.0986,25.2106],[55.0968,25.2149],[55.0917,25.216],[55.0884,25.2129]]]}},{"type":"Feature","properties":{"h3_index":"8843a1ac11fffff","h3_resolution":8,"center_lat":25.22537,"center_lng":55.12038,"risk_score":0.4498,"risk_class":"moderate","flood_exposure":0.0013,"charger_access_deficit":0.9619,"transport_disruption":0.7927},"geometry":{"type":"Polygon","coordinates":[[[55.1153,25.2265],[55.117,25.2222],[55.1221,25.2211],[55.1255,25.2243],[55.1237,25.2285],[55.1186,25.2297],[55.1153,25.2265]]]}},{"type":"Feature","properties":{"h3_index":"8843a1ac13fffff","h3_resolution":8,"center_lat":25.22742,"center_lng":55.12882,"risk_score":0.4426,"risk_class":"moderate","flood_exposure":0.0048,"charger_access_deficit":0.9372,"transport_disruption":0.7852},"geometry":{"type":"Polygon","coordinates":[[[55.1237,25.2285],[55.1255,25.2243],[55.1306,25.2231],[55.1339,25.2263],[55.1322,25.2306],[55.127,25.2317],[55.1237,25.2285]]]}},{"type":"Feature","properties":{"h3_index":"8843a1ac15fffff","h3_resolution":8,"center_lat":25.21791,"center_lng":55.11881,"risk_score":0.4378,"risk_class":"moderate","flood_exposure":0.0016,"charger_access_deficit":0.9572,"transport_disruption":0.7921},"geometry":{"type":"Polygon","coordinates":[[[55.1137,25.219],[55.1155,25.2147],[55.1206,25.2136],[55.1239,25.2168],[55.1221,25.2211],[55.117,25.2222],[55.1137,25.219]]]}},{"type":"Feature","properties":{"h3_index":"8843a1ac17fffff","h3_resolution":8,"center_lat":25.21996,"center_lng":55.12725,"risk_score":0.4367,"risk_class":"moderate","flood_exposure":0.0051,"charger_access_deficit":0.9308,"transport_disruption":0.785},"geometry":{"type":"Polygon","coordinates":[[[55.1221,25.2211],[55.1239,25.2168],[55.129,25.2157],[55.1324,25.2188],[55.1306,25.2231],[55.1255,25.2243],[55.1221,25.2211]]]}},{"type":"Feature","properties":{"h3_index":"8843a1ac19fffff","h3_resolution":8,"center_lat":25.23078,"center_lng":55.1135,"risk_score":0.4545,"risk_class":"moderate","flood_exposure":0.0002,"charger_access_deficit":0.9819,"transport_disruption":0.8147},"geometry":{"type":"Polygon","coordinates":[[[55.1084,25.2319],[55.1102,25.2276],[55.1153,25.2265],[55.1186,25.2297],[55.1168,25.234],[55.1117,25.2351],[55.1084,25.2319]]]}},{"type":"Feature","properties":{"h3_index":"8843a1ac1bfffff","h3_resolution":8,"center_lat":25.23283,"center_lng":55.12194,"risk_score":0.4304,"risk_class":"moderate","flood_exposure":0.0013,"charger_access_deficit":0.9664,"transport_disruption":0.7934},"geometry":{"type":"Polygon","coordinates":[[[55.1168,25.234],[55.1186,25.2297],[55.1237,25.2285],[55.127,25.2317],[55.1253,25.236],[55.1202,25.2371],[55.1168,25.234]]]}},{"type":"Feature","properties":{"h3_index":"8843a1ac1dfffff","h3_resolution":8,"center_lat":25.22332,"center_lng":55.11194,"risk_score":0.4852,"risk_class":"moderate","flood_exposure":0.0002,"charger_access_deficit":0.9792,"transport_disruption":0.8135},"geometry":{"type":"Polygon","coordinates":[[[55.1068,25.2244],[55.1086,25.2201],[55.1137,25.219],[55.117,25.2222],[55.1153,25.2265],[55.1102,25.2276],[55.1068,25.2244]]]}},{"type":"Feature","properties":{"h3_index":"8843a1ac21fffff","h3_resolution":8,"center_lat":25.19349,"center_lng":55.10568,"risk_score":0.4321,"risk_class":"moderate","flood_exposure":0.0028,"charger_access_deficit":0.941,"transport_disruption":0.8084},"geometry":{"type":"Polygon","coordinates":[[[55.1006,25.1946],[55.1024,25.1903],[55.1075,25.1892],[55.1108,25.1924],[55.109,25.1967],[55.1039,25.1978],[55.1006,25.1946]]]}},{"type":"Feature","properties":{"h3_index":"8843a1ac23fffff","h3_resolution":8,"center_lat":25.19554,"center_lng":55.11412,"risk_score":0.4266,"risk_class":"moderate","flood_exposure":0.0061,"charger_access_deficit":0.924,"transport_disruption":0.7904},"geometry":{"type":"Polygon","coordinates":[[[55.109,25.1967],[55.1108,25.1924],[55.1159,25.1913],[55.1192,25.1944],[55.1175,25.1987],[55.1124,25.1998],[55.109,25.1967]]]}},{"type":"Feature","properties":{"h3_index":"8843a1ac25fffff","h3_resolution":8,"center_lat":25.18603,"center_lng":55.10412,"risk_score":0.4152,"risk_class":"moderate","flood_exposure":0.0046,"charger_access_deficit":0.9162,"transport_disruption":0.8076},"geometry":{"type":"Polygon","coordinates":[[[55.099,25.1872],[55.1008,25.1829],[55.1059,25.1817],[55.1092,25.1849],[55.1075,25.1892],[55.1024,25.1903],[55.099,25.1872]]]}},{"type":"Feature","properties":{"h3_index":"8843a1ac27fffff","h3_resolution":8,"center_lat":25.18808,"center_lng":55.11256,"risk_score":0.4013,"risk_class":"moderate","flood_exposure":0.0093,"charger_access_deficit":0.8999,"transport_disruption":0.7903},"geometry":{"type":"Polygon","coordinates":[[[55.1075,25.1892],[55.1092,25.1849],[55.1143,25.1838],[55.1177,25.187],[55.1159,25.1913],[55.1108,25.1924],[55.1075,25.1892]]]}},{"type":"Feature","properties":{"h3_index":"8843a1ac29fffff","h3_resolution":8,"center_lat":25.19889,"center_lng":55.09881,"risk_score":0.4705,"risk_class":"moderate","flood_exposure":0.0005,"charger_access_deficit":0.9685,"transport_disruption":0.8331},"geometry":{"type":"Polygon","coordinates":[[[55.0937,25.2],[55.0955,25.1957],[55.1006,25.1946],[55.1039,25.1978],[55.1021,25.2021],[55.097,25.2032],[55.0937,25.2]]]}},{"type":"Feature","properties":{"h3_index":"8843a1ac2bfffff","h3_resolution":8,"center_lat":25.20095,"center_lng":55.10725,"risk_score":0.4551,"risk_class":"moderate","flood_exposure":0.0015,"charger_access_deficit":0.9581,"transport_disruption":0.8094},"geometry":{"type":"Polygon","coordinates":[[[55.1021,25.2021],[55.1039,25.1978],[55.109,25.1967],[55.1124,25.1998],[55.1106,25.2041],[55.1055,25.2052],[55.1021,25.2021]]]}},{"type":"Feature","properties":{"h3_index":"8843a1ac2dfffff","h3_resolution":8,"center_lat":25.19144,"center_lng":55.09725,"risk_score":0.4797,"risk_class":"moderate","flood_exposure":0.0011,"charger_access_deficit":0.9524,"transport_disruption":0.8342},"geometry":{"type":"Polygon","coordinates":[[[55.0921,25.1926],[55.0939,25.1883],[55.099,25.1872],[55.1024,25.1903],[55.1006,25.1946],[55.0955,25.1957],[55.0921,25.1926]]]}},{"type":"Feature","properties":{"h3_index":"8843a1ac31fffff","h3_resolution":8,"center_lat":25.20505,"center_lng":55.12412,"risk_score":0.4334,"risk_class":"moderate","flood_exposure":0.0081,"charger_access_deficit":0.9142,"transport_disruption":0.7846},"geometry":{"type":"Polygon","coordinates":[[[55.119,25.2062],[55.1208,25.2019],[55.1259,25.2008],[55.1292,25.2039],[55.1275,25.2082],[55.1224,25.2093],[55.119,25.2062]]]}},{"type":"Feature","properties":{"h3_index":"8843a1ac33fffff","h3_resolution":8,"center_lat":25.2071,"center_lng":55.13257,"risk_score":0.4083,"risk_class":"moderate","flood_exposure":0.0161,"charger_access_deficit":0.8788,"transport_disruption":0.7908},"geometry":{"type":"Polygon","coordinates":[[[55.1275,25.2082],[55.1292,25.2039],[55.1343,25.2028],[55.1377,25.206],[55.1359,25.2103],[55.1308,25.2114],[55.1275,25.2082]]]}},{"type":"Feature","properties":{"h3_index":"8843a1ac35fffff","h3_resolution":8,"center_lat":25.19759,"center_lng":55.12256,"risk_score":0.4304,"risk_class":"moderate","flood_exposure":0.0116,"charger_access_deficit":0.8994,"transport_disruption":0.7846},"geometry":{"type":"Polygon","coordinates":[[[55.1175,25.1987],[55.1192,25.1944],[55.1243,25.1933],[55.1277,25.1965],[55.1259,25.2008],[55.1208,25.2019],[55.1175,25.1987]]]}},{"type":"Feature","properties":{"h3_index":"8843a1ac37fffff","h3_resolution":8,"center_lat":25.19964,"center_lng":55.131,"risk_score":0.4222,"risk_class":"moderate","flood_exposure":0.0203,"charger_access_deficit":0.8661,"transport_disruption":0.791},"geometry":{"type":"Polygon","coordinates":[[[55.1259,25.2008],[55.1277,25.1965],[55.1328,25.1954],[55.1361,25.1985],[55.1343,25.2028],[55.1292,25.2039],[55.1259,25.2008]]]}},{"type":"Feature","properties":{"h3_index":"8843a1ac39fffff","h3_resolution":8,"center_lat":25.21045,"center_lng":55.11725,"risk_score":0.4553,"risk_class":"moderate","flood_exposure":0.0023,"charger_access_deficit":0.9507,"transport_disruption":0.7915},"geometry":{"type":"Polygon","coordinates":[[[55.1121,25.2116],[55.1139,25.2073],[55.119,25.2062],[55.1224,25.2093],[55.1206,25.2136],[55.1155,25.2147],[55.1121,25.2116]]]}},{"type":"Feature","properties":{"h3_index":"8843a1ac3bfffff","h3_resolution":8,"center_lat":25.2125,"center_lng":55.12569,"risk_score":0.4266,"risk_class":"moderate","flood_exposure":0.0061,"charger_access_deficit":0.9238,"transport_disruption":0.7848},"geometry":{"type":"Polygon","coordinates":[[[55.1206,25.2136],[55.1224,25.2093],[55.1275,25.2082],[55.1308,25.2114],[55.129,25.2157],[55.1239,25.2168],[55.1206,25.2136]]]}},{"type":"Feature","properties":{"h3_index":"8843a1ac3dfffff","h3_resolution":8,"center_lat":25.203,"center_lng":55.11568,"risk_score":0.4576,"risk_class":"moderate","flood_exposure":0.0037,"charger_access_deficit":0.9403,"transport_disruption":0.7908},"geometry":{"type":"Polygon","coordinates":[[[55.1106,25.2041],[55.1124,25.1998],[55.1175,25.1987],[55.1208,25.2019],[55.119,25.2062],[55.1139,25.2073],[55.1106,25.2041]]]}},{"type":"Feature","properties":{"h3_index":"8843a1ac43fffff","h3_resolution":8,"center_lat":25.22462,"center_lng":55.08818,"risk_score":0.5352,"risk_class":"moderate","flood_exposure":0.0,"charger_access_deficit":0.9986,"transport_disruption":0.873},"geometry":{"type":"Polygon","coordinates":[[[55.0831,25.2257],[55.0848,25.2215],[55.0899,25.2203],[55.0933,25.2235],[55.0915,25.2278],[55.0864,25.2289],[55.0831,25.2257]]]}},{"type":"Feature","properties":{"h3_index":"8843a1ac47fffff","h3_resolution":8,"center_lat":25.21716,"center_lng":55.08661,"risk_score":0.5188,"risk_class":"moderate","flood_exposure":0.0,"charger_access_deficit":0.9973,"transport_disruption":0.8727},"geometry":{"type":"Polygon","coordinates":[[[55.0815,25.2183],[55.0833,25.214],[55.0884,25.2129],[55.0917,25.216],[55.0899,25.2203],[55.0848,25.2215],[55.0815,25.2183]]]}},{"type":"Feature","properties":{"h3_index":"8843a1ac51fffff","h3_resolution":8,"center_lat":25.23413,"center_lng":55.09818,"risk_score":0.5259,"risk_class":"moderate","flood_exposure":0.0,"charger_access_deficit":0.9966,"transport_disruption":0.8521},"geometry":{"type":"Polygon","coordinates":[[[55.0931,25.2353],[55.0948,25.231],[55.1,25.2298],[55.1033,25.233],[55.1015,25.2373],[55.0964,25.2384],[55.0931,25.2353]]]}},{"type":"Feature","properties":{"h3_index":"8843a1ac53fffff","h3_resolution":8,"center_lat":25.23619,"center_lng":55.10662,"risk_score":0.504,"risk_class":"moderate","flood_exposure":0.0,"charger_access_deficit":0.9921,"transport_disruption":0.833},"geometry":{"type":"Polygon","coordinates":[[[55.1015,25.2373],[55.1033,25.233],[55.1084,25.2319],[55.1117,25.2351],[55.11,25.2394],[55.1048,25.2405],[55.1015,25.2373]]]}},{"type":"Feature","properties":{"h3_index":"8843a1ac55fffff","h3_resolution":8,"center_lat":25.22667,"center_lng":55.09662,"risk_score":0.5133,"risk_class":"moderate","flood_exposure":0.0,"charger_access_deficit":0.9959,"transport_disruption":0.8534},"geometry":{"type":"Polygon","coordinates":[[[55.0915,25.2278],[55.0933,25.2235],[55.0984,25.2224],[55.1017,25.2256],[55.1,25.2298],[55.0948,25.231],[55.0915,25.2278]]]}},{"type":"Feature","properties":{"h3_index":"8843a1ac57fffff","h3_resolution":8,"center_lat":25.22873,"center_lng":55.10506,"risk_score":0.476,"risk_class":"moderate","flood_exposure":0.0,"charger_access_deficit":0.9908,"transport_disruption":0.8347},"geometry":{"type":"Polygon","coordinates":[[[55.1,25.2298],[55.1017,25.2256],[55.1068,25.2244],[55.1102,25.2276],[55.1084,25.2319],[55.1033,25.233],[55.1,25.2298]]]}},{"type":"Feature","properties":{"h3_index":"8843a1ac59fffff","h3_resolution":8,"center_lat":25.23954,"center_lng":55.0913,"risk_score":0.4952,"risk_class":"moderate","flood_exposure":0.0,"charger_access_deficit":0.9992,"transport_disruption":0.8711},"geometry":{"type":"Polygon","coordinates":[[[55.0862,25.2407],[55.088,25.2364],[55.0931,25.2353],[55.0964,25.2384],[55.0946,25.2427],[55.0895,25.2438],[55.0862,25.2407]]]}},{"type":"Feature","properties":{"h3_index":"8843a1ac5bfffff","h3_resolution":8,"center_lat":25.2416,"center_lng":55.09974,"risk_score":0.5006,"risk_class":"moderate","flood_exposure":0.0,"charger_access_deficit":0.9973,"transport_disruption":0.85},"geometry":{"type":"Polygon","coordinates":[[[55.0946,25.2427],[55.0964,25.2384],[55.1015,25.2373],[55.1048,25.2405],[55.1031,25.2448],[55.098,25.2459],[55.0946,25.2427]]]}},{"type":"Feature","properties":{"h3_index":"8843a1ac5dfffff","h3_resolution":8,"center_lat":25.23208,"center_lng":55.08974,"risk_score":0.4878,"risk_class":"moderate","flood_exposure":0.0,"charger_access_deficit":0.999,"transport_disruption":0.8724},"geometry":{"type":"Polygon","coordinates":[[[55.0846,25.2332],[55.0864,25.2289],[55.0915,25.2278],[55.0948,25.231],[55.0931,25.2353],[55.088,25.2364],[55.0846,25.2332]]]}},{"type":"Feature","properties":{"h3_index":"8843a1ac61fffff","h3_resolution":8,"center_lat":25.20225,"center_lng":55.08349,"risk_score":0.4939,"risk_class":"moderate","flood_exposure":0.0,"charger_access_deficit":0.986,"transport_disruption":0.872},"geometry":{"type":"Polygon","coordinates":[[[55.0784,25.2034],[55.0802,25.1991],[55.0853,25.198],[55.0886,25.2011],[55.0868,25.2054],[55.0817,25.2065],[55.0784,25.2034]]]}},{"type":"Feature","properties":{"h3_index":"8843a1ac63fffff","h3_resolution":8,"center_lat":25.2043,"center_lng":55.09193,"risk_score":0.5063,"risk_class":"moderate","flood_exposure":0.0,"charger_access_deficit":0.9844,"transport_disruption":0.8545},"geometry":{"type":"Polygon","coordinates":[[[55.0868,25.2054],[55.0886,25.2011],[55.0937,25.2],[55.097,25.2032],[55.0953,25.2075],[55.0902,25.2086],[55.0868,25.2054]]]}},{"type":"Feature","properties":{"h3_index":"8843a1ac65fffff","h3_resolution":8,"center_lat":25.19479,"center_lng":55.08194,"risk_score":0.4846,"risk_class":"moderate","flood_exposure":0.0,"charger_access_deficit":0.9735,"transport_disruption":0.872},"geometry":{"type":"Polygon","coordinates":[[[55.0768,25.1959],[55.0786,25.1916],[55.0837,25.1905],[55.087,25.1937],[55.0853,25.198],[55.0802,25.1991],[55.0768,25.1959]]]}},{"type":"Feature","properties":{"h3_index":"8843a1ac67fffff","h3_resolution":8,"center_lat":25.19684,"center_lng":55.09037,"risk_score":0.4941,"risk_class":"moderate","flood_exposure":0.0001,"charger_access_deficit":0.9729,"transport_disruption":0.8547},"geometry":{"type":"Polygon","coordinates":[[[55.0853,25.198],[55.087,25.1937],[55.0921,25.1926],[55.0955,25.1957],[55.0937,25.2],[55.0886,25.2011],[55.0853,25.198]]]}},{"type":"Feature","properties":{"h3_index":"8843a1ac6bfffff","h3_resolution":8,"center_lat":25.20971,"center_lng":55.08505,"risk_score":0.4886,"risk_class":"moderate","flood_exposure":0.0,"charger_access_deficit":0.9935,"transport_disruption":0.8724},"geometry":{"type":"Polygon","coordinates":[[[55.0799,25.2108],[55.0817,25.2065],[55.0868,25.2054],[55.0902,25.2086],[55.0884,25.2129],[55.0833,25.214],[55.0799,25.2108]]]}},{"type":"Feature","properties":{"h3_index":"8843a1ac6dfffff","h3_resolution":8,"center_lat":25.2002,"center_lng":55.07506,"risk_score":0.5013,"risk_class":"moderate","flood_exposure":0.0,"charger_access_deficit":0.9862,"transport_disruption":0.8877},"geometry":{"type":"Polygon","coordinates":[[[55.07,25.2013],[55.0717,25.197],[55.0768,25.1959],[55.0802,25.1991],[55.0784,25.2034],[55.0733,25.2045],[55.07,25.2013]]]}},{"type":"Feature","properties":{"h3_index":"8843a1ac81fffff","h3_resolution":8,"center_lat":25.22816,"center_lng":55.16103,"risk_score":0.4007,"risk_class":"moderate","flood_exposure":0.0738,"charger_access_deficit":0.7578,"transport_disruption":0.8204},"geometry":{"type":"Polygon","coordinates":[[[55.1559,25.2293],[55.1577,25.225],[55.1628,25.2239],[55.1661,25.227],[55.1644,25.2313],[55.1593,25.2325],[55.1559,25.2293]]]}},{"type":"Feature","properties":{"h3_index":"8843a1ac83fffff","h3_resolution":8,"center_lat":25.23021,"center_lng":55.16948,"risk_score":0.3773,"risk_class":"moderate","flood_exposure":0.1091,"charger_access_deficit":0.7091,"transport_disruption":0.8031},"geometry":{"type":"Polygon","coordinates":[[[55.1644,25.2313],[55.1661,25.227],[55.1712,25.2259],[55.1746,25.2291],[55.1728,25.2334],[55.1677,25.2345],[55.1644,25.2313]]]}},{"type":"Feature","properties":{"h3_index":"8843a1ac85fffff","h3_resolution":8,"center_lat":25.2207,"center_lng":55.15946,"risk_score":0.3804,"risk_class":"moderate","flood_exposure":0.0751,"charger_access_deficit":0.741,"transport_disruption":0.82},"geometry":{"type":"Polygon","coordinates":[[[55.1544,25.2218],[55.1561,25.2175],[55.1612,25.2164],[55.1646,25.2196],[55.1628,25.2239],[55.1577,25.225],[55.1544,25.2218]]]}},{"type":"Feature","properties":{"h3_index":"8843a1ac87fffff","h3_resolution":8,"center_lat":25.22275,"center_lng":55.16791,"risk_score":0.3846,"risk_class":"moderate","flood_exposure":0.1111,"charger_access_deficit":0.6874,"transport_disruption":0.802},"geometry":{"type":"Polygon","coordinates":[[[55.1628,25.2239],[55.1646,25.2196],[55.1697,25.2185],[55.173,25.2216],[55.1712,25.2259],[55.1661,25.227],[55.1628,25.2239]]]}},{"type":"Feature","properties":{"h3_index":"8843a1ac89fffff","h3_resolution":8,"center_lat":25.23358,"center_lng":55.15416,"risk_score":0.4251,"risk_class":"moderate","flood_exposure":0.0445,"charger_access_deficit":0.8237,"transport_disruption":0.8176},"geometry":{"type":"Polygon","coordinates":[[[55.149,25.2347],[55.1508,25.2304],[55.1559,25.2293],[55.1593,25.2325],[55.1575,25.2367],[55.1524,25.2379],[55.149,25.2347]]]}},{"type":"Feature","properties":{"h3_index":"8843a1ac8bfffff","h3_resolution":8,"center_lat":25.23563,"center_lng":55.1626,"risk_score":0.3874,"risk_class":"moderate","flood_exposure":0.0715,"charger_access_deficit":0.7797,"transport_disruption":0.8205},"geometry":{"type":"Polygon","coordinates":[[[55.1575,25.2367],[55.1593,25.2325],[55.1644,25.2313],[55.1677,25.2345],[55.1659,25.2388],[55.1608,25.2399],[55.1575,25.2367]]]}},{"type":"Feature","properties":{"h3_index":"8843a1ac8dfffff","h3_resolution":8,"center_lat":25.22611,"center_lng":55.15259,"risk_score":0.4152,"risk_class":"moderate","flood_exposure":0.0457,"charger_access_deficit":0.807,"transport_disruption":0.8179},"geometry":{"type":"Polygon","coordinates":[[[55.1475,25.2272],[55.1492,25.2229],[55.1544,25.2218],[55.1577,25.225],[55.1559,25.2293],[55.1508,25.2304],[55.1475,25.2272]]]}},{"type":"Feature","properties":{"h3_index":"8843a1ac91fffff","h3_resolution":8,"center_lat":25.23972,"center_lng":55.1795,"risk_score":0.3697,"risk_class":"moderate","flood_exposure":0.144,"charger_access_deficit":0.6961,"transport_disruption":0.7658},"geometry":{"type":"Polygon","coordinates":[[[55.1744,25.2408],[55.1762,25.2366],[55.1813,25.2354],[55.1846,25.2386],[55.1828,25.2429],[55.1777,25.244],[55.1744,25.2408]]]}},{"type":"Feature","properties":{"h3_index":"8843a1ac93fffff","h3_resolution":8,"center_lat":25.24177,"center_lng":55.18795,"risk_score":0.3655,"risk_class":"moderate","flood_exposure":0.1861,"charger_access_deficit":0.6603,"transport_disruption":0.7118},"geometry":{"type":"Polygon","coordinates":[[[55.1828,25.2429],[55.1846,25.2386],[55.1897,25.2375],[55.1931,25.2407],[55.1913,25.2449],[55.1862,25.2461],[55.1828,25.2429]]]}},{"type":"Feature","properties":{"h3_index":"8843a1ac95fffff","h3_resolution":8,"center_lat":25.23226,"center_lng":55.17793,"risk_score":0.3604,"risk_class":"moderate","flood_exposure":0.1501,"charger_access_deficit":0.6631,"transport_disruption":0.764},"geometry":{"type":"Polygon","coordinates":[[[55.1728,25.2334],[55.1746,25.2291],[55.1797,25.228],[55.183,25.2311],[55.1813,25.2354],[55.1762,25.2366],[55.1728,25.2334]]]}},{"type":"Feature","properties":{"h3_index":"8843a1ac97fffff","h3_resolution":8,"center_lat":25.23431,"center_lng":55.18638,"risk_score":0.3604,"risk_class":"moderate","flood_exposure":0.1947,"charger_access_deficit":0.6216,"transport_disruption":0.7091},"geometry":{"type":"Polygon","coordinates":[[[55.1813,25.2354],[55.183,25.2311],[55.1881,25.23],[55.1915,25.2332],[55.1897,25.2375],[55.1846,25.2386],[55.1813,25.2354]]]}},{"type":"Feature","properties":{"h3_index":"8843a1ac99fffff","h3_resolution":8,"center_lat":25.24514,"center_lng":55.17262,"risk_score":0.3912,"risk_class":"moderate","flood_exposure":0.099,"charger_access_deficit":0.7682,"transport_disruption":0.8047},"geometry":{"type":"Polygon","coordinates":[[[55.1675,25.2463],[55.1693,25.242],[55.1744,25.2408],[55.1777,25.244],[55.176,25.2483],[55.1709,25.2494],[55.1675,25.2463]]]}},{"type":"Feature","properties":{"h3_index":"8843a1ac9bfffff","h3_resolution":8,"center_lat":25.24719,"center_lng":55.18107,"risk_score":0.403,"risk_class":"moderate","flood_exposure":0.1351,"charger_access_deficit":0.7334,"transport_disruption":0.7674},"geometry":{"type":"Polygon","coordinates":[[[55.176,25.2483],[55.1777,25.244],[55.1828,25.2429],[55.1862,25.2461],[55.1844,25.2504],[55.1793,25.2515],[55.176,25.2483]]]}},{"type":"Feature","properties":{"h3_index":"8843a1ac9dfffff","h3_resolution":8,"center_lat":25.23768,"center_lng":55.17105,"risk_score":0.3973,"risk_class":"moderate","flood_exposure":0.1053,"charger_access_deficit":0.7364,"transport_disruption":0.804},"geometry":{"type":"Polygon","coordinates":[[[55.1659,25.2388],[55.1677,25.2345],[55.1728,25.2334],[55.1762,25.2366],[55.1744,25.2408],[55.1693,25.242],[55.1659,25.2388]]]}},{"type":"Feature","properties":{"h3_index":"8843a1aca1fffff","h3_resolution":8,"center_lat":25.20783,"center_lng":55.16477,"risk_score":0.356,"risk_class":"moderate","flood_exposure":0.1143,"charger_access_deficit":0.6607,"transport_disruption":0.7993},"geometry":{"type":"Polygon","coordinates":[[[55.1597,25.209],[55.1614,25.2047],[55.1665,25.2035],[55.1699,25.2067],[55.1681,25.211],[55.163,25.2121],[55.1597,25.209]]]}},{"type":"Feature","properties":{"h3_index":"8843a1aca3fffff","h3_resolution":8,"center_lat":25.20988,"center_lng":55.17321,"risk_score":0.3182,"risk_class":"low","flood_exposure":0.1556,"charger_access_deficit":0.6015,"transport_disruption":0.758},"geometry":{"type":"Polygon","coordinates":[[[55.1681,25.211],[55.1699,25.2067],[55.175,25.2056],[55.1783,25.2088],[55.1766,25.2131],[55.1714,25.2142],[55.1681,25.211]]]}},{"type":"Feature","properties":{"h3_index":"8843a1aca5fffff","h3_resolution":8,"center_lat":25.20038,"center_lng":55.1632,"risk_score":0.3564,"risk_class":"moderate","flood_exposure":0.1194,"charger_access_deficit":0.6524,"transport_disruption":0.7978},"geometry":{"type":"Polygon","coordinates":[[[55.1581,25.2015],[55.1599,25.1972],[55.165,25.1961],[55.1683,25.1993],[55.1665,25.2035],[55.1614,25.2047],[55.1581,25.2015]]]}},{"type":"Feature","properties":{"h3_index":"8843a1aca7fffff","h3_resolution":8,"center_lat":25.20242,"center_lng":55.17164,"risk_score":0.307,"risk_class":"low","flood_exposure":0.1584,"charger_access_deficit":0.5928,"transport_disruption":0.756},"geometry":{"type":"Polygon","coordinates":[[[55.1665,25.2035],[55.1683,25.1993],[55.1734,25.1981],[55.1767,25.2013],[55.175,25.2056],[55.1699,25.2067],[55.1665,25.2035]]]}},{"type":"Feature","properties":{"h3_index":"8843a1aca9fffff","h3_resolution":8,"center_lat":25.21324,"center_lng":55.15789,"risk_score":0.3847,"risk_class":"moderate","flood_exposure":0.0766,"charger_access_deficit":0.7287,"transport_disruption":0.8194},"geometry":{"type":"Polygon","coordinates":[[[55.1528,25.2144],[55.1546,25.2101],[55.1597,25.209],[55.163,25.2121],[55.1612,25.2164],[55.1561,25.2175],[55.1528,25.2144]]]}},{"type":"Feature","properties":{"h3_index":"8843a1acabfffff","h3_resolution":8,"center_lat":25.21529,"center_lng":55.16634,"risk_score":0.3558,"risk_class":"moderate","flood_exposure":0.1123,"charger_access_deficit":0.6716,"transport_disruption":0.8008},"geometry":{"type":"Polygon","coordinates":[[[55.1612,25.2164],[55.163,25.2121],[55.1681,25.211],[55.1714,25.2142],[55.1697,25.2185],[55.1646,25.2196],[55.1612,25.2164]]]}},{"type":"Feature","properties":{"h3_index":"8843a1acadfffff","h3_resolution":8,"center_lat":25.20579,"center_lng":55.15633,"risk_score":0.3456,"risk_class":"low","flood_exposure":0.0799,"charger_access_deficit":0.7191,"transport_disruption":0.8187},"geometry":{"type":"Polygon","coordinates":[[[55.1512,25.2069],[55.153,25.2026],[55.1581,25.2015],[55.1614,25.2047],[55.1597,25.209],[55.1546,25.2101],[55.1512,25.2069]]]}},{"type":"Feature","properties":{"h3_index":"8843a1acb1fffff","h3_resolution":8,"center_lat":25.21939,"center_lng":55.18323,"risk_score":0.3151,"risk_class":"low","flood_exposure":0.2019,"charger_access_deficit":0.5622,"transport_disruption":0.7036},"geometry":{"type":"Polygon","coordinates":[[[55.1781,25.2205],[55.1799,25.2162],[55.185,25.2151],[55.1883,25.2183],[55.1866,25.2226],[55.1815,25.2237],[55.1781,25.2205]]]}},{"type":"Feature","properties":{"h3_index":"8843a1acb3fffff","h3_resolution":8,"center_lat":25.22144,"center_lng":55.19168,"risk_score":0.2952,"risk_class":"low","flood_exposure":0.2522,"charger_access_deficit":0.5144,"transport_disruption":0.6426},"geometry":{"type":"Polygon","coordinates":[[[55.1866,25.2226],[55.1883,25.2183],[55.1934,25.2171],[55.1968,25.2203],[55.195,25.2246],[55.1899,25.2257],[55.1866,25.2226]]]}},{"type":"Feature","properties":{"h3_index":"8843a1acb5fffff","h3_resolution":8,"center_lat":25.21193,"center_lng":55.18166,"risk_score":0.2917,"risk_class":"low","flood_exposure":0.2024,"charger_access_deficit":0.5439,"transport_disruption":0.7011},"geometry":{"type":"Polygon","coordinates":[[[55.1766,25.2131],[55.1783,25.2088],[55.1834,25.2076],[55.1868,25.2108],[55.185,25.2151],[55.1799,25.2162],[55.1766,25.2131]]]}},{"type":"Feature","properties":{"h3_index":"8843a1acb7fffff","h3_resolution":8,"center_lat":25.21398,"center_lng":55.19011,"risk_score":0.2657,"risk_class":"low","flood_exposure":0.2529,"charger_access_deficit":0.4899,"transport_disruption":0.6396},"geometry":{"type":"Polygon","coordinates":[[[55.185,25.2151],[55.1868,25.2108],[55.1919,25.2097],[55.1952,25.2129],[55.1934,25.2171],[55.1883,25.2183],[55.185,25.2151]]]}},{"type":"Feature","properties":{"h3_index":"8843a1acb9fffff","h3_resolution":8,"center_lat":25.2248,"center_lng":55.17636,"risk_score":0.3404,"risk_class":"low","flood_exposure":0.1533,"charger_access_deficit":0.6358,"transport_disruption":0.7621},"geometry":{"type":"Polygon","coordinates":[[[55.1712,25.2259],[55.173,25.2216],[55.1781,25.2205],[55.1815,25.2237],[55.1797,25.228],[55.1746,25.2291],[55.1712,25.2259]]]}},{"type":"Feature","properties":{"h3_index":"8843a1acbbfffff","h3_resolution":8,"center_lat":25.22685,"center_lng":55.1848,"risk_score":0.3066,"risk_class":"low","flood_exposure":0.1998,"charger_access_deficit":0.5884,"transport_disruption":0.7064},"geometry":{"type":"Polygon","coordinates":[[[55.1797,25.228],[55.1815,25.2237],[55.1866,25.2226],[55.1899,25.2257],[55.1881,25.23],[55.183,25.2311],[55.1797,25.228]]]}},{"type":"Feature","properties":{"h3_index":"8843a1acbdfffff","h3_resolution":8,"center_lat":25.21734,"center_lng":55.17478,"risk_score":0.3536,"risk_class":"moderate","flood_exposure":0.1546,"charger_access_deficit":0.6153,"transport_disruption":0.7601},"geometry":{"type":"Polygon","coordinates":[[[55.1697,25.2185],[55.1714,25.2142],[55.1766,25.2131],[55.1799,25.2162],[55.1781,25.2205],[55.173,25.2216],[55.1697,25.2185]]]}},{"type":"Feature","properties":{"h3_index":"8843a1acc1fffff","h3_resolution":8,"center_lat":25.23693,"center_lng":55.13883,"risk_score":0.4175,"risk_class":"moderate","flood_exposure":0.0117,"charger_access_deficit":0.9153,"transport_disruption":0.7904},"geometry":{"type":"Polygon","coordinates":[[[55.1337,25.2381],[55.1355,25.2338],[55.1406,25.2326],[55.1439,25.2358],[55.1422,25.2401],[55.1371,25.2412],[55.1337,25.2381]]]}},{"type":"Feature","properties":{"h3_index":"8843a1acc3fffff","h3_resolution":8,"center_lat":25.23899,"center_lng":55.14728,"risk_score":0.4156,"risk_class":"moderate","flood_exposure":0.0239,"charger_access_deficit":0.8813,"transport_disruption":0.8038},"geometry":{"type":"Polygon","coordinates":[[[55.1422,25.2401],[55.1439,25.2358],[55.149,25.2347],[55.1524,25.2379],[55.1506,25.2422],[55.1455,25.2433],[55.1422,25.2401]]]}},{"type":"Feature","properties":{"h3_index":"8843a1acc5fffff","h3_resolution":8,"center_lat":25.22947,"center_lng":55.13726,"risk_score":0.442,"risk_class":"moderate","flood_exposure":0.0122,"charger_access_deficit":0.9048,"transport_disruption":0.7907},"geometry":{"type":"Polygon","coordinates":[[[55.1322,25.2306],[55.1339,25.2263],[55.139,25.2252],[55.1424,25.2284],[55.1406,25.2326],[55.1355,25.2338],[55.1322,25.2306]]]}},{"type":"Feature","properties":{"h3_index":"8843a1acc7fffff","h3_resolution":8,"center_lat":25.23152,"center_lng":55.14571,"risk_score":0.4235,"risk_class":"moderate","flood_exposure":0.0249,"charger_access_deficit":0.8662,"transport_disruption":0.8042},"geometry":{"type":"Polygon","coordinates":[[[55.1406,25.2326],[55.1424,25.2284],[55.1475,25.2272],[55.1508,25.2304],[55.149,25.2347],[55.1439,25.2358],[55.1406,25.2326]]]}},{"type":"Feature","properties":{"h3_index":"8843a1acc9fffff","h3_resolution":8,"center_lat":25.24234,"center_lng":55.13195,"risk_score":0.4599,"risk_class":"moderate","flood_exposure":0.0044,"charger_access_deficit":0.9523,"transport_disruption":0.7855},"geometry":{"type":"Polygon","coordinates":[[[55.1268,25.2435],[55.1286,25.2392],[55.1337,25.2381],[55.1371,25.2412],[55.1353,25.2455],[55.1302,25.2466],[55.1268,25.2435]]]}},{"type":"Feature","properties":{"h3_index":"8843a1accbfffff","h3_resolution":8,"center_lat":25.2444,"center_lng":55.1404,"risk_score":0.4614,"risk_class":"moderate","flood_exposure":0.011,"charger_access_deficit":0.9277,"transport_disruption":0.7903},"geometry":{"type":"Polygon","coordinates":[[[55.1353,25.2455],[55.1371,25.2412],[55.1422,25.2401],[55.1455,25.2433],[55.1437,25.2476],[55.1386,25.2487],[55.1353,25.2455]]]}},{"type":"Feature","properties":{"h3_index":"8843a1accdfffff","h3_resolution":8,"center_lat":25.23488,"center_lng":55.13039,"risk_score":0.4405,"risk_class":"moderate","flood_exposure":0.0047,"charger_access_deficit":0.9442,"transport_disruption":0.7854},"geometry":{"type":"Polygon","coordinates":[[[55.1253,25.236],[55.127,25.2317],[55.1322,25.2306],[55.1355,25.2338],[55.1337,25.2381],[55.1286,25.2392],[55.1253,25.236]]]}},{"type":"Feature","properties":{"h3_index":"8843a1acd1fffff","h3_resolution":8,"center_lat":25.2485,"center_lng":55.1573,"risk_score":0.4171,"risk_class":"moderate","flood_exposure":0.039,"charger_access_deficit":0.8671,"transport_disruption":0.8167},"geometry":{"type":"Polygon","coordinates":[[[55.1522,25.2496],[55.154,25.2453],[55.1591,25.2442],[55.1624,25.2474],[55.1606,25.2517],[55.1555,25.2528],[55.1522,25.2496]]]}},{"type":"Feature","properties":{"h3_index":"8843a1acd3fffff","h3_resolution":8,"center_lat":25.25055,"center_lng":55.16574,"risk_score":0.4403,"risk_class":"moderate","flood_exposure":0.062,"charger_access_deficit":0.8345,"transport_disruption":0.8204},"geometry":{"type":"Polygon","coordinates":[[[55.1606,25.2517],[55.1624,25.2474],[55.1675,25.2463],[55.1709,25.2494],[55.1691,25.2537],[55.164,25.2548],[55.1606,25.2517]]]}},{"type":"Feature","properties":{"h3_index":"8843a1acd5fffff","h3_resolution":8,"center_lat":25.24104,"center_lng":55.15573,"risk_score":0.4298,"risk_class":"moderate","flood_exposure":0.0424,"charger_access_deficit":0.844,"transport_disruption":0.8173},"geometry":{"type":"Polygon","coordinates":[[[55.1506,25.2422],[55.1524,25.2379],[55.1575,25.2367],[55.1608,25.2399],[55.1591,25.2442],[55.154,25.2453],[55.1506,25.2422]]]}},{"type":"Feature","properties":{"h3_index":"8843a1acd7fffff","h3_resolution":8,"center_lat":25.24309,"center_lng":55.16417,"risk_score":0.4093,"risk_class":"moderate","flood_exposure":0.0676,"charger_access_deficit":0.8056,"transport_disruption":0.8205},"geometry":{"type":"Polygon","coordinates":[[[55.1591,25.2442],[55.1608,25.2399],[55.1659,25.2388],[55.1693,25.242],[55.1675,25.2463],[55.1624,25.2474],[55.1591,25.2442]]]}},{"type":"Feature","properties":{"h3_index":"8843a1acd9fffff","h3_resolution":8,"center_lat":25.25391,"center_lng":55.15042,"risk_score":0.4277,"risk_class":"moderate","flood_exposure":0.0197,"charger_access_deficit":0.9174,"transport_disruption":0.8028},"geometry":{"type":"Polygon","coordinates":[[[55.1453,25.255],[55.1471,25.2507],[55.1522,25.2496],[55.1555,25.2528],[55.1538,25.2571],[55.1486,25.2582],[55.1453,25.255]]]}},{"type":"Feature","properties":{"h3_index":"8843a1acdbfffff","h3_resolution":8,"center_lat":25.25596,"center_lng":55.15887,"risk_score":0.4612,"risk_class":"moderate","flood_exposure":0.0347,"charger_access_deficit":0.8914,"transport_disruption":0.8161},"geometry":{"type":"Polygon","coordinates":[[[55.1538,25.2571],[55.1555,25.2528],[55.1606,25.2517],[55.164,25.2548],[55.1622,25.2591],[55.1571,25.2603],[55.1538,25.2571]]]}},{"type":"Feature","properties":{"h3_index":"8843a1acddfffff","h3_resolution":8,"center_lat":25.24645,"center_lng":55.14885,"risk_score":0.4426,"risk_class":"moderate","flood_exposure":0.0222,"charger_access_deficit":0.8987,"transport_disruption":0.8033},"geometry":{"type":"Polygon","coordinates":[[[55.1437,25.2476],[55.1455,25.2433],[55.1506,25.2422],[55.154,25.2453],[55.1522,25.2496],[55.1471,25.2507],[55.1437,25.2476]]]}},{"type":"Feature","properties":{"h3_index":"8843a1ace1fffff","h3_resolution":8,"center_lat":25.2166,"center_lng":55.14257,"risk_score":0.3832,"risk_class":"moderate","flood_exposure":0.0266,"charger_access_deficit":0.8438,"transport_disruption":0.8047},"geometry":{"type":"Polygon","coordinates":[[[55.1375,25.2177],[55.1392,25.2134],[55.1443,25.2123],[55.1477,25.2155],[55.1459,25.2198],[55.1408,25.2209],[55.1375,25.2177]]]}},{"type":"Feature","properties":{"h3_index":"8843a1ace3fffff","h3_resolution":8,"center_lat":25.21865,"center_lng":55.15102,"risk_score":0.4,"risk_class":"moderate","flood_exposure":0.0468,"charger_access_deficit":0.7941,"transport_disruption":0.818},"geometry":{"type":"Polygon","coordinates":[[[55.1459,25.2198],[55.1477,25.2155],[55.1528,25.2144],[55.1561,25.2175],[55.1544,25.2218],[55.1492,25.2229],[55.1459,25.2198]]]}},{"type":"Feature","properties":{"h3_index":"8843a1ace5fffff","h3_resolution":8,"center_lat":25.20915,"center_lng":55.14101,"risk_score":0.3781,"risk_class":"moderate","flood_exposure":0.029,"charger_access_deficit":0.8347,"transport_disruption":0.8049},"geometry":{"type":"Polygon","coordinates":[[[55.1359,25.2103],[55.1377,25.206],[55.1428,25.2049],[55.1461,25.208],[55.1443,25.2123],[55.1392,25.2134],[55.1359,25.2103]]]}},{"type":"Feature","properties":{"h3_index":"8843a1ace7fffff","h3_resolution":8,"center_lat":25.2112,"center_lng":55.14945,"risk_score":0.3773,"risk_class":"moderate","flood_exposure":0.0488,"charger_access_deficit":0.7839,"transport_disruption":0.8179},"geometry":{"type":"Polygon","coordinates":[[[55.1443,25.2123],[55.1461,25.208],[55.1512,25.2069],[55.1546,25.2101],[55.1528,25.2144],[55.1477,25.2155],[55.1443,25.2123]]]}},{"type":"Feature","properties":{"h3_index":"8843a1ace9fffff","h3_resolution":8,"center_lat":25.22201,"center_lng":55.1357,"risk_score":0.4053,"risk_class":"moderate","flood_exposure":0.0126,"charger_access_deficit":0.8959,"transport_disruption":0.7908},"geometry":{"type":"Polygon","coordinates":[[[55.1306,25.2231],[55.1324,25.2188],[55.1375,25.2177],[55.1408,25.2209],[55.139,25.2252],[55.1339,25.2263],[55.1306,25.2231]]]}},{"type":"Feature","properties":{"h3_index":"8843a1acebfffff","h3_resolution":8,"center_lat":25.22406,"center_lng":55.14414,"risk_score":0.3992,"risk_class":"moderate","flood_exposure":0.0256,"charger_access_deficit":0.8539,"transport_disruption":0.8045},"geometry":{"type":"Polygon","coordinates":[[[55.139,25.2252],[55.1408,25.2209],[55.1459,25.2198],[55.1492,25.2229],[55.1475,25.2272],[55.1424,25.2284],[55.139,25.2252]]]}},{"type":"Feature","properties":{"h3_index":"8843a1acedfffff","h3_resolution":8,"center_lat":25.21455,"center_lng":55.13413,"risk_score":0.4047,"risk_class":"moderate","flood_exposure":0.0137,"charger_access_deficit":0.8878,"transport_disruption":0.7908},"geometry":{"type":"Polygon","coordinates":[[[55.129,25.2157],[55.1308,25.2114],[55.1359,25.2103],[55.1392,25.2134],[55.1375,25.2177],[55.1324,25.2188],[55.129,25.2157]]]}},{"type":"Feature","properties":{"h3_index":"8843a1ad01fffff","h3_resolution":8,"center_lat":25.16162,"center_lng":55.09101,"risk_score":0.3705,"risk_class":"moderate","flood_exposure":0.0054,"charger_access_deficit":0.8187,"transport_disruption":0.8303},"geometry":{"type":"Polygon","coordinates":[[[55.0859,25.1627],[55.0877,25.1585],[55.0928,25.1573],[55.0961,25.1605],[55.0943,25.1648],[55.0892,25.1659],[55.0859,25.1627]]]}},{"type":"Feature","properties":{"h3_index":"8843a1ad03fffff","h3_resolution":8,"center_lat":25.16367,"center_lng":55.09944,"risk_score":0.3735,"risk_class":"moderate","flood_exposure":0.0118,"charger_access_deficit":0.8022,"transport_disruption":0.8061},"geometry":{"type":"Polygon","coordinates":[[[55.0943,25.1648],[55.0961,25.1605],[55.1012,25.1594],[55.1045,25.1626],[55.1028,25.1668],[55.0977,25.168],[55.0943,25.1648]]]}},{"type":"Feature","properties":{"h3_index":"8843a1ad05fffff","h3_resolution":8,"center_lat":25.15417,"center_lng":55.08945,"risk_score":0.3553,"risk_class":"moderate","flood_exposure":0.0066,"charger_access_deficit":0.7762,"transport_disruption":0.8297},"geometry":{"type":"Polygon","coordinates":[[[55.0843,25.1553],[55.0861,25.151],[55.0912,25.1499],[55.0945,25.1531],[55.0928,25.1573],[55.0877,25.1585],[55.0843,25.1553]]]}},{"type":"Feature","properties":{"h3_index":"8843a1ad07fffff","h3_resolution":8,"center_lat":25.15622,"center_lng":55.09788,"risk_score":0.3439,"risk_class":"low","flood_exposure":0.0143,"charger_access_deficit":0.757,"transport_disruption":0.8058},"geometry":{"type":"Polygon","coordinates":[[[55.0928,25.1573],[55.0945,25.1531],[55.0996,25.1519],[55.103,25.1551],[55.1012,25.1594],[55.0961,25.1605],[55.0928,25.1573]]]}},{"type":"Feature","properties":{"h3_index":"8843a1ad09fffff","h3_resolution":8,"center_lat":25.16703,"center_lng":55.08413,"risk_score":0.4317,"risk_class":"moderate","flood_exposure":0.0015,"charger_access_deficit":0.8667,"transport_disruption":0.8537},"geometry":{"type":"Polygon","coordinates":[[[55.079,25.1681],[55.0808,25.1639],[55.0859,25.1627],[55.0892,25.1659],[55.0875,25.1702],[55.0824,25.1713],[55.079,25.1681]]]}},{"type":"Feature","properties":{"h3_index":"8843a1ad0bfffff","h3_resolution":8,"center_lat":25.16908,"center_lng":55.09257,"risk_score":0.4002,"risk_class":"moderate","flood_exposure":0.0041,"charger_access_deficit":0.8594,"transport_disruption":0.831},"geometry":{"type":"Polygon","coordinates":[[[55.0875,25.1702],[55.0892,25.1659],[55.0943,25.1648],[55.0977,25.168],[55.0959,25.1722],[55.0908,25.1734],[55.0875,25.1702]]]}},{"type":"Feature","properties":{"h3_index":"8843a1ad0dfffff","h3_resolution":8,"center_lat":25.15957,"center_lng":55.08257,"risk_score":0.3922,"risk_class":"moderate","flood_exposure":0.002,"charger_access_deficit":0.8277,"transport_disruption":0.8531},"geometry":{"type":"Polygon","coordinates":[[[55.0775,25.1607],[55.0792,25.1564],[55.0843,25.1553],[55.0877,25.1585],[55.0859,25.1627],[55.0808,25.1639],[55.0775,25.1607]]]}},{"type":"Feature","properties":{"h3_index":"8843a1ad11fffff","h3_resolution":8,"center_lat":25.17317,"center_lng":55.10943,"risk_score":0.387,"risk_class":"moderate","flood_exposure":0.0175,"charger_access_deficit":0.8287,"transport_disruption":0.7903},"geometry":{"type":"Polygon","coordinates":[[[55.1043,25.1743],[55.1061,25.17],[55.1112,25.1689],[55.1145,25.1721],[55.1128,25.1763],[55.1077,25.1775],[55.1043,25.1743]]]}},{"type":"Feature","properties":{"h3_index":"8843a1ad13fffff","h3_resolution":8,"center_lat":25.17522,"center_lng":55.11787,"risk_score":0.3973,"risk_class":"moderate","flood_exposure":0.0294,"charger_access_deficit":0.8091,"transport_disruption":0.7859},"geometry":{"type":"Polygon","coordinates":[[[55.1128,25.1763],[55.1145,25.1721],[55.1196,25.1709],[55.123,25.1741],[55.1212,25.1784],[55.1161,25.1795],[55.1128,25.1763]]]}},{"type":"Feature","properties":{"h3_index":"8843a1ad15fffff","h3_resolution":8,"center_lat":25.16572,"center_lng":55.10787,"risk_score":0.3659,"risk_class":"moderate","flood_exposure":0.022,"charger_access_deficit":0.7843,"transport_disruption":0.7905},"geometry":{"type":"Polygon","coordinates":[[[55.1028,25.1668],[55.1045,25.1626],[55.1096,25.1614],[55.113,25.1646],[55.1112,25.1689],[55.1061,25.17],[55.1028,25.1668]]]}},{"type":"Feature","properties":{"h3_index":"8843a1ad17fffff","h3_resolution":8,"center_lat":25.16777,"center_lng":55.11631,"risk_score":0.3692,"risk_class":"moderate","flood_exposure":0.0366,"charger_access_deficit":0.7649,"transport_disruption":0.7865},"geometry":{"type":"Polygon","coordinates":[[[55.1112,25.1689],[55.113,25.1646],[55.1181,25.1635],[55.1214,25.1667],[55.1196,25.1709],[55.1145,25.1721],[55.1112,25.1689]]]}},{"type":"Feature","properties":{"h3_index":"8843a1ad19fffff","h3_resolution":8,"center_lat":25.17858,"center_lng":55.10256,"risk_score":0.4285,"risk_class":"moderate","flood_exposure":0.0068,"charger_access_deficit":0.8838,"transport_disruption":0.807},"geometry":{"type":"Polygon","coordinates":[[[55.0975,25.1797],[55.0992,25.1754],[55.1043,25.1743],[55.1077,25.1775],[55.1059,25.1817],[55.1008,25.1829],[55.0975,25.1797]]]}},{"type":"Feature","properties":{"h3_index":"8843a1ad1bfffff","h3_resolution":8,"center_lat":25.18063,"center_lng":55.111,"risk_score":0.4169,"risk_class":"moderate","flood_exposure":0.0132,"charger_access_deficit":0.8678,"transport_disruption":0.7902},"geometry":{"type":"Polygon","coordinates":[[[55.1059,25.1817],[55.1077,25.1775],[55.1128,25.1763],[55.1161,25.1795],[55.1143,25.1838],[55.1092,25.1849],[55.1059,25.1817]]]}},{"type":"Feature","properties":{"h3_index":"8843a1ad1dfffff","h3_resolution":8,"center_lat":25.17113,"center_lng":55.101,"risk_score":0.3659,"risk_class":"moderate","flood_exposure":0.0093,"charger_access_deficit":0.8451,"transport_disruption":0.8065},"geometry":{"type":"Polygon","coordinates":[[[55.0959,25.1722],[55.0977,25.168],[55.1028,25.1668],[55.1061,25.17],[55.1043,25.1743],[55.0992,25.1754],[55.0959,25.1722]]]}},{"type":"Feature","properties":{"h3_index":"8843a1ad21fffff","h3_resolution":8,"center_lat":25.14132,"center_lng":55.09476,"risk_score":0.291,"risk_class":"low","flood_exposure":0.0185,"charger_access_deficit":0.6675,"transport_disruption":0.8058},"geometry":{"type":"Polygon","coordinates":[[[55.0897,25.1424],[55.0914,25.1382],[55.0965,25.137],[55.0999,25.1402],[55.0981,25.1445],[55.093,25.1456],[55.0897,25.1424]]]}},{"type":"Feature","properties":{"h3_index":"8843a1ad23fffff","h3_resolution":8,"center_lat":25.14337,"center_lng":55.10319,"risk_score":0.2703,"risk_class":"low","flood_exposure":0.0336,"charger_access_deficit":0.6412,"transport_disruption":0.7909},"geometry":{"type":"Polygon","coordinates":[[[55.0981,25.1445],[55.0999,25.1402],[55.105,25.1391],[55.1083,25.1422],[55.1065,25.1465],[55.1014,25.1477],[55.0981,25.1445]]]}},{"type":"Feature","properties":{"h3_index":"8843a1ad25fffff","h3_resolution":8,"center_lat":25.13387,"center_lng":55.0932,"risk_score":0.2541,"risk_class":"low","flood_exposure":0.0209,"charger_access_deficit":0.6263,"transport_disruption":0.8061},"geometry":{"type":"Polygon","coordinates":[[[55.0881,25.135],[55.0899,25.1307],[55.095,25.1296],[55.0983,25.1328],[55.0965,25.137],[55.0914,25.1382],[55.0881,25.135]]]}},{"type":"Feature","properties":{"h3_index":"8843a1ad27fffff","h3_resolution":8,"center_lat":25.13592,"center_lng":55.10163,"risk_score":0.2326,"risk_class":"low","flood_exposure":0.0369,"charger_access_deficit":0.5961,"transport_disruption":0.7915},"geometry":{"type":"Polygon","coordinates":[[[55.0965,25.137],[55.0983,25.1328],[55.1034,25.1316],[55.1067,25.1348],[55.105,25.1391],[55.0999,25.1402],[55.0965,25.137]]]}},{"type":"Feature","properties":{"h3_index":"8843a1ad29fffff","h3_resolution":8,"center_lat":25.14672,"center_lng":55.08789,"risk_score":0.318,"risk_class":"low","flood_exposure":0.0077,"charger_access_deficit":0.7338,"transport_disruption":0.8294},"geometry":{"type":"Polygon","coordinates":[[[55.0828,25.1478],[55.0846,25.1436],[55.0897,25.1424],[55.093,25.1456],[55.0912,25.1499],[55.0861,25.151],[55.0828,25.1478]]]}},{"type":"Feature","properties":{"h3_index":"8843a1ad2bfffff","h3_resolution":8,"center_lat":25.14877,"center_lng":55.09632,"risk_score":0.3123,"risk_class":"low","flood_exposure":0.0165,"charger_access_deficit":0.7115,"transport_disruption":0.8057},"geometry":{"type":"Polygon","coordinates":[[[55.0912,25.1499],[55.093,25.1456],[55.0981,25.1445],[55.1014,25.1477],[55.0996,25.1519],[55.0945,25.1531],[55.0912,25.1499]]]}},{"type":"Feature","properties":{"h3_index":"8843a1ad2dfffff","h3_resolution":8,"center_lat":25.13927,"center_lng":55.08633,"risk_score":0.3094,"risk_class":"low","flood_exposure":0.0089,"charger_access_deficit":0.6933,"transport_disruption":0.8295},"geometry":{"type":"Polygon","coordinates":[[[55.0812,25.1404],[55.083,25.1361],[55.0881,25.135],[55.0914,25.1382],[55.0897,25.1424],[55.0846,25.1436],[55.0812,25.1404]]]}},{"type":"Feature","properties":{"h3_index":"8843a1ad31fffff","h3_resolution":8,"center_lat":25.15287,"center_lng":55.11318,"risk_score":0.2746,"risk_class":"low","flood_exposure":0.0498,"charger_access_deficit":0.6666,"transport_disruption":0.7875},"geometry":{"type":"Polygon","coordinates":[[[55.1081,25.154],[55.1098,25.1497],[55.1149,25.1486],[55.1183,25.1517],[55.1165,25.156],[55.1114,25.1572],[55.1081,25.154]]]}},{"type":"Feature","properties":{"h3_index":"8843a1ad33fffff","h3_resolution":8,"center_lat":25.15491,"center_lng":55.12161,"risk_score":0.3066,"risk_class":"low","flood_exposure":0.0751,"charger_access_deficit":0.6459,"transport_disruption":0.7954},"geometry":{"type":"Polygon","coordinates":[[[55.1165,25.156],[55.1183,25.1517],[55.1234,25.1506],[55.1267,25.1538],[55.1249,25.1581],[55.1198,25.1592],[55.1165,25.156]]]}},{"type":"Feature","properties":{"h3_index":"8843a1ad35fffff","h3_resolution":8,"center_lat":25.14541,"center_lng":55.11162,"risk_score":0.2585,"risk_class":"low","flood_exposure":0.0551,"charger_access_deficit":0.6167,"transport_disruption":0.7881},"geometry":{"type":"Polygon","coordinates":[[[55.1065,25.1465],[55.1083,25.1422],[55.1134,25.1411],[55.1167,25.1443],[55.1149,25.1486],[55.1098,25.1497],[55.1065,25.1465]]]}},{"type":"Feature","properties":{"h3_index":"8843a1ad37fffff","h3_resolution":8,"center_lat":25.14746,"center_lng":55.12005,"risk_score":0.263,"risk_class":"low","flood_exposure":0.0831,"charger_access_deficit":0.5949,"transport_disruption":0.7961},"geometry":{"type":"Polygon","coordinates":[[[55.1149,25.1486],[55.1167,25.1443],[55.1218,25.1432],[55.1252,25.1463],[55.1234,25.1506],[55.1183,25.1517],[55.1149,25.1486]]]}},{"type":"Feature","properties":{"h3_index":"8843a1ad39fffff","h3_resolution":8,"center_lat":25.15827,"center_lng":55.10631,"risk_score":0.3307,"risk_class":"low","flood_exposure":0.0264,"charger_access_deficit":0.7369,"transport_disruption":0.7906},"geometry":{"type":"Polygon","coordinates":[[[55.1012,25.1594],[55.103,25.1551],[55.1081,25.154],[55.1114,25.1572],[55.1096,25.1614],[55.1045,25.1626],[55.1012,25.1594]]]}},{"type":"Feature","properties":{"h3_index":"8843a1ad3bfffff","h3_resolution":8,"center_lat":25.16032,"center_lng":55.11474,"risk_score":0.3189,"risk_class":"low","flood_exposure":0.0435,"charger_access_deficit":0.7167,"transport_disruption":0.787},"geometry":{"type":"Polygon","coordinates":[[[55.1096,25.1614],[55.1114,25.1572],[55.1165,25.156],[55.1198,25.1592],[55.1181,25.1635],[55.113,25.1646],[55.1096,25.1614]]]}},{"type":"Feature","properties":{"h3_index":"8843a1ad3dfffff","h3_resolution":8,"center_lat":25.15082,"center_lng":55.10475,"risk_score":0.2872,"risk_class":"low","flood_exposure":0.0302,"charger_access_deficit":0.6887,"transport_disruption":0.7907},"geometry":{"type":"Polygon","coordinates":[[[55.0996,25.1519],[55.1014,25.1477],[55.1065,25.1465],[55.1098,25.1497],[55.1081,25.154],[55.103,25.1551],[55.0996,25.1519]]]}},{"type":"Feature","properties":{"h3_index":"8843a1ad41fffff","h3_resolution":8,"center_lat":25.17038,"center_lng":55.06883,"risk_score":0.4384,"risk_class":"moderate","flood_exposure":0.0,"charger_access_deficit":0.8992,"transport_disruption":0.8845},"geometry":{"type":"Polygon","coordinates":[[[55.0637,25.1715],[55.0655,25.1672],[55.0706,25.1661],[55.0739,25.1693],[55.0722,25.1735],[55.0671,25.1747],[55.0637,25.1715]]]}},{"type":"Feature","properties":{"h3_index":"8843a1ad43fffff","h3_resolution":8,"center_lat":25.17243,"center_lng":55.07726,"risk_score":0.45,"risk_class":"moderate","flood_exposure":0.0002,"charger_access_deficit":0.9021,"transport_disruption":0.8714},"geometry":{"type":"Polygon","coordinates":[[[55.0722,25.1735],[55.0739,25.1693],[55.079,25.1681],[55.0824,25.1713],[55.0806,25.1756],[55.0755,25.1767],[55.0722,25.1735]]]}},{"type":"Feature","properties":{"h3_index":"8843a1ad45fffff","h3_resolution":8,"center_lat":25.16293,"center_lng":55.06727,"risk_score":0.4253,"risk_class":"moderate","flood_exposure":0.0,"charger_access_deficit":0.864,"transport_disruption":0.8838},"geometry":{"type":"Polygon","coordinates":[[[55.0622,25.164],[55.0639,25.1598],[55.069,25.1586],[55.0724,25.1618],[55.0706,25.1661],[55.0655,25.1672],[55.0622,25.164]]]}},{"type":"Feature","properties":{"h3_index":"8843a1ad47fffff","h3_resolution":8,"center_lat":25.16498,"center_lng":55.0757,"risk_score":0.4074,"risk_class":"moderate","flood_exposure":0.0004,"charger_access_deficit":0.8669,"transport_disruption":0.8705},"geometry":{"type":"Polygon","coordinates":[[[55.0706,25.1661],[55.0724,25.1618],[55.0775,25.1607],[55.0808,25.1639],[55.079,25.1681],[55.0739,25.1693],[55.0706,25.1661]]]}},{"type":"Feature","properties":{"h3_index":"8843a1ad4bfffff","h3_resolution":8,"center_lat":25.17783,"center_lng":55.07038,"risk_score":0.4585,"risk_class":"moderate","flood_exposure":0.0,"charger_access_deficit":0.9303,"transport_disruption":0.8858},"geometry":{"type":"Polygon","coordinates":[[[55.0653,25.1789],[55.0671,25.1747],[55.0722,25.1735],[55.0755,25.1767],[55.0737,25.181],[55.0686,25.1821],[55.0653,25.1789]]]}},{"type":"Feature","properties":{"h3_index":"8843a1ad51fffff","h3_resolution":8,"center_lat":25.18193,"center_lng":55.08725,"risk_score":0.4587,"risk_class":"moderate","flood_exposure":0.0006,"charger_access_deficit":0.9332,"transport_disruption":0.856},"geometry":{"type":"Polygon","coordinates":[[[55.0821,25.1831],[55.0839,25.1788],[55.089,25.1776],[55.0924,25.1808],[55.0906,25.1851],[55.0855,25.1862],[55.0821,25.1831]]]}},{"type":"Feature","properties":{"h3_index":"8843a1ad53fffff","h3_resolution":8,"center_lat":25.18398,"center_lng":55.09569,"risk_score":0.4555,"risk_class":"moderate","flood_exposure":0.0019,"charger_access_deficit":0.928,"transport_disruption":0.8329},"geometry":{"type":"Polygon","coordinates":[[[55.0906,25.1851],[55.0924,25.1808],[55.0975,25.1797],[55.1008,25.1829],[55.099,25.1872],[55.0939,25.1883],[55.0906,25.1851]]]}},{"type":"Feature","properties":{"h3_index":"8843a1ad55fffff","h3_resolution":8,"center_lat":25.17448,"center_lng":55.08569,"risk_score":0.4262,"risk_class":"moderate","flood_exposure":0.001,"charger_access_deficit":0.9024,"transport_disruption":0.8548},"geometry":{"type":"Polygon","coordinates":[[[55.0806,25.1756],[55.0824,25.1713],[55.0875,25.1702],[55.0908,25.1734],[55.089,25.1776],[55.0839,25.1788],[55.0806,25.1756]]]}},{"type":"Feature","properties":{"h3_index":"8843a1ad57fffff","h3_resolution":8,"center_lat":25.17653,"center_lng":55.09413,"risk_score":0.4361,"risk_class":"moderate","flood_exposure":0.0029,"charger_access_deficit":0.8965,"transport_disruption":0.8318},"geometry":{"type":"Polygon","coordinates":[[[55.089,25.1776],[55.0908,25.1734],[55.0959,25.1722],[55.0992,25.1754],[55.0975,25.1797],[55.0924,25.1808],[55.089,25.1776]]]}},{"type":"Feature","properties":{"h3_index":"8843a1ad59fffff","h3_resolution":8,"center_lat":25.18734,"center_lng":55.08038,"risk_score":0.4707,"risk_class":"moderate","flood_exposure":0.0,"charger_access_deficit":0.9557,"transport_disruption":0.8723},"geometry":{"type":"Polygon","coordinates":[[[55.0753,25.1885],[55.077,25.1842],[55.0821,25.1831],[55.0855,25.1862],[55.0837,25.1905],[55.0786,25.1916],[55.0753,25.1885]]]}},{"type":"Feature","properties":{"h3_index":"8843a1ad5bfffff","h3_resolution":8,"center_lat":25.18939,"center_lng":55.08881,"risk_score":0.5133,"risk_class":"moderate","flood_exposure":0.0003,"charger_access_deficit":0.9558,"transport_disruption":0.8553},"geometry":{"type":"Polygon","coordinates":[[[55.0837,25.1905],[55.0855,25.1862],[55.0906,25.1851],[55.0939,25.1883],[55.0921,25.1926],[55.087,25.1937],[55.0837,25.1905]]]}},{"type":"Feature","properties":{"h3_index":"8843a1ad5dfffff","h3_resolution":8,"center_lat":25.17988,"center_lng":55.07882,"risk_score":0.454,"risk_class":"moderate","flood_exposure":0.0001,"charger_access_deficit":0.9329,"transport_disruption":0.8727},"geometry":{"type":"Polygon","coordinates":[[[55.0737,25.181],[55.0755,25.1767],[55.0806,25.1756],[55.0839,25.1788],[55.0821,25.1831],[55.077,25.1842],[55.0737,25.181]]]}},{"type":"Feature","properties":{"h3_index":"8843a1ad61fffff","h3_resolution":8,"center_lat":25.15007,"center_lng":55.07259,"risk_score":0.3608,"risk_class":"moderate","flood_exposure":0.0007,"charger_access_deficit":0.7908,"transport_disruption":0.8692},"geometry":{"type":"Polygon","coordinates":[[[55.0675,25.1512],[55.0693,25.1469],[55.0744,25.1458],[55.0777,25.149],[55.0759,25.1532],[55.0708,25.1544],[55.0675,25.1512]]]}},{"type":"Feature","properties":{"h3_index":"8843a1ad63fffff","h3_resolution":8,"center_lat":25.15212,"center_lng":55.08102,"risk_score":0.3672,"risk_class":"moderate","flood_exposure":0.0025,"charger_access_deficit":0.7877,"transport_disruption":0.8524},"geometry":{"type":"Polygon","coordinates":[[[55.0759,25.1532],[55.0777,25.149],[55.0828,25.1478],[55.0861,25.151],[55.0843,25.1553],[55.0792,25.1564],[55.0759,25.1532]]]}},{"type":"Feature","properties":{"h3_index":"8843a1ad65fffff","h3_resolution":8,"center_lat":25.14262,"center_lng":55.07103,"risk_score":0.3343,"risk_class":"low","flood_exposure":0.001,"charger_access_deficit":0.7533,"transport_disruption":0.8688},"geometry":{"type":"Polygon","coordinates":[[[55.0659,25.1437],[55.0677,25.1395],[55.0728,25.1383],[55.0761,25.1415],[55.0744,25.1458],[55.0693,25.1469],[55.0659,25.1437]]]}},{"type":"Feature","properties":{"h3_index":"8843a1ad67fffff","h3_resolution":8,"center_lat":25.14467,"center_lng":55.07946,"risk_score":0.3498,"risk_class":"low","flood_exposure":0.0031,"charger_access_deficit":0.7482,"transport_disruption":0.8519},"geometry":{"type":"Polygon","coordinates":[[[55.0744,25.1458],[55.0761,25.1415],[55.0812,25.1404],[55.0846,25.1436],[55.0828,25.1478],[55.0777,25.149],[55.0744,25.1458]]]}},{"type":"Feature","properties":{"h3_index":"8843a1ad69fffff","h3_resolution":8,"center_lat":25.15547,"center_lng":55.06571,"risk_score":0.4253,"risk_class":"moderate","flood_exposure":0.0001,"charger_access_deficit":0.8269,"transport_disruption":0.8832},"geometry":{"type":"Polygon","coordinates":[[[55.0606,25.1566],[55.0624,25.1523],[55.0675,25.1512],[55.0708,25.1544],[55.069,25.1586],[55.0639,25.1598],[55.0606,25.1566]]]}},{"type":"Feature","properties":{"h3_index":"8843a1ad6bfffff","h3_resolution":8,"center_lat":25.15752,"center_lng":55.07414,"risk_score":0.392,"risk_class":"moderate","flood_exposure":0.0006,"charger_access_deficit":0.8291,"transport_disruption":0.8698},"geometry":{"type":"Polygon","coordinates":[[[55.069,25.1586],[55.0708,25.1544],[55.0759,25.1532],[55.0792,25.1564],[55.0775,25.1607],[55.0724,25.1618],[55.069,25.1586]]]}},{"type":"Feature","properties":{"h3_index":"8843a1ad6dfffff","h3_resolution":8,"center_lat":25.14802,"center_lng":55.06416,"risk_score":0.3777,"risk_class":"moderate","flood_exposure":0.0001,"charger_access_deficit":0.7896,"transport_disruption":0.8825},"geometry":{"type":"Polygon","coordinates":[[[55.0591,25.1491],[55.0608,25.1449],[55.0659,25.1437],[55.0693,25.1469],[55.0675,25.1512],[55.0624,25.1523],[55.0591,25.1491]]]}},{"type":"Feature","properties":{"h3_index":"8843a1ad81fffff","h3_resolution":8,"center_lat":25.17596,"center_lng":55.15005,"risk_score":0.3515,"risk_class":"moderate","flood_exposure":0.1329,"charger_access_deficit":0.6508,"transport_disruption":0.8158},"geometry":{"type":"Polygon","coordinates":[[[55.1449,25.1771],[55.1467,25.1728],[55.1518,25.1717],[55.1552,25.1748],[55.1534,25.1791],[55.1483,25.1802],[55.1449,25.1771]]]}},{"type":"Feature","properties":{"h3_index":"8843a1ad83fffff","h3_resolution":8,"center_lat":25.17801,"center_lng":55.15849,"risk_score":0.3461,"risk_class":"low","flood_exposure":0.1635,"charger_access_deficit":0.6098,"transport_disruption":0.7936},"geometry":{"type":"Polygon","coordinates":[[[55.1534,25.1791],[55.1552,25.1748],[55.1603,25.1737],[55.1636,25.1769],[55.1618,25.1812],[55.1567,25.1823],[55.1534,25.1791]]]}},{"type":"Feature","properties":{"h3_index":"8843a1ad85fffff","h3_resolution":8,"center_lat":25.16851,"center_lng":55.14849,"risk_score":0.3707,"risk_class":"moderate","flood_exposure":0.1532,"charger_access_deficit":0.6161,"transport_disruption":0.8156},"geometry":{"type":"Polygon","coordinates":[[[55.1434,25.1696],[55.1452,25.1653],[55.1503,25.1642],[55.1536,25.1674],[55.1518,25.1717],[55.1467,25.1728],[55.1434,25.1696]]]}},{"type":"Feature","properties":{"h3_index":"8843a1ad87fffff","h3_resolution":8,"center_lat":25.17055,"center_lng":55.15692,"risk_score":0.356,"risk_class":"moderate","flood_exposure":0.1858,"charger_access_deficit":0.581,"transport_disruption":0.7928},"geometry":{"type":"Polygon","coordinates":[[[55.1518,25.1717],[55.1536,25.1674],[55.1587,25.1663],[55.162,25.1694],[55.1603,25.1737],[55.1552,25.1748],[55.1518,25.1717]]]}},{"type":"Feature","properties":{"h3_index":"8843a1ad89fffff","h3_resolution":8,"center_lat":25.18137,"center_lng":55.14318,"risk_score":0.3583,"risk_class":"moderate","flood_exposure":0.0874,"charger_access_deficit":0.7198,"transport_disruption":0.8178},"geometry":{"type":"Polygon","coordinates":[[[55.1381,25.1825],[55.1398,25.1782],[55.1449,25.1771],[55.1483,25.1802],[55.1465,25.1845],[55.1414,25.1857],[55.1381,25.1825]]]}},{"type":"Feature","properties":{"h3_index":"8843a1ad8bfffff","h3_resolution":8,"center_lat":25.18342,"center_lng":55.15162,"risk_score":0.3836,"risk_class":"moderate","flood_exposure":0.1139,"charger_access_deficit":0.6778,"transport_disruption":0.8163},"geometry":{"type":"Polygon","coordinates":[[[55.1465,25.1845],[55.1483,25.1802],[55.1534,25.1791],[55.1567,25.1823],[55.155,25.1866],[55.1499,25.1877],[55.1465,25.1845]]]}},{"type":"Feature","properties":{"h3_index":"8843a1ad8dfffff","h3_resolution":8,"center_lat":25.17391,"center_lng":55.14161,"risk_score":0.3777,"risk_class":"moderate","flood_exposure":0.1043,"charger_access_deficit":0.6868,"transport_disruption":0.8181},"geometry":{"type":"Polygon","coordinates":[[[55.1365,25.175],[55.1383,25.1707],[55.1434,25.1696],[55.1467,25.1728],[55.1449,25.1771],[55.1398,25.1782],[55.1365,25.175]]]}},{"type":"Feature","properties":{"h3_index":"8843a1ad91fffff","h3_resolution":8,"center_lat":25.18751,"center_lng":55.1685,"risk_score":0.3273,"risk_class":"low","flood_exposure":0.178,"charger_access_deficit":0.5782,"transport_disruption":0.7526},"geometry":{"type":"Polygon","coordinates":[[[55.1634,25.1886],[55.1652,25.1843],[55.1703,25.1832],[55.1736,25.1864],[55.1718,25.1907],[55.1667,25.1918],[55.1634,25.1886]]]}},{"type":"Feature","properties":{"h3_index":"8843a1ad93fffff","h3_resolution":8,"center_lat":25.18956,"center_lng":55.17694,"risk_score":0.2819,"risk_class":"low","flood_exposure":0.2158,"charger_access_deficit":0.5226,"transport_disruption":0.6962},"geometry":{"type":"Polygon","coordinates":[[[55.1718,25.1907],[55.1736,25.1864],[55.1787,25.1853],[55.182,25.1884],[55.1803,25.1927],[55.1752,25.1938],[55.1718,25.1907]]]}},{"type":"Feature","properties":{"h3_index":"8843a1ad95fffff","h3_resolution":8,"center_lat":25.18006,"center_lng":55.16693,"risk_score":0.326,"risk_class":"low","flood_exposure":0.1963,"charger_access_deficit":0.5645,"transport_disruption":0.7515},"geometry":{"type":"Polygon","coordinates":[[[55.1618,25.1812],[55.1636,25.1769],[55.1687,25.1758],[55.172,25.1789],[55.1703,25.1832],[55.1652,25.1843],[55.1618,25.1812]]]}},{"type":"Feature","properties":{"h3_index":"8843a1ad97fffff","h3_resolution":8,"center_lat":25.1821,"center_lng":55.17537,"risk_score":0.2868,"risk_class":"low","flood_exposure":0.2313,"charger_access_deficit":0.5153,"transport_disruption":0.6959},"geometry":{"type":"Polygon","coordinates":[[[55.1703,25.1832],[55.172,25.1789],[55.1771,25.1778],[55.1805,25.181],[55.1787,25.1853],[55.1736,25.1864],[55.1703,25.1832]]]}},{"type":"Feature","properties":{"h3_index":"8843a1ad99fffff","h3_resolution":8,"center_lat":25.19292,"center_lng":55.16163,"risk_score":0.3498,"risk_class":"low","flood_exposure":0.129,"charger_access_deficit":0.6435,"transport_disruption":0.7962},"geometry":{"type":"Polygon","coordinates":[[[55.1565,25.194],[55.1583,25.1898],[55.1634,25.1886],[55.1667,25.1918],[55.165,25.1961],[55.1599,25.1972],[55.1565,25.194]]]}},{"type":"Feature","properties":{"h3_index":"8843a1ad9bfffff","h3_resolution":8,"center_lat":25.19497,"center_lng":55.17007,"risk_score":0.3127,"risk_class":"low","flood_exposure":0.1653,"charger_access_deficit":0.5863,"transport_disruption":0.7542},"geometry":{"type":"Polygon","coordinates":[[[55.165,25.1961],[55.1667,25.1918],[55.1718,25.1907],[55.1752,25.1938],[55.1734,25.1981],[55.1683,25.1993],[55.165,25.1961]]]}},{"type":"Feature","properties":{"h3_index":"8843a1ad9dfffff","h3_resolution":8,"center_lat":25.18546,"center_lng":55.16006,"risk_score":0.3148,"risk_class":"low","flood_exposure":0.1441,"charger_access_deficit":0.6303,"transport_disruption":0.7948},"geometry":{"type":"Polygon","coordinates":[[[55.155,25.1866],[55.1567,25.1823],[55.1618,25.1812],[55.1652,25.1843],[55.1634,25.1886],[55.1583,25.1898],[55.155,25.1866]]]}},{"type":"Feature","properties":{"h3_index":"8843a1ada1fffff","h3_resolution":8,"center_lat":25.15565,"center_lng":55.15379,"risk_score":0.3389,"risk_class":"low","flood_exposure":0.2302,"charger_access_deficit":0.5044,"transport_disruption":0.7921},"geometry":{"type":"Polygon","coordinates":[[[55.1487,25.1568],[55.1505,25.1525],[55.1556,25.1514],[55.1589,25.1545],[55.1571,25.1588],[55.152,25.1599],[55.1487,25.1568]]]}},{"type":"Feature","properties":{"h3_index":"8843a1ada3fffff","h3_resolution":8,"center_lat":25.15769,"center_lng":55.16223,"risk_score":0.3222,"risk_class":"low","flood_exposure":0.2678,"charger_access_deficit":0.475,"transport_disruption":0.7509},"geometry":{"type":"Polygon","coordinates":[[[55.1571,25.1588],[55.1589,25.1545],[55.164,25.1534],[55.1673,25.1566],[55.1656,25.1609],[55.1605,25.162],[55.1571,25.1588]]]}},{"type":"Feature","properties":{"h3_index":"8843a1ada5fffff","h3_resolution":8,"center_lat":25.1482,"center_lng":55.15222,"risk_score":0.326,"risk_class":"low","flood_exposure":0.2488,"charger_access_deficit":0.4608,"transport_disruption":0.792},"geometry":{"type":"Polygon","coordinates":[[[55.1471,25.1493],[55.1489,25.145],[55.154,25.1439],[55.1573,25.1471],[55.1556,25.1514],[55.1505,25.1525],[55.1471,25.1493]]]}},{"type":"Feature","properties":{"h3_index":"8843a1ada7fffff","h3_resolution":8,"center_lat":25.15024,"center_lng":55.16066,"risk_score":0.3075,"risk_class":"low","flood_exposure":0.2898,"charger_access_deficit":0.4341,"transport_disruption":0.7517},"geometry":{"type":"Polygon","coordinates":[[[55.1556,25.1514],[55.1573,25.1471],[55.1624,25.146],[55.1658,25.1491],[55.164,25.1534],[55.1589,25.1545],[55.1556,25.1514]]]}},{"type":"Feature","properties":{"h3_index":"8843a1ada9fffff","h3_resolution":8,"center_lat":25.16105,"center_lng":55.14692,"risk_score":0.3418,"risk_class":"low","flood_exposure":0.1733,"charger_access_deficit":0.5756,"transport_disruption":0.8156},"geometry":{"type":"Polygon","coordinates":[[[55.1418,25.1622],[55.1436,25.1579],[55.1487,25.1568],[55.152,25.1599],[55.1503,25.1642],[55.1452,25.1653],[55.1418,25.1622]]]}},{"type":"Feature","properties":{"h3_index":"8843a1adabfffff","h3_resolution":8,"center_lat":25.1631,"center_lng":55.15536,"risk_score":0.3524,"risk_class":"moderate","flood_exposure":0.2087,"charger_access_deficit":0.5452,"transport_disruption":0.7923},"geometry":{"type":"Polygon","coordinates":[[[55.1503,25.1642],[55.152,25.1599],[55.1571,25.1588],[55.1605,25.162],[55.1587,25.1663],[55.1536,25.1674],[55.1503,25.1642]]]}},{"type":"Feature","properties":{"h3_index":"8843a1adadfffff","h3_resolution":8,"center_lat":25.1536,"center_lng":55.14535,"risk_score":0.3286,"risk_class":"low","flood_exposure":0.1914,"charger_access_deficit":0.5311,"transport_disruption":0.8156},"geometry":{"type":"Polygon","coordinates":[[[55.1403,25.1547],[55.142,25.1504],[55.1471,25.1493],[55.1505,25.1525],[55.1487,25.1568],[55.1436,25.1579],[55.1403,25.1547]]]}},{"type":"Feature","properties":{"h3_index":"8843a1adb1fffff","h3_resolution":8,"center_lat":25.16719,"center_lng":55.17223,"risk_score":0.3117,"risk_class":"low","flood_exposure":0.2775,"charger_access_deficit":0.4768,"transport_disruption":0.6976},"geometry":{"type":"Polygon","coordinates":[[[55.1671,25.1683],[55.1689,25.164],[55.174,25.1629],[55.1773,25.1661],[55.1756,25.1704],[55.1705,25.1715],[55.1671,25.1683]]]}},{"type":"Feature","properties":{"h3_index":"8843a1adb3fffff","h3_resolution":8,"center_lat":25.16924,"center_lng":55.18067,"risk_score":0.3321,"risk_class":"low","flood_exposure":0.3106,"charger_access_deficit":0.44,"transport_disruption":0.6434},"geometry":{"type":"Polygon","coordinates":[[[55.1756,25.1704],[55.1773,25.1661],[55.1824,25.1649],[55.1858,25.1681],[55.184,25.1724],[55.1789,25.1735],[55.1756,25.1704]]]}},{"type":"Feature","properties":{"h3_index":"8843a1adb5fffff","h3_resolution":8,"center_lat":25.15974,"center_lng":55.17066,"risk_score":0.3047,"risk_class":"low","flood_exposure":0.3037,"charger_access_deficit":0.4443,"transport_disruption":0.6996},"geometry":{"type":"Polygon","coordinates":[[[55.1656,25.1609],[55.1673,25.1566],[55.1724,25.1555],[55.1758,25.1586],[55.174,25.1629],[55.1689,25.164],[55.1656,25.1609]]]}},{"type":"Feature","properties":{"h3_index":"8843a1adb7fffff","h3_resolution":8,"center_lat":25.16178,"center_lng":55.1791,"risk_score":0.295,"risk_class":"low","flood_exposure":0.3374,"charger_access_deficit":0.4138,"transport_disruption":0.6481},"geometry":{"type":"Polygon","coordinates":[[[55.174,25.1629],[55.1758,25.1586],[55.1809,25.1575],[55.1842,25.1607],[55.1824,25.1649],[55.1773,25.1661],[55.174,25.1629]]]}},{"type":"Feature","properties":{"h3_index":"8843a1adb9fffff","h3_resolution":8,"center_lat":25.1726,"center_lng":55.16536,"risk_score":0.3511,"risk_class":"moderate","flood_exposure":0.2189,"charger_access_deficit":0.5424,"transport_disruption":0.7508},"geometry":{"type":"Polygon","coordinates":[[[55.1603,25.1737],[55.162,25.1694],[55.1671,25.1683],[55.1705,25.1715],[55.1687,25.1758],[55.1636,25.1769],[55.1603,25.1737]]]}},{"type":"Feature","properties":{"h3_index":"8843a1adbbfffff","h3_resolution":8,"center_lat":25.17465,"center_lng":55.1738,"risk_score":0.2933,"risk_class":"low","flood_exposure":0.2525,"charger_access_deficit":0.5007,"transport_disruption":0.6964},"geometry":{"type":"Polygon","coordinates":[[[55.1687,25.1758],[55.1705,25.1715],[55.1756,25.1704],[55.1789,25.1735],[55.1771,25.1778],[55.172,25.1789],[55.1687,25.1758]]]}},{"type":"Feature","properties":{"h3_index":"8843a1adbdfffff","h3_resolution":8,"center_lat":25.16515,"center_lng":55.16379,"risk_score":0.3111,"risk_class":"low","flood_exposure":0.2435,"charger_access_deficit":0.5119,"transport_disruption":0.7506},"geometry":{"type":"Polygon","coordinates":[[[55.1587,25.1663],[55.1605,25.162],[55.1656,25.1609],[55.1689,25.164],[55.1671,25.1683],[55.162,25.1694],[55.1587,25.1663]]]}},{"type":"Feature","properties":{"h3_index":"8843a1adc1fffff","h3_resolution":8,"center_lat":25.18473,"center_lng":55.12787,"risk_score":0.3682,"risk_class":"moderate","flood_exposure":0.0352,"charger_access_deficit":0.8201,"transport_disruption":0.7921},"geometry":{"type":"Polygon","coordinates":[[[55.1228,25.1858],[55.1245,25.1816],[55.1296,25.1804],[55.133,25.1836],[55.1312,25.1879],[55.1261,25.189],[55.1228,25.1858]]]}},{"type":"Feature","properties":{"h3_index":"8843a1adc3fffff","h3_resolution":8,"center_lat":25.18678,"center_lng":55.13631,"risk_score":0.3905,"risk_class":"moderate","flood_exposure":0.0517,"charger_access_deficit":0.7861,"transport_disruption":0.8059},"geometry":{"type":"Polygon","coordinates":[[[55.1312,25.1879],[55.133,25.1836],[55.1381,25.1825],[55.1414,25.1857],[55.1396,25.1899],[55.1345,25.1911],[55.1312,25.1879]]]}},{"type":"Feature","properties":{"h3_index":"8843a1adc5fffff","h3_resolution":8,"center_lat":25.17727,"center_lng":55.1263,"risk_score":0.3811,"risk_class":"moderate","flood_exposure":0.045,"charger_access_deficit":0.7852,"transport_disruption":0.7929},"geometry":{"type":"Polygon","coordinates":[[[55.1212,25.1784],[55.123,25.1741],[55.1281,25.173],[55.1314,25.1762],[55.1296,25.1804],[55.1245,25.1816],[55.1212,25.1784]]]}},{"type":"Feature","properties":{"h3_index":"8843a1adc7fffff","h3_resolution":8,"center_lat":25.17932,"center_lng":55.13474,"risk_score":0.383,"risk_class":"moderate","flood_exposure":0.0644,"charger_access_deficit":0.7556,"transport_disruption":0.8065},"geometry":{"type":"Polygon","coordinates":[[[55.1296,25.1804],[55.1314,25.1762],[55.1365,25.175],[55.1398,25.1782],[55.1381,25.1825],[55.133,25.1836],[55.1296,25.1804]]]}},{"type":"Feature","properties":{"h3_index":"8843a1adc9fffff","h3_resolution":8,"center_lat":25.19013,"center_lng":55.121,"risk_score":0.3903,"risk_class":"moderate","flood_exposure":0.0164,"charger_access_deficit":0.8773,"transport_disruption":0.7848},"geometry":{"type":"Polygon","coordinates":[[[55.1159,25.1913],[55.1177,25.187],[55.1228,25.1858],[55.1261,25.189],[55.1243,25.1933],[55.1192,25.1944],[55.1159,25.1913]]]}},{"type":"Feature","properties":{"h3_index":"8843a1adcbfffff","h3_resolution":8,"center_lat":25.19218,"center_lng":55.12943,"risk_score":0.4131,"risk_class":"moderate","flood_exposure":0.0268,"charger_access_deficit":0.847,"transport_disruption":0.7914},"geometry":{"type":"Polygon","coordinates":[[[55.1243,25.1933],[55.1261,25.189],[55.1312,25.1879],[55.1345,25.1911],[55.1328,25.1954],[55.1277,25.1965],[55.1243,25.1933]]]}},{"type":"Feature","properties":{"h3_index":"8843a1adcdfffff","h3_resolution":8,"center_lat":25.18268,"center_lng":55.11943,"risk_score":0.4102,"risk_class":"moderate","flood_exposure":0.0225,"charger_access_deficit":0.8471,"transport_disruption":0.7852},"geometry":{"type":"Polygon","coordinates":[[[55.1143,25.1838],[55.1161,25.1795],[55.1212,25.1784],[55.1245,25.1816],[55.1228,25.1858],[55.1177,25.187],[55.1143,25.1838]]]}},{"type":"Feature","properties":{"h3_index":"8843a1add1fffff","h3_resolution":8,"center_lat":25.19628,"center_lng":55.14631,"risk_score":0.3775,"risk_class":"moderate","flood_exposure":0.0609,"charger_access_deficit":0.7624,"transport_disruption":0.8176},"geometry":{"type":"Polygon","coordinates":[[[55.1412,25.1974],[55.143,25.1931],[55.1481,25.192],[55.1514,25.1952],[55.1497,25.1994],[55.1445,25.2006],[55.1412,25.1974]]]}},{"type":"Feature","properties":{"h3_index":"8843a1add3fffff","h3_resolution":8,"center_lat":25.19833,"center_lng":55.15476,"risk_score":0.3638,"risk_class":"moderate","flood_exposure":0.0867,"charger_access_deficit":0.7096,"transport_disruption":0.8178},"geometry":{"type":"Polygon","coordinates":[[[55.1497,25.1994],[55.1514,25.1952],[55.1565,25.194],[55.1599,25.1972],[55.1581,25.2015],[55.153,25.2026],[55.1497,25.1994]]]}},{"type":"Feature","properties":{"h3_index":"8843a1add5fffff","h3_resolution":8,"center_lat":25.18882,"center_lng":55.14475,"risk_score":0.3853,"risk_class":"moderate","flood_exposure":0.0725,"charger_access_deficit":0.7449,"transport_disruption":0.8176},"geometry":{"type":"Polygon","coordinates":[[[55.1396,25.1899],[55.1414,25.1857],[55.1465,25.1845],[55.1499,25.1877],[55.1481,25.192],[55.143,25.1931],[55.1396,25.1899]]]}},{"type":"Feature","properties":{"h3_index":"8843a1add7fffff","h3_resolution":8,"center_lat":25.19087,"center_lng":55.15319,"risk_score":0.3684,"risk_class":"moderate","flood_exposure":0.0982,"charger_access_deficit":0.6969,"transport_disruption":0.817},"geometry":{"type":"Polygon","coordinates":[[[55.1481,25.192],[55.1499,25.1877],[55.155,25.1866],[55.1583,25.1898],[55.1565,25.194],[55.1514,25.1952],[55.1481,25.192]]]}},{"type":"Feature","properties":{"h3_index":"8843a1add9fffff","h3_resolution":8,"center_lat":25.20169,"center_lng":55.13944,"risk_score":0.4032,"risk_class":"moderate","flood_exposure":0.0337,"charger_access_deficit":0.824,"transport_disruption":0.8051},"geometry":{"type":"Polygon","coordinates":[[[55.1343,25.2028],[55.1361,25.1985],[55.1412,25.1974],[55.1445,25.2006],[55.1428,25.2049],[55.1377,25.206],[55.1343,25.2028]]]}},{"type":"Feature","properties":{"h3_index":"8843a1addbfffff","h3_resolution":8,"center_lat":25.20374,"center_lng":55.14788,"risk_score":0.3659,"risk_class":"moderate","flood_exposure":0.0531,"charger_access_deficit":0.7743,"transport_disruption":0.8178},"geometry":{"type":"Polygon","coordinates":[[[55.1428,25.2049],[55.1445,25.2006],[55.1497,25.1994],[55.153,25.2026],[55.1512,25.2069],[55.1461,25.208],[55.1428,25.2049]]]}},{"type":"Feature","properties":{"h3_index":"8843a1adddfffff","h3_resolution":8,"center_lat":25.19423,"center_lng":55.13787,"risk_score":0.3876,"risk_class":"moderate","flood_exposure":0.0413,"charger_access_deficit":0.8087,"transport_disruption":0.8054},"geometry":{"type":"Polygon","coordinates":[[[55.1328,25.1954],[55.1345,25.1911],[55.1396,25.1899],[55.143,25.1931],[55.1412,25.1974],[55.1361,25.1985],[55.1328,25.1954]]]}},{"type":"Feature","properties":{"h3_index":"8843a1ade1fffff","h3_resolution":8,"center_lat":25.16441,"center_lng":55.13161,"risk_score":0.3233,"risk_class":"low","flood_exposure":0.0922,"charger_access_deficit":0.6736,"transport_disruption":0.8083},"geometry":{"type":"Polygon","coordinates":[[[55.1265,25.1655],[55.1283,25.1612],[55.1334,25.1601],[55.1367,25.1633],[55.1349,25.1676],[55.1298,25.1687],[55.1265,25.1655]]]}},{"type":"Feature","properties":{"h3_index":"8843a1ade3fffff","h3_resolution":8,"center_lat":25.16646,"center_lng":55.14005,"risk_score":0.3574,"risk_class":"moderate","flood_exposure":0.1218,"charger_access_deficit":0.6471,"transport_disruption":0.8186},"geometry":{"type":"Polygon","coordinates":[[[55.1349,25.1676],[55.1367,25.1633],[55.1418,25.1622],[55.1452,25.1653],[55.1434,25.1696],[55.1383,25.1707],[55.1349,25.1676]]]}},{"type":"Feature","properties":{"h3_index":"8843a1ade5fffff","h3_resolution":8,"center_lat":25.15696,"center_lng":55.13005,"risk_score":0.3252,"risk_class":"low","flood_exposure":0.1051,"charger_access_deficit":0.6252,"transport_disruption":0.8091},"geometry":{"type":"Polygon","coordinates":[[[55.1249,25.1581],[55.1267,25.1538],[55.1318,25.1527],[55.1351,25.1558],[55.1334,25.1601],[55.1283,25.1612],[55.1249,25.1581]]]}},{"type":"Feature","properties":{"h3_index":"8843a1ade7fffff","h3_resolution":8,"center_lat":25.15901,"center_lng":55.13848,"risk_score":0.3304,"risk_class":"low","flood_exposure":0.1383,"charger_access_deficit":0.6023,"transport_disruption":0.8192},"geometry":{"type":"Polygon","coordinates":[[[55.1334,25.1601],[55.1351,25.1558],[55.1403,25.1547],[55.1436,25.1579],[55.1418,25.1622],[55.1367,25.1633],[55.1334,25.1601]]]}},{"type":"Feature","properties":{"h3_index":"8843a1ade9fffff","h3_resolution":8,"center_lat":25.16982,"center_lng":55.12474,"risk_score":0.357,"risk_class":"moderate","flood_exposure":0.0555,"charger_access_deficit":0.7433,"transport_disruption":0.7938},"geometry":{"type":"Polygon","coordinates":[[[55.1196,25.1709],[55.1214,25.1667],[55.1265,25.1655],[55.1298,25.1687],[55.1281,25.173],[55.123,25.1741],[55.1196,25.1709]]]}},{"type":"Feature","properties":{"h3_index":"8843a1adebfffff","h3_resolution":8,"center_lat":25.17187,"center_lng":55.13318,"risk_score":0.337,"risk_class":"low","flood_exposure":0.0784,"charger_access_deficit":0.7177,"transport_disruption":0.8074},"geometry":{"type":"Polygon","coordinates":[[[55.1281,25.173],[55.1298,25.1687],[55.1349,25.1676],[55.1383,25.1707],[55.1365,25.175],[55.1314,25.1762],[55.1281,25.173]]]}},{"type":"Feature","properties":{"h3_index":"8843a1adedfffff","h3_resolution":8,"center_lat":25.16237,"center_lng":55.12318,"risk_score":0.3414,"risk_class":"low","flood_exposure":0.0657,"charger_access_deficit":0.6961,"transport_disruption":0.7947},"geometry":{"type":"Polygon","coordinates":[[[55.1181,25.1635],[55.1198,25.1592],[55.1249,25.1581],[55.1283,25.1612],[55.1265,25.1655],[55.1214,25.1667],[55.1181,25.1635]]]}},{"type":"Feature","properties":{"h3_index":"8843a1ae81fffff","h3_resolution":8,"center_lat":25.26604,"center_lng":55.11288,"risk_score":0.4814,"risk_class":"moderate","flood_exposure":0.0,"charger_access_deficit":0.9978,"transport_disruption":0.8139},"geometry":{"type":"Polygon","coordinates":[[[55.1078,25.2672],[55.1095,25.2629],[55.1146,25.2617],[55.118,25.2649],[55.1162,25.2692],[55.1111,25.2703],[55.1078,25.2672]]]}},{"type":"Feature","properties":{"h3_index":"8843a1ae83fffff","h3_resolution":8,"center_lat":25.26809,"center_lng":55.12132,"risk_score":0.4823,"risk_class":"moderate","flood_exposure":0.0001,"charger_access_deficit":0.9954,"transport_disruption":0.7988},"geometry":{"type":"Polygon","coordinates":[[[55.1162,25.2692],[55.118,25.2649],[55.1231,25.2638],[55.1264,25.267],[55.1247,25.2713],[55.1196,25.2724],[55.1162,25.2692]]]}},{"type":"Feature","properties":{"h3_index":"8843a1ae85fffff","h3_resolution":8,"center_lat":25.25857,"center_lng":55.11131,"risk_score":0.504,"risk_class":"moderate","flood_exposure":0.0,"charger_access_deficit":0.9964,"transport_disruption":0.8189},"geometry":{"type":"Polygon","coordinates":[[[55.1062,25.2597],[55.108,25.2554],[55.1131,25.2543],[55.1164,25.2575],[55.1146,25.2617],[55.1095,25.2629],[55.1062,25.2597]]]}},{"type":"Feature","properties":{"h3_index":"8843a1ae87fffff","h3_resolution":8,"center_lat":25.26063,"center_lng":55.11976,"risk_score":0.4705,"risk_class":"moderate","flood_exposure":0.0001,"charger_access_deficit":0.9929,"transport_disruption":0.8041},"geometry":{"type":"Polygon","coordinates":[[[55.1146,25.2617],[55.1164,25.2575],[55.1215,25.2563],[55.1249,25.2595],[55.1231,25.2638],[55.118,25.2649],[55.1146,25.2617]]]}},{"type":"Feature","properties":{"h3_index":"8843a1ae89fffff","h3_resolution":8,"center_lat":25.27145,"center_lng":55.10599,"risk_score":0.5103,"risk_class":"moderate","flood_exposure":0.0,"charger_access_deficit":0.9998,"transport_disruption":0.8262},"geometry":{"type":"Polygon","coordinates":[[[55.1009,25.2726],[55.1027,25.2683],[55.1078,25.2672],[55.1111,25.2703],[55.1093,25.2746],[55.1042,25.2757],[55.1009,25.2726]]]}},{"type":"Feature","properties":{"h3_index":"8843a1ae8bfffff","h3_resolution":8,"center_lat":25.2735,"center_lng":55.11444,"risk_score":0.4876,"risk_class":"moderate","flood_exposure":0.0,"charger_access_deficit":0.9989,"transport_disruption":0.8068},"geometry":{"type":"Polygon","coordinates":[[[55.1093,25.2746],[55.1111,25.2703],[55.1162,25.2692],[55.1196,25.2724],[55.1178,25.2767],[55.1127,25.2778],[55.1093,25.2746]]]}},{"type":"Feature","properties":{"h3_index":"8843a1ae8dfffff","h3_resolution":8,"center_lat":25.26398,"center_lng":55.10443,"risk_score":0.4964,"risk_class":"moderate","flood_exposure":0.0,"charger_access_deficit":0.9993,"transport_disruption":0.833},"geometry":{"type":"Polygon","coordinates":[[[55.0993,25.2651],[55.1011,25.2608],[55.1062,25.2597],[55.1095,25.2629],[55.1078,25.2672],[55.1027,25.2683],[55.0993,25.2651]]]}},{"type":"Feature","properties":{"h3_index":"8843a1ae91fffff","h3_resolution":8,"center_lat":25.27761,"center_lng":55.13134,"risk_score":0.48,"risk_class":"moderate","flood_exposure":0.0003,"charger_access_deficit":0.995,"transport_disruption":0.7778},"geometry":{"type":"Polygon","coordinates":[[[55.1262,25.2787],[55.128,25.2744],[55.1331,25.2733],[55.1365,25.2765],[55.1347,25.2808],[55.1296,25.2819],[55.1262,25.2787]]]}},{"type":"Feature","properties":{"h3_index":"8843a1ae93fffff","h3_resolution":8,"center_lat":25.27966,"center_lng":55.13979,"risk_score":0.4528,"risk_class":"moderate","flood_exposure":0.0012,"charger_access_deficit":0.9915,"transport_disruption":0.7759},"geometry":{"type":"Polygon","coordinates":[[[55.1347,25.2808],[55.1365,25.2765],[55.1416,25.2754],[55.1449,25.2785],[55.1431,25.2828],[55.138,25.284],[55.1347,25.2808]]]}},{"type":"Feature","properties":{"h3_index":"8843a1ae95fffff","h3_resolution":8,"center_lat":25.27014,"center_lng":55.12977,"risk_score":0.4814,"risk_class":"moderate","flood_exposure":0.0005,"charger_access_deficit":0.9916,"transport_disruption":0.7854},"geometry":{"type":"Polygon","coordinates":[[[55.1247,25.2713],[55.1264,25.267],[55.1315,25.2659],[55.1349,25.269],[55.1331,25.2733],[55.128,25.2744],[55.1247,25.2713]]]}},{"type":"Feature","properties":{"h3_index":"8843a1ae97fffff","h3_resolution":8,"center_lat":25.2722,"center_lng":55.13822,"risk_score":0.469,"risk_class":"moderate","flood_exposure":0.0018,"charger_access_deficit":0.9858,"transport_disruption":0.7797},"geometry":{"type":"Polygon","coordinates":[[[55.1331,25.2733],[55.1349,25.269],[55.14,25.2679],[55.1433,25.2711],[55.1416,25.2754],[55.1365,25.2765],[55.1331,25.2733]]]}},{"type":"Feature","properties":{"h3_index":"8843a1ae99fffff","h3_resolution":8,"center_lat":25.28302,"center_lng":55.12446,"risk_score":0.4905,"risk_class":"moderate","flood_exposure":0.0,"charger_access_deficit":0.9988,"transport_disruption":0.7817},"geometry":{"type":"Polygon","coordinates":[[[55.1193,25.2841],[55.1211,25.2798],[55.1262,25.2787],[55.1296,25.2819],[55.1278,25.2862],[55.1227,25.2873],[55.1193,25.2841]]]}},{"type":"Feature","properties":{"h3_index":"8843a1ae9bfffff","h3_resolution":8,"center_lat":25.28508,"center_lng":55.13291,"risk_score":0.4684,"risk_class":"moderate","flood_exposure":0.0001,"charger_access_deficit":0.9974,"transport_disruption":0.7712},"geometry":{"type":"Polygon","coordinates":[[[55.1278,25.2862],[55.1296,25.2819],[55.1347,25.2808],[55.138,25.284],[55.1362,25.2882],[55.1311,25.2894],[55.1278,25.2862]]]}},{"type":"Feature","properties":{"h3_index":"8843a1ae9dfffff","h3_resolution":8,"center_lat":25.27556,"center_lng":55.12289,"risk_score":0.4739,"risk_class":"moderate","flood_exposure":0.0,"charger_access_deficit":0.9974,"transport_disruption":0.7914},"geometry":{"type":"Polygon","coordinates":[[[55.1178,25.2767],[55.1196,25.2724],[55.1247,25.2713],[55.128,25.2744],[55.1262,25.2787],[55.1211,25.2798],[55.1178,25.2767]]]}},{"type":"Feature","properties":{"h3_index":"8843a1aea1fffff","h3_resolution":8,"center_lat":25.2457,"center_lng":55.11663,"risk_score":0.4836,"risk_class":"moderate","flood_exposure":0.0002,"charger_access_deficit":0.9868,"transport_disruption":0.8083},"geometry":{"type":"Polygon","coordinates":[[[55.1115,25.2468],[55.1133,25.2425],[55.1184,25.2414],[55.1217,25.2446],[55.12,25.2489],[55.1149,25.25],[55.1115,25.2468]]]}},{"type":"Feature","properties":{"h3_index":"8843a1aea3fffff","h3_resolution":8,"center_lat":25.24775,"center_lng":55.12507,"risk_score":0.466,"risk_class":"moderate","flood_exposure":0.0011,"charger_access_deficit":0.9766,"transport_disruption":0.7936},"geometry":{"type":"Polygon","coordinates":[[[55.12,25.2489],[55.1217,25.2446],[55.1268,25.2435],[55.1302,25.2466],[55.1284,25.2509],[55.1233,25.252],[55.12,25.2489]]]}},{"type":"Feature","properties":{"h3_index":"8843a1aea5fffff","h3_resolution":8,"center_lat":25.23824,"center_lng":55.11506,"risk_score":0.462,"risk_class":"moderate","flood_exposure":0.0002,"charger_access_deficit":0.9841,"transport_disruption":0.812},"geometry":{"type":"Polygon","coordinates":[[[55.11,25.2394],[55.1117,25.2351],[55.1168,25.234],[55.1202,25.2371],[55.1184,25.2414],[55.1133,25.2425],[55.11,25.2394]]]}},{"type":"Feature","properties":{"h3_index":"8843a1aea7fffff","h3_resolution":8,"center_lat":25.24029,"center_lng":55.12351,"risk_score":0.4606,"risk_class":"moderate","flood_exposure":0.0012,"charger_access_deficit":0.9713,"transport_disruption":0.7937},"geometry":{"type":"Polygon","coordinates":[[[55.1184,25.2414],[55.1202,25.2371],[55.1253,25.236],[55.1286,25.2392],[55.1268,25.2435],[55.1217,25.2446],[55.1184,25.2414]]]}},{"type":"Feature","properties":{"h3_index":"8843a1aea9fffff","h3_resolution":8,"center_lat":25.25111,"center_lng":55.10975,"risk_score":0.5082,"risk_class":"moderate","flood_exposure":0.0,"charger_access_deficit":0.995,"transport_disruption":0.8266},"geometry":{"type":"Polygon","coordinates":[[[55.1046,25.2522],[55.1064,25.2479],[55.1115,25.2468],[55.1149,25.25],[55.1131,25.2543],[55.108,25.2554],[55.1046,25.2522]]]}},{"type":"Feature","properties":{"h3_index":"8843a1aeabfffff","h3_resolution":8,"center_lat":25.25316,"center_lng":55.11819,"risk_score":0.4791,"risk_class":"moderate","flood_exposure":0.0002,"charger_access_deficit":0.99,"transport_disruption":0.8079},"geometry":{"type":"Polygon","coordinates":[[[55.1131,25.2543],[55.1149,25.25],[55.12,25.2489],[55.1233,25.252],[55.1215,25.2563],[55.1164,25.2575],[55.1131,25.2543]]]}},{"type":"Feature","properties":{"h3_index":"8843a1aeadfffff","h3_resolution":8,"center_lat":25.24365,"center_lng":55.10818,"risk_score":0.4791,"risk_class":"moderate","flood_exposure":0.0,"charger_access_deficit":0.9935,"transport_disruption":0.8303},"geometry":{"type":"Polygon","coordinates":[[[55.1031,25.2448],[55.1048,25.2405],[55.11,25.2394],[55.1133,25.2425],[55.1115,25.2468],[55.1064,25.2479],[55.1031,25.2448]]]}},{"type":"Feature","properties":{"h3_index":"8843a1aeb1fffff","h3_resolution":8,"center_lat":25.25727,"center_lng":55.13509,"risk_score":0.4703,"risk_class":"moderate","flood_exposure":0.0033,"charger_access_deficit":0.9701,"transport_disruption":0.7838},"geometry":{"type":"Polygon","coordinates":[[[55.13,25.2584],[55.1317,25.2541],[55.1369,25.253],[55.1402,25.2562],[55.1384,25.2604],[55.1333,25.2616],[55.13,25.2584]]]}},{"type":"Feature","properties":{"h3_index":"8843a1aeb3fffff","h3_resolution":8,"center_lat":25.25932,"center_lng":55.14354,"risk_score":0.4302,"risk_class":"moderate","flood_exposure":0.0082,"charger_access_deficit":0.9545,"transport_disruption":0.7887},"geometry":{"type":"Polygon","coordinates":[[[55.1384,25.2604],[55.1402,25.2562],[55.1453,25.255],[55.1486,25.2582],[55.1469,25.2625],[55.1418,25.2636],[55.1384,25.2604]]]}},{"type":"Feature","properties":{"h3_index":"8843a1aeb5fffff","h3_resolution":8,"center_lat":25.24981,"center_lng":55.13352,"risk_score":0.4262,"risk_class":"moderate","flood_exposure":0.0039,"charger_access_deficit":0.9611,"transport_disruption":0.7849},"geometry":{"type":"Polygon","coordinates":[[[55.1284,25.2509],[55.1302,25.2466],[55.1353,25.2455],[55.1386,25.2487],[55.1369,25.253],[55.1317,25.2541],[55.1284,25.2509]]]}},{"type":"Feature","properties":{"h3_index":"8843a1aeb7fffff","h3_resolution":8,"center_lat":25.25186,"center_lng":55.14197,"risk_score":0.4483,"risk_class":"moderate","flood_exposure":0.0098,"charger_access_deficit":0.9412,"transport_disruption":0.7897},"geometry":{"type":"Polygon","coordinates":[[[55.1369,25.253],[55.1386,25.2487],[55.1437,25.2476],[55.1471,25.2507],[55.1453,25.255],[55.1402,25.2562],[55.1369,25.253]]]}},{"type":"Feature","properties":{"h3_index":"8843a1aeb9fffff","h3_resolution":8,"center_lat":25.26268,"center_lng":55.12821,"risk_score":0.4753,"risk_class":"moderate","flood_exposure":0.0007,"charger_access_deficit":0.9874,"transport_disruption":0.7912},"geometry":{"type":"Polygon","coordinates":[[[55.1231,25.2638],[55.1249,25.2595],[55.13,25.2584],[55.1333,25.2616],[55.1315,25.2659],[55.1264,25.267],[55.1231,25.2638]]]}},{"type":"Feature","properties":{"h3_index":"8843a1aebbfffff","h3_resolution":8,"center_lat":25.26473,"center_lng":55.13665,"risk_score":0.4679,"risk_class":"moderate","flood_exposure":0.0026,"charger_access_deficit":0.9785,"transport_disruption":0.7822},"geometry":{"type":"Polygon","coordinates":[[[55.1315,25.2659],[55.1333,25.2616],[55.1384,25.2604],[55.1418,25.2636],[55.14,25.2679],[55.1349,25.269],[55.1315,25.2659]]]}},{"type":"Feature","properties":{"h3_index":"8843a1aebdfffff","h3_resolution":8,"center_lat":25.25522,"center_lng":55.12664,"risk_score":0.4578,"risk_class":"moderate","flood_exposure":0.0009,"charger_access_deficit":0.9822,"transport_disruption":0.7929},"geometry":{"type":"Polygon","coordinates":[[[55.1215,25.2563],[55.1233,25.252],[55.1284,25.2509],[55.1317,25.2541],[55.13,25.2584],[55.1249,25.2595],[55.1215,25.2563]]]}},{"type":"Feature","properties":{"h3_index":"8843a1aed3fffff","h3_resolution":8,"center_lat":25.28843,"center_lng":55.11757,"risk_score":0.4762,"risk_class":"moderate","flood_exposure":0.0,"charger_access_deficit":1.0,"transport_disruption":0.785},"geometry":{"type":"Polygon","coordinates":[[[55.1125,25.2896],[55.1142,25.2853],[55.1193,25.2841],[55.1227,25.2873],[55.1209,25.2916],[55.1158,25.2927],[55.1125,25.2896]]]}},{"type":"Feature","properties":{"h3_index":"8843a1aed7fffff","h3_resolution":8,"center_lat":25.28097,"center_lng":55.11601,"risk_score":0.4635,"risk_class":"moderate","flood_exposure":0.0,"charger_access_deficit":0.9997,"transport_disruption":0.7973},"geometry":{"type":"Polygon","coordinates":[[[55.1109,25.2821],[55.1127,25.2778],[55.1178,25.2767],[55.1211,25.2798],[55.1193,25.2841],[55.1142,25.2853],[55.1109,25.2821]]]}},{"type":"Feature","properties":{"h3_index":"8843a1aee3fffff","h3_resolution":8,"center_lat":25.25652,"center_lng":55.10287,"risk_score":0.5021,"risk_class":"moderate","flood_exposure":0.0,"charger_access_deficit":0.9987,"transport_disruption":0.8419},"geometry":{"type":"Polygon","coordinates":[[[55.0978,25.2576],[55.0995,25.2533],[55.1046,25.2522],[55.108,25.2554],[55.1062,25.2597],[55.1011,25.2608],[55.0978,25.2576]]]}},{"type":"Feature","properties":{"h3_index":"8843a1aee7fffff","h3_resolution":8,"center_lat":25.24906,"center_lng":55.1013,"risk_score":0.4781,"risk_class":"moderate","flood_exposure":0.0,"charger_access_deficit":0.998,"transport_disruption":0.8467},"geometry":{"type":"Polygon","coordinates":[[[55.0962,25.2502],[55.098,25.2459],[55.1031,25.2448],[55.1064,25.2479],[55.1046,25.2522],[55.0995,25.2533],[55.0962,25.2502]]]}},{"type":"Feature","properties":{"h3_index":"8843a1af33fffff","h3_resolution":8,"center_lat":25.19274,"center_lng":55.0735,"risk_score":0.4975,"risk_class":"moderate","flood_exposure":0.0,"charger_access_deficit":0.9735,"transport_disruption":0.8873},"geometry":{"type":"Polygon","coordinates":[[[55.0684,25.1939],[55.0702,25.1896],[55.0753,25.1885],[55.0786,25.1916],[55.0768,25.1959],[55.0717,25.197],[55.0684,25.1939]]]}},{"type":"Feature","properties":{"h3_index":"8843a1af37fffff","h3_resolution":8,"center_lat":25.18529,"center_lng":55.07194,"risk_score":0.4914,"risk_class":"moderate","flood_exposure":0.0,"charger_access_deficit":0.956,"transport_disruption":0.8873},"geometry":{"type":"Polygon","coordinates":[[[55.0668,25.1864],[55.0686,25.1821],[55.0737,25.181],[55.077,25.1842],[55.0753,25.1885],[55.0702,25.1896],[55.0668,25.1864]]]}},{"type":"Feature","properties":{"h3_index":"8843acc161fffff","h3_resolution":8,"center_lat":25.31187,"center_lng":55.33125,"risk_score":0.1291,"risk_class":"low","flood_exposure":0.216,"charger_access_deficit":0.4404,"transport_disruption":0.478},"geometry":{"type":"Polygon","coordinates":[[[55.3261,25.313],[55.3279,25.3087],[55.333,25.3076],[55.3364,25.3107],[55.3346,25.315],[55.3295,25.3162],[55.3261,25.313]]]}},{"type":"Feature","properties":{"h3_index":"8843acc165fffff","h3_resolution":8,"center_lat":25.3044,"center_lng":55.32966,"risk_score":0.1358,"risk_class":"low","flood_exposure":0.2479,"charger_access_deficit":0.4025,"transport_disruption":0.4533},"geometry":{"type":"Polygon","coordinates":[[[55.3245,25.3055],[55.3263,25.3012],[55.3314,25.3001],[55.3348,25.3033],[55.333,25.3076],[55.3279,25.3087],[55.3245,25.3055]]]}},{"type":"Feature","properties":{"h3_index":"8843acc169fffff","h3_resolution":8,"center_lat":25.3173,"center_lng":55.32437,"risk_score":0.1978,"risk_class":"low","flood_exposure":0.1732,"charger_access_deficit":0.4914,"transport_disruption":0.5626},"geometry":{"type":"Polygon","coordinates":[[[55.3193,25.3184],[55.321,25.3141],[55.3261,25.313],[55.3295,25.3162],[55.3277,25.3205],[55.3226,25.3216],[55.3193,25.3184]]]}},{"type":"Feature","properties":{"h3_index":"8843acc16dfffff","h3_resolution":8,"center_lat":25.30982,"center_lng":55.32278,"risk_score":0.1957,"risk_class":"low","flood_exposure":0.2115,"charger_access_deficit":0.4443,"transport_disruption":0.5359},"geometry":{"type":"Polygon","coordinates":[[[55.3177,25.311],[55.3194,25.3067],[55.3245,25.3055],[55.3279,25.3087],[55.3261,25.313],[55.321,25.3141],[55.3177,25.311]]]}},{"type":"Feature","properties":{"h3_index":"8843acc321fffff","h3_resolution":8,"center_lat":25.34105,"center_lng":55.30532,"risk_score":0.2493,"risk_class":"low","flood_exposure":0.0563,"charger_access_deficit":0.6452,"transport_disruption":0.7456},"geometry":{"type":"Polygon","coordinates":[[[55.3002,25.3422],[55.302,25.3379],[55.3071,25.3367],[55.3104,25.3399],[55.3087,25.3442],[55.3036,25.3454],[55.3002,25.3422]]]}},{"type":"Feature","properties":{"h3_index":"8843acc325fffff","h3_resolution":8,"center_lat":25.33358,"center_lng":55.30373,"risk_score":0.271,"risk_class":"low","flood_exposure":0.074,"charger_access_deficit":0.6206,"transport_disruption":0.744},"geometry":{"type":"Polygon","coordinates":[[[55.2986,25.3347],[55.3004,25.3304],[55.3055,25.3293],[55.3088,25.3324],[55.3071,25.3367],[55.302,25.3379],[55.2986,25.3347]]]}},{"type":"Feature","properties":{"h3_index":"8843acc327fffff","h3_resolution":8,"center_lat":25.33562,"center_lng":55.3122,"risk_score":0.236,"risk_class":"low","flood_exposure":0.0751,"charger_access_deficit":0.6178,"transport_disruption":0.7112},"geometry":{"type":"Polygon","coordinates":[[[55.3071,25.3367],[55.3088,25.3324],[55.314,25.3313],[55.3173,25.3345],[55.3156,25.3388],[55.3104,25.3399],[55.3071,25.3367]]]}},{"type":"Feature","properties":{"h3_index":"8843acc329fffff","h3_resolution":8,"center_lat":25.34648,"center_lng":55.29844,"risk_score":0.263,"risk_class":"low","flood_exposure":0.0434,"charger_access_deficit":0.6653,"transport_disruption":0.7668},"geometry":{"type":"Polygon","coordinates":[[[55.2933,25.3476],[55.2951,25.3433],[55.3002,25.3422],[55.3036,25.3454],[55.3018,25.3497],[55.2967,25.3508],[55.2933,25.3476]]]}},{"type":"Feature","properties":{"h3_index":"8843acc32dfffff","h3_resolution":8,"center_lat":25.339,"center_lng":55.29685,"risk_score":0.3032,"risk_class":"low","flood_exposure":0.0562,"charger_access_deficit":0.6475,"transport_disruption":0.7713},"geometry":{"type":"Polygon","coordinates":[[[55.2917,25.3401],[55.2935,25.3358],[55.2986,25.3347],[55.302,25.3379],[55.3002,25.3422],[55.2951,25.3433],[55.2917,25.3401]]]}},{"type":"Feature","properties":{"h3_index":"8843acc365fffff","h3_resolution":8,"center_lat":25.34238,"center_lng":55.28149,"risk_score":0.3087,"risk_class":"low","flood_exposure":0.0413,"charger_access_deficit":0.679,"transport_disruption":0.7943},"geometry":{"type":"Polygon","coordinates":[[[55.2764,25.3435],[55.2781,25.3392],[55.2833,25.3381],[55.2866,25.3413],[55.2848,25.3456],[55.2797,25.3467],[55.2764,25.3435]]]}},{"type":"Feature","properties":{"h3_index":"8843acc367fffff","h3_resolution":8,"center_lat":25.34443,"center_lng":55.28996,"risk_score":0.2796,"risk_class":"low","flood_exposure":0.0432,"charger_access_deficit":0.6687,"transport_disruption":0.7853},"geometry":{"type":"Polygon","coordinates":[[[55.2848,25.3456],[55.2866,25.3413],[55.2917,25.3401],[55.2951,25.3433],[55.2933,25.3476],[55.2882,25.3487],[55.2848,25.3456]]]}},{"type":"Feature","properties":{"h3_index":"8843acc801fffff","h3_resolution":8,"center_lat":25.23316,"center_lng":55.38674,"risk_score":0.1035,"risk_class":"low","flood_exposure":0.4379,"charger_access_deficit":0.38,"transport_disruption":0.0009},"geometry":{"type":"Polygon","coordinates":[[[55.3816,25.2343],[55.3834,25.23],[55.3885,25.2289],[55.3919,25.232],[55.3901,25.2363],[55.385,25.2375],[55.3816,25.2343]]]}},{"type":"Feature","properties":{"h3_index":"8843acc805fffff","h3_resolution":8,"center_lat":25.2257,"center_lng":55.38514,"risk_score":0.1377,"risk_class":"low","flood_exposure":0.4446,"charger_access_deficit":0.4151,"transport_disruption":0.0009},"geometry":{"type":"Polygon","coordinates":[[[55.38,25.2268],[55.3818,25.2225],[55.3869,25.2214],[55.3903,25.2246],[55.3885,25.2289],[55.3834,25.23],[55.38,25.2268]]]}},{"type":"Feature","properties":{"h3_index":"8843acc807fffff","h3_resolution":8,"center_lat":25.22774,"center_lng":55.39361,"risk_score":0.1297,"risk_class":"low","flood_exposure":0.4208,"charger_access_deficit":0.4404,"transport_disruption":0.0001},"geometry":{"type":"Polygon","coordinates":[[[55.3885,25.2289],[55.3903,25.2246],[55.3954,25.2234],[55.3987,25.2266],[55.397,25.2309],[55.3919,25.232],[55.3885,25.2289]]]}},{"type":"Feature","properties":{"h3_index":"8843acc809fffff","h3_resolution":8,"center_lat":25.23859,"center_lng":55.37987,"risk_score":0.1037,"risk_class":"low","flood_exposure":0.454,"charger_access_deficit":0.3178,"transport_disruption":0.0049},"geometry":{"type":"Polygon","coordinates":[[[55.3748,25.2397],[55.3765,25.2354],[55.3816,25.2343],[55.385,25.2375],[55.3832,25.2418],[55.3781,25.2429],[55.3748,25.2397]]]}},{"type":"Feature","properties":{"h3_index":"8843acc80bfffff","h3_resolution":8,"center_lat":25.24063,"center_lng":55.38834,"risk_score":0.0835,"risk_class":"low","flood_exposure":0.4324,"charger_access_deficit":0.3483,"transport_disruption":0.0011},"geometry":{"type":"Polygon","coordinates":[[[55.3832,25.2418],[55.385,25.2375],[55.3901,25.2363],[55.3934,25.2395],[55.3917,25.2438],[55.3866,25.2449],[55.3832,25.2418]]]}},{"type":"Feature","properties":{"h3_index":"8843acc80dfffff","h3_resolution":8,"center_lat":25.23112,"center_lng":55.37827,"risk_score":0.0618,"risk_class":"low","flood_exposure":0.4616,"charger_access_deficit":0.3548,"transport_disruption":0.0044},"geometry":{"type":"Polygon","coordinates":[[[55.3732,25.2323],[55.3749,25.228],[55.38,25.2268],[55.3834,25.23],[55.3816,25.2343],[55.3765,25.2354],[55.3732,25.2323]]]}},{"type":"Feature","properties":{"h3_index":"8843acc821fffff","h3_resolution":8,"center_lat":25.21281,"center_lng":55.39041,"risk_score":0.1839,"risk_class":"low","flood_exposure":0.4227,"charger_access_deficit":0.5291,"transport_disruption":0.0001},"geometry":{"type":"Polygon","coordinates":[[[55.3853,25.2139],[55.3871,25.2096],[55.3922,25.2085],[55.3955,25.2117],[55.3938,25.216],[55.3887,25.2171],[55.3853,25.2139]]]}},{"type":"Feature","properties":{"h3_index":"8843acc823fffff","h3_resolution":8,"center_lat":25.21485,"center_lng":55.39888,"risk_score":0.1734,"risk_class":"low","flood_exposure":0.398,"charger_access_deficit":0.5509,"transport_disruption":0.0},"geometry":{"type":"Polygon","coordinates":[[[55.3938,25.216],[55.3955,25.2117],[55.4006,25.2106],[55.404,25.2137],[55.4022,25.218],[55.3971,25.2191],[55.3938,25.216]]]}},{"type":"Feature","properties":{"h3_index":"8843acc825fffff","h3_resolution":8,"center_lat":25.20535,"center_lng":55.38881,"risk_score":0.2166,"risk_class":"low","flood_exposure":0.423,"charger_access_deficit":0.5763,"transport_disruption":0.0001},"geometry":{"type":"Polygon","coordinates":[[[55.3837,25.2065],[55.3855,25.2022],[55.3906,25.2011],[55.3939,25.2042],[55.3922,25.2085],[55.3871,25.2096],[55.3837,25.2065]]]}},{"type":"Feature","properties":{"h3_index":"8843acc827fffff","h3_resolution":8,"center_lat":25.20739,"center_lng":55.39728,"risk_score":0.2084,"risk_class":"low","flood_exposure":0.3975,"charger_access_deficit":0.5888,"transport_disruption":0.0},"geometry":{"type":"Polygon","coordinates":[[[55.3922,25.2085],[55.3939,25.2042],[55.399,25.2031],[55.4024,25.2063],[55.4006,25.2106],[55.3955,25.2117],[55.3922,25.2085]]]}},{"type":"Feature","properties":{"h3_index":"8843acc829fffff","h3_resolution":8,"center_lat":25.21824,"center_lng":55.38354,"risk_score":0.1565,"risk_class":"low","flood_exposure":0.4501,"charger_access_deficit":0.4635,"transport_disruption":0.001},"geometry":{"type":"Polygon","coordinates":[[[55.3784,25.2194],[55.3802,25.2151],[55.3853,25.2139],[55.3887,25.2171],[55.3869,25.2214],[55.3818,25.2225],[55.3784,25.2194]]]}},{"type":"Feature","properties":{"h3_index":"8843acc82bfffff","h3_resolution":8,"center_lat":25.22027,"center_lng":55.39201,"risk_score":0.1413,"risk_class":"low","flood_exposure":0.4231,"charger_access_deficit":0.4811,"transport_disruption":0.0001},"geometry":{"type":"Polygon","coordinates":[[[55.3869,25.2214],[55.3887,25.2171],[55.3938,25.216],[55.3971,25.2191],[55.3954,25.2234],[55.3903,25.2246],[55.3869,25.2214]]]}},{"type":"Feature","properties":{"h3_index":"8843acc82dfffff","h3_resolution":8,"center_lat":25.21077,"center_lng":55.38195,"risk_score":0.218,"risk_class":"low","flood_exposure":0.454,"charger_access_deficit":0.5099,"transport_disruption":0.0011},"geometry":{"type":"Polygon","coordinates":[[[55.3768,25.2119],[55.3786,25.2076],[55.3837,25.2065],[55.3871,25.2096],[55.3853,25.2139],[55.3802,25.2151],[55.3768,25.2119]]]}},{"type":"Feature","properties":{"h3_index":"8843acc83dfffff","h3_resolution":8,"center_lat":25.22231,"center_lng":55.40047,"risk_score":0.1634,"risk_class":"low","flood_exposure":0.3995,"charger_access_deficit":0.5068,"transport_disruption":0.0},"geometry":{"type":"Polygon","coordinates":[[[55.3954,25.2234],[55.3971,25.2191],[55.4022,25.218],[55.4056,25.2212],[55.4038,25.2255],[55.3987,25.2266],[55.3954,25.2234]]]}},{"type":"Feature","properties":{"h3_index":"8843acc841fffff","h3_resolution":8,"center_lat":25.24197,"center_lng":55.36453,"risk_score":0.0504,"risk_class":"low","flood_exposure":0.4867,"charger_access_deficit":0.246,"transport_disruption":0.0303},"geometry":{"type":"Polygon","coordinates":[[[55.3594,25.2431],[55.3612,25.2388],[55.3663,25.2377],[55.3696,25.2408],[55.3679,25.2451],[55.3628,25.2463],[55.3594,25.2431]]]}},{"type":"Feature","properties":{"h3_index":"8843acc843fffff","h3_resolution":8,"center_lat":25.24401,"center_lng":55.373,"risk_score":0.0553,"risk_class":"low","flood_exposure":0.4614,"charger_access_deficit":0.2636,"transport_disruption":0.0149},"geometry":{"type":"Polygon","coordinates":[[[55.3679,25.2451],[55.3696,25.2408],[55.3748,25.2397],[55.3781,25.2429],[55.3764,25.2472],[55.3712,25.2483],[55.3679,25.2451]]]}},{"type":"Feature","properties":{"h3_index":"8843acc845fffff","h3_resolution":8,"center_lat":25.23451,"center_lng":55.36294,"risk_score":0.1046,"risk_class":"low","flood_exposure":0.5109,"charger_access_deficit":0.2725,"transport_disruption":0.0295},"geometry":{"type":"Polygon","coordinates":[[[55.3578,25.2356],[55.3596,25.2313],[55.3647,25.2302],[55.368,25.2334],[55.3663,25.2377],[55.3612,25.2388],[55.3578,25.2356]]]}},{"type":"Feature","properties":{"h3_index":"8843acc847fffff","h3_resolution":8,"center_lat":25.23655,"center_lng":55.3714,"risk_score":0.0959,"risk_class":"low","flood_exposure":0.4773,"charger_access_deficit":0.2949,"transport_disruption":0.0133},"geometry":{"type":"Polygon","coordinates":[[[55.3663,25.2377],[55.368,25.2334],[55.3732,25.2323],[55.3765,25.2354],[55.3748,25.2397],[55.3696,25.2408],[55.3663,25.2377]]]}},{"type":"Feature","properties":{"h3_index":"8843acc849fffff","h3_resolution":8,"center_lat":25.2474,"center_lng":55.35766,"risk_score":0.031,"risk_class":"low","flood_exposure":0.49,"charger_access_deficit":0.2057,"transport_disruption":0.0574},"geometry":{"type":"Polygon","coordinates":[[[55.3525,25.2485],[55.3543,25.2442],[55.3594,25.2431],[55.3628,25.2463],[55.361,25.2506],[55.3559,25.2517],[55.3525,25.2485]]]}},{"type":"Feature","properties":{"h3_index":"8843acc84bfffff","h3_resolution":8,"center_lat":25.24944,"center_lng":55.36613,"risk_score":0.0396,"risk_class":"low","flood_exposure":0.4632,"charger_access_deficit":0.2252,"transport_disruption":0.0332},"geometry":{"type":"Polygon","coordinates":[[[55.361,25.2506],[55.3628,25.2463],[55.3679,25.2451],[55.3712,25.2483],[55.3695,25.2526],[55.3644,25.2537],[55.361,25.2506]]]}},{"type":"Feature","properties":{"h3_index":"8843acc84dfffff","h3_resolution":8,"center_lat":25.23993,"center_lng":55.35607,"risk_score":0.0738,"risk_class":"low","flood_exposure":0.5228,"charger_access_deficit":0.2233,"transport_disruption":0.0572},"geometry":{"type":"Polygon","coordinates":[[[55.351,25.2411],[55.3527,25.2368],[55.3578,25.2356],[55.3612,25.2388],[55.3594,25.2431],[55.3543,25.2442],[55.351,25.2411]]]}},{"type":"Feature","properties":{"h3_index":"8843acc855fffff","h3_resolution":8,"center_lat":25.24605,"center_lng":55.38147,"risk_score":0.0599,"risk_class":"low","flood_exposure":0.4415,"charger_access_deficit":0.2884,"transport_disruption":0.0059},"geometry":{"type":"Polygon","coordinates":[[[55.3764,25.2472],[55.3781,25.2429],[55.3832,25.2418],[55.3866,25.2449],[55.3848,25.2492],[55.3797,25.2504],[55.3764,25.2472]]]}},{"type":"Feature","properties":{"h3_index":"8843acc85dfffff","h3_resolution":8,"center_lat":25.25148,"center_lng":55.3746,"risk_score":0.0194,"risk_class":"low","flood_exposure":0.4445,"charger_access_deficit":0.2452,"transport_disruption":0.0174},"geometry":{"type":"Polygon","coordinates":[[[55.3695,25.2526],[55.3712,25.2483],[55.3764,25.2472],[55.3797,25.2504],[55.378,25.2546],[55.3728,25.2558],[55.3695,25.2526]]]}},{"type":"Feature","properties":{"h3_index":"8843acc861fffff","h3_resolution":8,"center_lat":25.22162,"center_lng":55.36821,"risk_score":0.1286,"risk_class":"low","flood_exposure":0.5163,"charger_access_deficit":0.3722,"transport_disruption":0.0137},"geometry":{"type":"Polygon","coordinates":[[[55.3631,25.2228],[55.3649,25.2185],[55.37,25.2173],[55.3733,25.2205],[55.3716,25.2248],[55.3665,25.2259],[55.3631,25.2228]]]}},{"type":"Feature","properties":{"h3_index":"8843acc863fffff","h3_resolution":8,"center_lat":25.22366,"center_lng":55.37667,"risk_score":0.1402,"risk_class":"low","flood_exposure":0.4723,"charger_access_deficit":0.3977,"transport_disruption":0.0044},"geometry":{"type":"Polygon","coordinates":[[[55.3716,25.2248],[55.3733,25.2205],[55.3784,25.2194],[55.3818,25.2225],[55.38,25.2268],[55.3749,25.228],[55.3716,25.2248]]]}},{"type":"Feature","properties":{"h3_index":"8843acc865fffff","h3_resolution":8,"center_lat":25.21416,"center_lng":55.36661,"risk_score":0.1828,"risk_class":"low","flood_exposure":0.5372,"charger_access_deficit":0.419,"transport_disruption":0.0148},"geometry":{"type":"Polygon","coordinates":[[[55.3615,25.2153],[55.3633,25.211],[55.3684,25.2099],[55.3717,25.213],[55.37,25.2173],[55.3649,25.2185],[55.3615,25.2153]]]}},{"type":"Feature","properties":{"h3_index":"8843acc867fffff","h3_resolution":8,"center_lat":25.2162,"center_lng":55.37508,"risk_score":0.1765,"risk_class":"low","flood_exposure":0.4866,"charger_access_deficit":0.4408,"transport_disruption":0.0047},"geometry":{"type":"Polygon","coordinates":[[[55.37,25.2173],[55.3717,25.213],[55.3768,25.2119],[55.3802,25.2151],[55.3784,25.2194],[55.3733,25.2205],[55.37,25.2173]]]}},{"type":"Feature","properties":{"h3_index":"8843acc869fffff","h3_resolution":8,"center_lat":25.22705,"center_lng":55.36134,"risk_score":0.1415,"risk_class":"low","flood_exposure":0.5405,"charger_access_deficit":0.3085,"transport_disruption":0.0311},"geometry":{"type":"Polygon","coordinates":[[[55.3562,25.2282],[55.358,25.2239],[55.3631,25.2228],[55.3665,25.2259],[55.3647,25.2302],[55.3596,25.2313],[55.3562,25.2282]]]}},{"type":"Feature","properties":{"h3_index":"8843acc86bfffff","h3_resolution":8,"center_lat":25.22909,"center_lng":55.36981,"risk_score":0.1094,"risk_class":"low","flood_exposure":0.4931,"charger_access_deficit":0.332,"transport_disruption":0.0128},"geometry":{"type":"Polygon","coordinates":[[[55.3647,25.2302],[55.3665,25.2259],[55.3716,25.2248],[55.3749,25.228],[55.3732,25.2323],[55.368,25.2334],[55.3647,25.2302]]]}},{"type":"Feature","properties":{"h3_index":"8843acc86dfffff","h3_resolution":8,"center_lat":25.21958,"center_lng":55.35975,"risk_score":0.1733,"risk_class":"low","flood_exposure":0.5677,"charger_access_deficit":0.3536,"transport_disruption":0.0328},"geometry":{"type":"Polygon","coordinates":[[[55.3546,25.2207],[55.3564,25.2164],[55.3615,25.2153],[55.3649,25.2185],[55.3631,25.2228],[55.358,25.2239],[55.3546,25.2207]]]}},{"type":"Feature","properties":{"h3_index":"8843acc901fffff","h3_resolution":8,"center_lat":25.18093,"center_lng":55.37556,"risk_score":0.3165,"risk_class":"low","flood_exposure":0.4738,"charger_access_deficit":0.686,"transport_disruption":0.0018},"geometry":{"type":"Polygon","coordinates":[[[55.3705,25.1821],[55.3722,25.1778],[55.3773,25.1766],[55.3807,25.1798],[55.3789,25.1841],[55.3738,25.1852],[55.3705,25.1821]]]}},{"type":"Feature","properties":{"h3_index":"8843acc903fffff","h3_resolution":8,"center_lat":25.18297,"center_lng":55.38402,"risk_score":0.3016,"risk_class":"low","flood_exposure":0.4312,"charger_access_deficit":0.7077,"transport_disruption":0.0002},"geometry":{"type":"Polygon","coordinates":[[[55.3789,25.1841],[55.3807,25.1798],[55.3858,25.1787],[55.3891,25.1818],[55.3874,25.1861],[55.3823,25.1873],[55.3789,25.1841]]]}},{"type":"Feature","properties":{"h3_index":"8843acc905fffff","h3_resolution":8,"center_lat":25.17348,"center_lng":55.37397,"risk_score":0.3425,"risk_class":"low","flood_exposure":0.4676,"charger_access_deficit":0.7142,"transport_disruption":0.0019},"geometry":{"type":"Polygon","coordinates":[[[55.3689,25.1746],[55.3706,25.1703],[55.3757,25.1692],[55.3791,25.1723],[55.3773,25.1766],[55.3722,25.1778],[55.3689,25.1746]]]}},{"type":"Feature","properties":{"h3_index":"8843acc907fffff","h3_resolution":8,"center_lat":25.17551,"center_lng":55.38242,"risk_score":0.3513,"risk_class":"moderate","flood_exposure":0.4278,"charger_access_deficit":0.742,"transport_disruption":0.0002},"geometry":{"type":"Polygon","coordinates":[[[55.3773,25.1766],[55.3791,25.1723],[55.3842,25.1712],[55.3875,25.1744],[55.3858,25.1787],[55.3807,25.1798],[55.3773,25.1766]]]}},{"type":"Feature","properties":{"h3_index":"8843acc909fffff","h3_resolution":8,"center_lat":25.18636,"center_lng":55.3687,"risk_score":0.341,"risk_class":"low","flood_exposure":0.5234,"charger_access_deficit":0.6257,"transport_disruption":0.0067},"geometry":{"type":"Polygon","coordinates":[[[55.3636,25.1875],[55.3653,25.1832],[55.3705,25.1821],[55.3738,25.1852],[55.372,25.1895],[55.3669,25.1906],[55.3636,25.1875]]]}},{"type":"Feature","properties":{"h3_index":"8843acc90bfffff","h3_resolution":8,"center_lat":25.18839,"center_lng":55.37716,"risk_score":0.3007,"risk_class":"low","flood_exposure":0.475,"charger_access_deficit":0.648,"transport_disruption":0.0016},"geometry":{"type":"Polygon","coordinates":[[[55.372,25.1895],[55.3738,25.1852],[55.3789,25.1841],[55.3823,25.1873],[55.3805,25.1916],[55.3754,25.1927],[55.372,25.1895]]]}},{"type":"Feature","properties":{"h3_index":"8843acc90dfffff","h3_resolution":8,"center_lat":25.1789,"center_lng":55.3671,"risk_score":0.3672,"risk_class":"moderate","flood_exposure":0.5192,"charger_access_deficit":0.6581,"transport_disruption":0.0072},"geometry":{"type":"Polygon","coordinates":[[[55.362,25.18],[55.3638,25.1757],[55.3689,25.1746],[55.3722,25.1778],[55.3705,25.1821],[55.3653,25.1832],[55.362,25.18]]]}},{"type":"Feature","properties":{"h3_index":"8843acc911fffff","h3_resolution":8,"center_lat":25.19246,"center_lng":55.39408,"risk_score":0.2472,"risk_class":"low","flood_exposure":0.3969,"charger_access_deficit":0.6761,"transport_disruption":0.0},"geometry":{"type":"Polygon","coordinates":[[[55.389,25.1936],[55.3907,25.1893],[55.3958,25.1882],[55.3992,25.1913],[55.3974,25.1956],[55.3923,25.1968],[55.389,25.1936]]]}},{"type":"Feature","properties":{"h3_index":"8843acc913fffff","h3_resolution":8,"center_lat":25.1945,"center_lng":55.40254,"risk_score":0.2617,"risk_class":"low","flood_exposure":0.3767,"charger_access_deficit":0.6785,"transport_disruption":0.0},"geometry":{"type":"Polygon","coordinates":[[[55.3974,25.1956],[55.3992,25.1913],[55.4043,25.1902],[55.4077,25.1934],[55.4059,25.1977],[55.4008,25.1988],[55.3974,25.1956]]]}},{"type":"Feature","properties":{"h3_index":"8843acc915fffff","h3_resolution":8,"center_lat":25.18501,"center_lng":55.39248,"risk_score":0.2929,"risk_class":"low","flood_exposure":0.3985,"charger_access_deficit":0.7184,"transport_disruption":0.0},"geometry":{"type":"Polygon","coordinates":[[[55.3874,25.1861],[55.3891,25.1818],[55.3942,25.1807],[55.3976,25.1839],[55.3958,25.1882],[55.3907,25.1893],[55.3874,25.1861]]]}},{"type":"Feature","properties":{"h3_index":"8843acc917fffff","h3_resolution":8,"center_lat":25.18704,"center_lng":55.40094,"risk_score":0.282,"risk_class":"low","flood_exposure":0.3763,"charger_access_deficit":0.719,"transport_disruption":0.0},"geometry":{"type":"Polygon","coordinates":[[[55.3958,25.1882],[55.3976,25.1839],[55.4027,25.1827],[55.4061,25.1859],[55.4043,25.1902],[55.3992,25.1913],[55.3958,25.1882]]]}},{"type":"Feature","properties":{"h3_index":"8843acc919fffff","h3_resolution":8,"center_lat":25.19789,"center_lng":55.38721,"risk_score":0.2613,"risk_class":"low","flood_exposure":0.4266,"charger_access_deficit":0.6217,"transport_disruption":0.0002},"geometry":{"type":"Polygon","coordinates":[[[55.3821,25.199],[55.3839,25.1947],[55.389,25.1936],[55.3923,25.1968],[55.3906,25.2011],[55.3855,25.2022],[55.3821,25.199]]]}},{"type":"Feature","properties":{"h3_index":"8843acc91bfffff","h3_resolution":8,"center_lat":25.19993,"center_lng":55.39568,"risk_score":0.2294,"risk_class":"low","flood_exposure":0.398,"charger_access_deficit":0.6338,"transport_disruption":0.0},"geometry":{"type":"Polygon","coordinates":[[[55.3906,25.2011],[55.3923,25.1968],[55.3974,25.1956],[55.4008,25.1988],[55.399,25.2031],[55.3939,25.2042],[55.3906,25.2011]]]}},{"type":"Feature","properties":{"h3_index":"8843acc91dfffff","h3_resolution":8,"center_lat":25.19043,"center_lng":55.38562,"risk_score":0.2961,"risk_class":"low","flood_exposure":0.4305,"charger_access_deficit":0.6662,"transport_disruption":0.0002},"geometry":{"type":"Polygon","coordinates":[[[55.3805,25.1916],[55.3823,25.1873],[55.3874,25.1861],[55.3907,25.1893],[55.389,25.1936],[55.3839,25.1947],[55.3805,25.1916]]]}},{"type":"Feature","properties":{"h3_index":"8843acc921fffff","h3_resolution":8,"center_lat":25.1606,"center_lng":55.37923,"risk_score":0.3425,"risk_class":"low","flood_exposure":0.4105,"charger_access_deficit":0.7755,"transport_disruption":0.0003},"geometry":{"type":"Polygon","coordinates":[[[55.3741,25.1617],[55.3759,25.1574],[55.381,25.1563],[55.3843,25.1595],[55.3826,25.1638],[55.3775,25.1649],[55.3741,25.1617]]]}},{"type":"Feature","properties":{"h3_index":"8843acc923fffff","h3_resolution":8,"center_lat":25.16263,"center_lng":55.38769,"risk_score":0.375,"risk_class":"moderate","flood_exposure":0.389,"charger_access_deficit":0.7992,"transport_disruption":0.0},"geometry":{"type":"Polygon","coordinates":[[[55.3826,25.1638],[55.3843,25.1595],[55.3894,25.1583],[55.3928,25.1615],[55.391,25.1658],[55.3859,25.1669],[55.3826,25.1638]]]}},{"type":"Feature","properties":{"h3_index":"8843acc925fffff","h3_resolution":8,"center_lat":25.15314,"center_lng":55.37764,"risk_score":0.3269,"risk_class":"low","flood_exposure":0.3956,"charger_access_deficit":0.7752,"transport_disruption":0.0003},"geometry":{"type":"Polygon","coordinates":[[[55.3725,25.1543],[55.3743,25.15],[55.3794,25.1488],[55.3827,25.152],[55.381,25.1563],[55.3759,25.1574],[55.3725,25.1543]]]}},{"type":"Feature","properties":{"h3_index":"8843acc927fffff","h3_resolution":8,"center_lat":25.15518,"center_lng":55.38609,"risk_score":0.3556,"risk_class":"moderate","flood_exposure":0.378,"charger_access_deficit":0.806,"transport_disruption":0.0},"geometry":{"type":"Polygon","coordinates":[[[55.381,25.1563],[55.3827,25.152],[55.3878,25.1509],[55.3912,25.154],[55.3894,25.1583],[55.3843,25.1595],[55.381,25.1563]]]}},{"type":"Feature","properties":{"h3_index":"8843acc929fffff","h3_resolution":8,"center_lat":25.16602,"center_lng":55.37237,"risk_score":0.357,"risk_class":"moderate","flood_exposure":0.4557,"charger_access_deficit":0.7311,"transport_disruption":0.002},"geometry":{"type":"Polygon","coordinates":[[[55.3673,25.1671],[55.369,25.1629],[55.3741,25.1617],[55.3775,25.1649],[55.3757,25.1692],[55.3706,25.1703],[55.3673,25.1671]]]}},{"type":"Feature","properties":{"h3_index":"8843acc92bfffff","h3_resolution":8,"center_lat":25.16805,"center_lng":55.38083,"risk_score":0.3277,"risk_class":"low","flood_exposure":0.4201,"charger_access_deficit":0.7664,"transport_disruption":0.0003},"geometry":{"type":"Polygon","coordinates":[[[55.3757,25.1692],[55.3775,25.1649],[55.3826,25.1638],[55.3859,25.1669],[55.3842,25.1712],[55.3791,25.1723],[55.3757,25.1692]]]}},{"type":"Feature","properties":{"h3_index":"8843acc92dfffff","h3_resolution":8,"center_lat":25.15856,"center_lng":55.37078,"risk_score":0.3576,"risk_class":"moderate","flood_exposure":0.4385,"charger_access_deficit":0.7369,"transport_disruption":0.002},"geometry":{"type":"Polygon","coordinates":[[[55.3657,25.1597],[55.3674,25.1554],[55.3725,25.1543],[55.3759,25.1574],[55.3741,25.1617],[55.369,25.1629],[55.3657,25.1597]]]}},{"type":"Feature","properties":{"h3_index":"8843acc931fffff","h3_resolution":8,"center_lat":25.17212,"center_lng":55.39775,"risk_score":0.31,"risk_class":"low","flood_exposure":0.376,"charger_access_deficit":0.788,"transport_disruption":0.0},"geometry":{"type":"Polygon","coordinates":[[[55.3926,25.1733],[55.3944,25.169],[55.3995,25.1678],[55.4029,25.171],[55.4011,25.1753],[55.396,25.1764],[55.3926,25.1733]]]}},{"type":"Feature","properties":{"h3_index":"8843acc933fffff","h3_resolution":8,"center_lat":25.17416,"center_lng":55.40621,"risk_score":0.2841,"risk_class":"low","flood_exposure":0.3591,"charger_access_deficit":0.7926,"transport_disruption":0.0},"geometry":{"type":"Polygon","coordinates":[[[55.4011,25.1753],[55.4029,25.171],[55.408,25.1699],[55.4113,25.173],[55.4096,25.1773],[55.4045,25.1785],[55.4011,25.1753]]]}},{"type":"Feature","properties":{"h3_index":"8843acc935fffff","h3_resolution":8,"center_lat":25.16467,"center_lng":55.39615,"risk_score":0.3492,"risk_class":"low","flood_exposure":0.373,"charger_access_deficit":0.8107,"transport_disruption":0.0},"geometry":{"type":"Polygon","coordinates":[[[55.391,25.1658],[55.3928,25.1615],[55.3979,25.1604],[55.4013,25.1635],[55.3995,25.1678],[55.3944,25.169],[55.391,25.1658]]]}},{"type":"Feature","properties":{"h3_index":"8843acc937fffff","h3_resolution":8,"center_lat":25.1667,"center_lng":55.40461,"risk_score":0.3459,"risk_class":"low","flood_exposure":0.3577,"charger_access_deficit":0.8188,"transport_disruption":0.0},"geometry":{"type":"Polygon","coordinates":[[[55.3995,25.1678],[55.4013,25.1635],[55.4064,25.1624],[55.4097,25.1656],[55.408,25.1699],[55.4029,25.171],[55.3995,25.1678]]]}},{"type":"Feature","properties":{"h3_index":"8843acc939fffff","h3_resolution":8,"center_lat":25.17755,"center_lng":55.39088,"risk_score":0.3201,"risk_class":"low","flood_exposure":0.3971,"charger_access_deficit":0.7559,"transport_disruption":0.0},"geometry":{"type":"Polygon","coordinates":[[[55.3858,25.1787],[55.3875,25.1744],[55.3926,25.1733],[55.396,25.1764],[55.3942,25.1807],[55.3891,25.1818],[55.3858,25.1787]]]}},{"type":"Feature","properties":{"h3_index":"8843acc93bfffff","h3_resolution":8,"center_lat":25.17958,"center_lng":55.39934,"risk_score":0.3016,"risk_class":"low","flood_exposure":0.3762,"charger_access_deficit":0.7588,"transport_disruption":0.0},"geometry":{"type":"Polygon","coordinates":[[[55.3942,25.1807],[55.396,25.1764],[55.4011,25.1753],[55.4045,25.1785],[55.4027,25.1827],[55.3976,25.1839],[55.3942,25.1807]]]}},{"type":"Feature","properties":{"h3_index":"8843acc93dfffff","h3_resolution":8,"center_lat":25.17009,"center_lng":55.38929,"risk_score":0.357,"risk_class":"moderate","flood_exposure":0.3952,"charger_access_deficit":0.7819,"transport_disruption":0.0},"geometry":{"type":"Polygon","coordinates":[[[55.3842,25.1712],[55.3859,25.1669],[55.391,25.1658],[55.3944,25.169],[55.3926,25.1733],[55.3875,25.1744],[55.3842,25.1712]]]}},{"type":"Feature","properties":{"h3_index":"8843acc941fffff","h3_resolution":8,"center_lat":25.18974,"center_lng":55.35337,"risk_score":0.3752,"risk_class":"moderate","flood_exposure":0.6257,"charger_access_deficit":0.5413,"transport_disruption":0.04},"geometry":{"type":"Polygon","coordinates":[[[55.3483,25.1909],[55.35,25.1866],[55.3551,25.1854],[55.3585,25.1886],[55.3567,25.1929],[55.3516,25.194],[55.3483,25.1909]]]}},{"type":"Feature","properties":{"h3_index":"8843acc943fffff","h3_resolution":8,"center_lat":25.19178,"center_lng":55.36183,"risk_score":0.3235,"risk_class":"low","flood_exposure":0.5741,"charger_access_deficit":0.5632,"transport_disruption":0.0179},"geometry":{"type":"Polygon","coordinates":[[[55.3567,25.1929],[55.3585,25.1886],[55.3636,25.1875],[55.3669,25.1906],[55.3652,25.1949],[55.3601,25.1961],[55.3567,25.1929]]]}},{"type":"Feature","properties":{"h3_index":"8843acc945fffff","h3_resolution":8,"center_lat":25.18228,"center_lng":55.35178,"risk_score":0.3903,"risk_class":"moderate","flood_exposure":0.6208,"charger_access_deficit":0.5682,"transport_disruption":0.0414},"geometry":{"type":"Polygon","coordinates":[[[55.3467,25.1834],[55.3484,25.1791],[55.3535,25.178],[55.3569,25.1812],[55.3551,25.1854],[55.35,25.1866],[55.3467,25.1834]]]}},{"type":"Feature","properties":{"h3_index":"8843acc947fffff","h3_resolution":8,"center_lat":25.18432,"center_lng":55.36024,"risk_score":0.3391,"risk_class":"low","flood_exposure":0.5731,"charger_access_deficit":0.5993,"transport_disruption":0.0189},"geometry":{"type":"Polygon","coordinates":[[[55.3551,25.1854],[55.3569,25.1812],[55.362,25.18],[55.3653,25.1832],[55.3636,25.1875],[55.3585,25.1886],[55.3551,25.1854]]]}},{"type":"Feature","properties":{"h3_index":"8843acc949fffff","h3_resolution":8,"center_lat":25.19516,"center_lng":55.34651,"risk_score":0.3705,"risk_class":"moderate","flood_exposure":0.6748,"charger_access_deficit":0.4853,"transport_disruption":0.0732},"geometry":{"type":"Polygon","coordinates":[[[55.3414,25.1963],[55.3432,25.192],[55.3483,25.1909],[55.3516,25.194],[55.3499,25.1983],[55.3447,25.1995],[55.3414,25.1963]]]}},{"type":"Feature","properties":{"h3_index":"8843acc94bfffff","h3_resolution":8,"center_lat":25.1972,"center_lng":55.35497,"risk_score":0.3216,"risk_class":"low","flood_exposure":0.6222,"charger_access_deficit":0.5021,"transport_disruption":0.0383},"geometry":{"type":"Polygon","coordinates":[[[55.3499,25.1983],[55.3516,25.194],[55.3567,25.1929],[55.3601,25.1961],[55.3583,25.2004],[55.3532,25.2015],[55.3499,25.1983]]]}},{"type":"Feature","properties":{"h3_index":"8843acc94dfffff","h3_resolution":8,"center_lat":25.1877,"center_lng":55.34491,"risk_score":0.3684,"risk_class":"moderate","flood_exposure":0.6744,"charger_access_deficit":0.515,"transport_disruption":0.0757},"geometry":{"type":"Polygon","coordinates":[[[55.3398,25.1888],[55.3416,25.1845],[55.3467,25.1834],[55.35,25.1866],[55.3483,25.1909],[55.3432,25.192],[55.3398,25.1888]]]}},{"type":"Feature","properties":{"h3_index":"8843acc951fffff","h3_resolution":8,"center_lat":25.20128,"center_lng":55.37189,"risk_score":0.2482,"risk_class":"low","flood_exposure":0.5141,"charger_access_deficit":0.5365,"transport_disruption":0.0057},"geometry":{"type":"Polygon","coordinates":[[[55.3668,25.2024],[55.3685,25.1981],[55.3736,25.197],[55.377,25.2001],[55.3752,25.2044],[55.3701,25.2056],[55.3668,25.2024]]]}},{"type":"Feature","properties":{"h3_index":"8843acc953fffff","h3_resolution":8,"center_lat":25.20331,"center_lng":55.38035,"risk_score":0.2547,"risk_class":"low","flood_exposure":0.4643,"charger_access_deficit":0.5561,"transport_disruption":0.0013},"geometry":{"type":"Polygon","coordinates":[[[55.3752,25.2044],[55.377,25.2001],[55.3821,25.199],[55.3855,25.2022],[55.3837,25.2065],[55.3786,25.2076],[55.3752,25.2044]]]}},{"type":"Feature","properties":{"h3_index":"8843acc955fffff","h3_resolution":8,"center_lat":25.19382,"center_lng":55.37029,"risk_score":0.2866,"risk_class":"low","flood_exposure":0.5214,"charger_access_deficit":0.5839,"transport_disruption":0.0062},"geometry":{"type":"Polygon","coordinates":[[[55.3652,25.1949],[55.3669,25.1906],[55.372,25.1895],[55.3754,25.1927],[55.3736,25.197],[55.3685,25.1981],[55.3652,25.1949]]]}},{"type":"Feature","properties":{"h3_index":"8843acc957fffff","h3_resolution":8,"center_lat":25.19585,"center_lng":55.37875,"risk_score":0.2672,"risk_class":"low","flood_exposure":0.4715,"charger_access_deficit":0.6033,"transport_disruption":0.0014},"geometry":{"type":"Polygon","coordinates":[[[55.3736,25.197],[55.3754,25.1927],[55.3805,25.1916],[55.3839,25.1947],[55.3821,25.199],[55.377,25.2001],[55.3736,25.197]]]}},{"type":"Feature","properties":{"h3_index":"8843acc959fffff","h3_resolution":8,"center_lat":25.2067,"center_lng":55.36502,"risk_score":0.2385,"risk_class":"low","flood_exposure":0.555,"charger_access_deficit":0.4691,"transport_disruption":0.0158},"geometry":{"type":"Polygon","coordinates":[[[55.3599,25.2078],[55.3617,25.2035],[55.3668,25.2024],[55.3701,25.2056],[55.3684,25.2099],[55.3633,25.211],[55.3599,25.2078]]]}},{"type":"Feature","properties":{"h3_index":"8843acc95bfffff","h3_resolution":8,"center_lat":25.20874,"center_lng":55.37348,"risk_score":0.2343,"risk_class":"low","flood_exposure":0.5021,"charger_access_deficit":0.4875,"transport_disruption":0.0052},"geometry":{"type":"Polygon","coordinates":[[[55.3684,25.2099],[55.3701,25.2056],[55.3752,25.2044],[55.3786,25.2076],[55.3768,25.2119],[55.3717,25.213],[55.3684,25.2099]]]}},{"type":"Feature","properties":{"h3_index":"8843acc95dfffff","h3_resolution":8,"center_lat":25.19924,"center_lng":55.36343,"risk_score":0.2975,"risk_class":"low","flood_exposure":0.5677,"charger_access_deficit":0.5184,"transport_disruption":0.0169},"geometry":{"type":"Polygon","coordinates":[[[55.3583,25.2004],[55.3601,25.1961],[55.3652,25.1949],[55.3685,25.1981],[55.3668,25.2024],[55.3617,25.2035],[55.3583,25.2004]]]}},{"type":"Feature","properties":{"h3_index":"8843acc961fffff","h3_resolution":8,"center_lat":25.1694,"center_lng":55.35705,"risk_score":0.368,"risk_class":"moderate","flood_exposure":0.5495,"charger_access_deficit":0.6335,"transport_disruption":0.0199},"geometry":{"type":"Polygon","coordinates":[[[55.3519,25.1705],[55.3537,25.1662],[55.3588,25.1651],[55.3622,25.1683],[55.3604,25.1726],[55.3553,25.1737],[55.3519,25.1705]]]}},{"type":"Feature","properties":{"h3_index":"8843acc963fffff","h3_resolution":8,"center_lat":25.17144,"center_lng":55.36551,"risk_score":0.3539,"risk_class":"moderate","flood_exposure":0.5088,"charger_access_deficit":0.6783,"transport_disruption":0.0075},"geometry":{"type":"Polygon","coordinates":[[[55.3604,25.1726],[55.3622,25.1683],[55.3673,25.1671],[55.3706,25.1703],[55.3689,25.1746],[55.3638,25.1757],[55.3604,25.1726]]]}},{"type":"Feature","properties":{"h3_index":"8843acc965fffff","h3_resolution":8,"center_lat":25.16195,"center_lng":55.35546,"risk_score":0.3283,"risk_class":"low","flood_exposure":0.5282,"charger_access_deficit":0.6326,"transport_disruption":0.0195},"geometry":{"type":"Polygon","coordinates":[[[55.3504,25.1631],[55.3521,25.1588],[55.3572,25.1577],[55.3606,25.1608],[55.3588,25.1651],[55.3537,25.1662],[55.3504,25.1631]]]}},{"type":"Feature","properties":{"h3_index":"8843acc967fffff","h3_resolution":8,"center_lat":25.16398,"center_lng":55.36391,"risk_score":0.3349,"risk_class":"low","flood_exposure":0.4923,"charger_access_deficit":0.6864,"transport_disruption":0.0075},"geometry":{"type":"Polygon","coordinates":[[[55.3588,25.1651],[55.3606,25.1608],[55.3657,25.1597],[55.369,25.1629],[55.3673,25.1671],[55.3622,25.1683],[55.3588,25.1651]]]}},{"type":"Feature","properties":{"h3_index":"8843acc969fffff","h3_resolution":8,"center_lat":25.17482,"center_lng":55.35019,"risk_score":0.3906,"risk_class":"moderate","flood_exposure":0.6077,"charger_access_deficit":0.5808,"transport_disruption":0.0423},"geometry":{"type":"Polygon","coordinates":[[[55.3451,25.176],[55.3468,25.1717],[55.3519,25.1705],[55.3553,25.1737],[55.3535,25.178],[55.3484,25.1791],[55.3451,25.176]]]}},{"type":"Feature","properties":{"h3_index":"8843acc96bfffff","h3_resolution":8,"center_lat":25.17686,"center_lng":55.35864,"risk_score":0.3652,"risk_class":"moderate","flood_exposure":0.5647,"charger_access_deficit":0.6233,"transport_disruption":0.0196},"geometry":{"type":"Polygon","coordinates":[[[55.3535,25.178],[55.3553,25.1737],[55.3604,25.1726],[55.3638,25.1757],[55.362,25.18],[55.3569,25.1812],[55.3535,25.178]]]}},{"type":"Feature","properties":{"h3_index":"8843acc96dfffff","h3_resolution":8,"center_lat":25.16737,"center_lng":55.34859,"risk_score":0.3741,"risk_class":"moderate","flood_exposure":0.5873,"charger_access_deficit":0.5808,"transport_disruption":0.0421},"geometry":{"type":"Polygon","coordinates":[[[55.3435,25.1685],[55.3452,25.1642],[55.3504,25.1631],[55.3537,25.1662],[55.3519,25.1705],[55.3468,25.1717],[55.3435,25.1685]]]}},{"type":"Feature","properties":{"h3_index":"8843acc9c1fffff","h3_resolution":8,"center_lat":25.204,"center_lng":55.41261,"risk_score":0.174,"risk_class":"low","flood_exposure":0.3617,"charger_access_deficit":0.6435,"transport_disruption":0.0},"geometry":{"type":"Polygon","coordinates":[[[55.4075,25.2051],[55.4093,25.2008],[55.4144,25.1997],[55.4177,25.2029],[55.416,25.2072],[55.4109,25.2083],[55.4075,25.2051]]]}},{"type":"Feature","properties":{"h3_index":"8843acc9c5fffff","h3_resolution":8,"center_lat":25.19654,"center_lng":55.41101,"risk_score":0.2568,"risk_class":"low","flood_exposure":0.3606,"charger_access_deficit":0.6807,"transport_disruption":0.0},"geometry":{"type":"Polygon","coordinates":[[[55.4059,25.1977],[55.4077,25.1934],[55.4128,25.1922],[55.4161,25.1954],[55.4144,25.1997],[55.4093,25.2008],[55.4059,25.1977]]]}},{"type":"Feature","properties":{"h3_index":"8843acc9c9fffff","h3_resolution":8,"center_lat":25.20942,"center_lng":55.40574,"risk_score":0.1949,"risk_class":"low","flood_exposure":0.3784,"charger_access_deficit":0.6007,"transport_disruption":0.0},"geometry":{"type":"Polygon","coordinates":[[[55.4006,25.2106],[55.4024,25.2063],[55.4075,25.2051],[55.4109,25.2083],[55.4091,25.2126],[55.404,25.2137],[55.4006,25.2106]]]}},{"type":"Feature","properties":{"h3_index":"8843acc9cdfffff","h3_resolution":8,"center_lat":25.20196,"center_lng":55.40414,"risk_score":0.2556,"risk_class":"low","flood_exposure":0.3774,"charger_access_deficit":0.6378,"transport_disruption":0.0},"geometry":{"type":"Polygon","coordinates":[[[55.399,25.2031],[55.4008,25.1988],[55.4059,25.1977],[55.4093,25.2008],[55.4075,25.2051],[55.4024,25.2063],[55.399,25.2031]]]}},{"type":"Feature","properties":{"h3_index":"8843acc9e9fffff","h3_resolution":8,"center_lat":25.18908,"center_lng":55.40941,"risk_score":0.2562,"risk_class":"low","flood_exposure":0.3596,"charger_access_deficit":0.7146,"transport_disruption":0.0},"geometry":{"type":"Polygon","coordinates":[[[55.4043,25.1902],[55.4061,25.1859],[55.4112,25.1848],[55.4145,25.1879],[55.4128,25.1922],[55.4077,25.1934],[55.4043,25.1902]]]}},{"type":"Feature","properties":{"h3_index":"8843acc9edfffff","h3_resolution":8,"center_lat":25.18162,"center_lng":55.40781,"risk_score":0.2914,"risk_class":"low","flood_exposure":0.3604,"charger_access_deficit":0.7553,"transport_disruption":0.0},"geometry":{"type":"Polygon","coordinates":[[[55.4027,25.1827],[55.4045,25.1785],[55.4096,25.1773],[55.4129,25.1805],[55.4112,25.1848],[55.4061,25.1859],[55.4027,25.1827]]]}},{"type":"Feature","properties":{"h3_index":"8843acca01fffff","h3_resolution":8,"center_lat":25.27114,"center_lng":55.33864,"risk_score":0.0654,"risk_class":"low","flood_exposure":0.4198,"charger_access_deficit":0.209,"transport_disruption":0.2203},"geometry":{"type":"Polygon","coordinates":[[[55.3335,25.2723],[55.3353,25.268],[55.3404,25.2668],[55.3437,25.27],[55.342,25.2743],[55.3369,25.2754],[55.3335,25.2723]]]}},{"type":"Feature","properties":{"h3_index":"8843acca03fffff","h3_resolution":8,"center_lat":25.27318,"center_lng":55.3471,"risk_score":0.0198,"risk_class":"low","flood_exposure":0.4025,"charger_access_deficit":0.2211,"transport_disruption":0.1694},"geometry":{"type":"Polygon","coordinates":[[[55.342,25.2743],[55.3437,25.27],[55.3489,25.2689],[55.3522,25.2721],[55.3505,25.2764],[55.3453,25.2775],[55.342,25.2743]]]}},{"type":"Feature","properties":{"h3_index":"8843acca05fffff","h3_resolution":8,"center_lat":25.26367,"center_lng":55.33704,"risk_score":0.0824,"risk_class":"low","flood_exposure":0.4663,"charger_access_deficit":0.1769,"transport_disruption":0.2204},"geometry":{"type":"Polygon","coordinates":[[[55.3319,25.2648],[55.3337,25.2605],[55.3388,25.2594],[55.3422,25.2625],[55.3404,25.2668],[55.3353,25.268],[55.3319,25.2648]]]}},{"type":"Feature","properties":{"h3_index":"8843acca07fffff","h3_resolution":8,"center_lat":25.26571,"center_lng":55.34551,"risk_score":0.0261,"risk_class":"low","flood_exposure":0.4387,"charger_access_deficit":0.1927,"transport_disruption":0.1552},"geometry":{"type":"Polygon","coordinates":[[[55.3404,25.2668],[55.3422,25.2625],[55.3473,25.2614],[55.3506,25.2646],[55.3489,25.2689],[55.3437,25.27],[55.3404,25.2668]]]}},{"type":"Feature","properties":{"h3_index":"8843acca09fffff","h3_resolution":8,"center_lat":25.27656,"center_lng":55.33176,"risk_score":0.1033,"risk_class":"low","flood_exposure":0.3982,"charger_access_deficit":0.2327,"transport_disruption":0.2992},"geometry":{"type":"Polygon","coordinates":[[[55.3266,25.2777],[55.3284,25.2734],[55.3335,25.2723],[55.3369,25.2754],[55.3351,25.2797],[55.33,25.2809],[55.3266,25.2777]]]}},{"type":"Feature","properties":{"h3_index":"8843acca0bfffff","h3_resolution":8,"center_lat":25.27861,"center_lng":55.34023,"risk_score":0.0685,"risk_class":"low","flood_exposure":0.3816,"charger_access_deficit":0.2452,"transport_disruption":0.2368},"geometry":{"type":"Polygon","coordinates":[[[55.3351,25.2797],[55.3369,25.2754],[55.342,25.2743],[55.3453,25.2775],[55.3436,25.2818],[55.3385,25.2829],[55.3351,25.2797]]]}},{"type":"Feature","properties":{"h3_index":"8843acca0dfffff","h3_resolution":8,"center_lat":25.2691,"center_lng":55.33017,"risk_score":0.1025,"risk_class":"low","flood_exposure":0.4475,"charger_access_deficit":0.1914,"transport_disruption":0.2994},"geometry":{"type":"Polygon","coordinates":[[[55.3251,25.2702],[55.3268,25.2659],[55.3319,25.2648],[55.3353,25.268],[55.3335,25.2723],[55.3284,25.2734],[55.3251,25.2702]]]}},{"type":"Feature","properties":{"h3_index":"8843acca11fffff","h3_resolution":8,"center_lat":25.28269,"center_lng":55.35717,"risk_score":0.0057,"risk_class":"low","flood_exposure":0.3674,"charger_access_deficit":0.2519,"transport_disruption":0.1432},"geometry":{"type":"Polygon","coordinates":[[[55.3521,25.2838],[55.3538,25.2795],[55.3589,25.2784],[55.3623,25.2816],[55.3605,25.2859],[55.3554,25.287],[55.3521,25.2838]]]}},{"type":"Feature","properties":{"h3_index":"8843acca15fffff","h3_resolution":8,"center_lat":25.27523,"center_lng":55.35557,"risk_score":0.0097,"risk_class":"low","flood_exposure":0.3922,"charger_access_deficit":0.2273,"transport_disruption":0.1285},"geometry":{"type":"Polygon","coordinates":[[[55.3505,25.2764],[55.3522,25.2721],[55.3573,25.2709],[55.3607,25.2741],[55.3589,25.2784],[55.3538,25.2795],[55.3505,25.2764]]]}},{"type":"Feature","properties":{"h3_index":"8843acca19fffff","h3_resolution":8,"center_lat":25.28812,"center_lng":55.35029,"risk_score":0.046,"risk_class":"low","flood_exposure":0.3465,"charger_access_deficit":0.2801,"transport_disruption":0.2049},"geometry":{"type":"Polygon","coordinates":[[[55.3452,25.2892],[55.3469,25.2849],[55.3521,25.2838],[55.3554,25.287],[55.3536,25.2913],[55.3485,25.2924],[55.3452,25.2892]]]}},{"type":"Feature","properties":{"h3_index":"8843acca1dfffff","h3_resolution":8,"center_lat":25.28065,"center_lng":55.3487,"risk_score":0.0084,"risk_class":"low","flood_exposure":0.3726,"charger_access_deficit":0.2506,"transport_disruption":0.1894},"geometry":{"type":"Polygon","coordinates":[[[55.3436,25.2818],[55.3453,25.2775],[55.3505,25.2764],[55.3538,25.2795],[55.3521,25.2838],[55.3469,25.2849],[55.3436,25.2818]]]}},{"type":"Feature","properties":{"h3_index":"8843acca21fffff","h3_resolution":8,"center_lat":25.25078,"center_lng":55.34232,"risk_score":0.0749,"risk_class":"low","flood_exposure":0.5248,"charger_access_deficit":0.1661,"transport_disruption":0.1543},"geometry":{"type":"Polygon","coordinates":[[[55.3372,25.2519],[55.339,25.2476],[55.3441,25.2465],[55.3474,25.2497],[55.3457,25.254],[55.3406,25.2551],[55.3372,25.2519]]]}},{"type":"Feature","properties":{"h3_index":"8843acca23fffff","h3_resolution":8,"center_lat":25.25282,"center_lng":55.35079,"risk_score":0.0548,"risk_class":"low","flood_exposure":0.4864,"charger_access_deficit":0.1822,"transport_disruption":0.0962},"geometry":{"type":"Polygon","coordinates":[[[55.3457,25.254],[55.3474,25.2497],[55.3525,25.2485],[55.3559,25.2517],[55.3541,25.256],[55.349,25.2571],[55.3457,25.254]]]}},{"type":"Feature","properties":{"h3_index":"8843acca25fffff","h3_resolution":8,"center_lat":25.24332,"center_lng":55.34073,"risk_score":0.109,"risk_class":"low","flood_exposure":0.5708,"charger_access_deficit":0.1773,"transport_disruption":0.1584},"geometry":{"type":"Polygon","coordinates":[[[55.3356,25.2444],[55.3374,25.2401],[55.3425,25.239],[55.3458,25.2422],[55.3441,25.2465],[55.339,25.2476],[55.3356,25.2444]]]}},{"type":"Feature","properties":{"h3_index":"8843acca27fffff","h3_resolution":8,"center_lat":25.24536,"center_lng":55.34919,"risk_score":0.0951,"risk_class":"low","flood_exposure":0.5276,"charger_access_deficit":0.1874,"transport_disruption":0.0984},"geometry":{"type":"Polygon","coordinates":[[[55.3441,25.2465],[55.3458,25.2422],[55.351,25.2411],[55.3543,25.2442],[55.3525,25.2485],[55.3474,25.2497],[55.3441,25.2465]]]}},{"type":"Feature","properties":{"h3_index":"8843acca29fffff","h3_resolution":8,"center_lat":25.25621,"center_lng":55.33545,"risk_score":0.0879,"risk_class":"low","flood_exposure":0.515,"charger_access_deficit":0.1588,"transport_disruption":0.2233},"geometry":{"type":"Polygon","coordinates":[[[55.3303,25.2573],[55.3321,25.253],[55.3372,25.2519],[55.3406,25.2551],[55.3388,25.2594],[55.3337,25.2605],[55.3303,25.2573]]]}},{"type":"Feature","properties":{"h3_index":"8843acca2bfffff","h3_resolution":8,"center_lat":25.25825,"center_lng":55.34392,"risk_score":0.0559,"risk_class":"low","flood_exposure":0.4795,"charger_access_deficit":0.1727,"transport_disruption":0.1517},"geometry":{"type":"Polygon","coordinates":[[[55.3388,25.2594],[55.3406,25.2551],[55.3457,25.254],[55.349,25.2571],[55.3473,25.2614],[55.3422,25.2625],[55.3388,25.2594]]]}},{"type":"Feature","properties":{"h3_index":"8843acca2dfffff","h3_resolution":8,"center_lat":25.24874,"center_lng":55.33386,"risk_score":0.1202,"risk_class":"low","flood_exposure":0.5649,"charger_access_deficit":0.1584,"transport_disruption":0.2282},"geometry":{"type":"Polygon","coordinates":[[[55.3287,25.2499],[55.3305,25.2456],[55.3356,25.2444],[55.339,25.2476],[55.3372,25.2519],[55.3321,25.253],[55.3287,25.2499]]]}},{"type":"Feature","properties":{"h3_index":"8843acca31fffff","h3_resolution":8,"center_lat":25.26233,"center_lng":55.36085,"risk_score":0.0118,"risk_class":"low","flood_exposure":0.4342,"charger_access_deficit":0.2002,"transport_disruption":0.0723},"geometry":{"type":"Polygon","coordinates":[[[55.3557,25.2635],[55.3575,25.2592],[55.3626,25.258],[55.366,25.2612],[55.3642,25.2655],[55.3591,25.2666],[55.3557,25.2635]]]}},{"type":"Feature","properties":{"h3_index":"8843acca33fffff","h3_resolution":8,"center_lat":25.26437,"center_lng":55.36932,"risk_score":0.0,"risk_class":"low","flood_exposure":0.4207,"charger_access_deficit":0.2128,"transport_disruption":0.0472},"geometry":{"type":"Polygon","coordinates":[[[55.3642,25.2655],[55.366,25.2612],[55.3711,25.2601],[55.3744,25.2632],[55.3727,25.2675],[55.3676,25.2687],[55.3642,25.2655]]]}},{"type":"Feature","properties":{"h3_index":"8843acca35fffff","h3_resolution":8,"center_lat":25.25487,"center_lng":55.35926,"risk_score":0.0361,"risk_class":"low","flood_exposure":0.4616,"charger_access_deficit":0.1976,"transport_disruption":0.0627},"geometry":{"type":"Polygon","coordinates":[[[55.3541,25.256],[55.3559,25.2517],[55.361,25.2506],[55.3644,25.2537],[55.3626,25.258],[55.3575,25.2592],[55.3541,25.256]]]}},{"type":"Feature","properties":{"h3_index":"8843acca37fffff","h3_resolution":8,"center_lat":25.25691,"center_lng":55.36772,"risk_score":0.0264,"risk_class":"low","flood_exposure":0.4443,"charger_access_deficit":0.2118,"transport_disruption":0.0389},"geometry":{"type":"Polygon","coordinates":[[[55.3626,25.258],[55.3644,25.2537],[55.3695,25.2526],[55.3728,25.2558],[55.3711,25.2601],[55.366,25.2612],[55.3626,25.258]]]}},{"type":"Feature","properties":{"h3_index":"8843acca39fffff","h3_resolution":8,"center_lat":25.26776,"center_lng":55.35398,"risk_score":0.0316,"risk_class":"low","flood_exposure":0.4203,"charger_access_deficit":0.2048,"transport_disruption":0.1164},"geometry":{"type":"Polygon","coordinates":[[[55.3489,25.2689],[55.3506,25.2646],[55.3557,25.2635],[55.3591,25.2666],[55.3573,25.2709],[55.3522,25.2721],[55.3489,25.2689]]]}},{"type":"Feature","properties":{"h3_index":"8843acca3bfffff","h3_resolution":8,"center_lat":25.2698,"center_lng":55.36245,"risk_score":0.001,"risk_class":"low","flood_exposure":0.4078,"charger_access_deficit":0.2136,"transport_disruption":0.0832},"geometry":{"type":"Polygon","coordinates":[[[55.3573,25.2709],[55.3591,25.2666],[55.3642,25.2655],[55.3676,25.2687],[55.3658,25.273],[55.3607,25.2741],[55.3573,25.2709]]]}},{"type":"Feature","properties":{"h3_index":"8843acca3dfffff","h3_resolution":8,"center_lat":25.26029,"center_lng":55.35238,"risk_score":0.0068,"risk_class":"low","flood_exposure":0.4544,"charger_access_deficit":0.1869,"transport_disruption":0.1043},"geometry":{"type":"Polygon","coordinates":[[[55.3473,25.2614],[55.349,25.2571],[55.3541,25.256],[55.3575,25.2592],[55.3557,25.2635],[55.3506,25.2646],[55.3473,25.2614]]]}},{"type":"Feature","properties":{"h3_index":"8843acca41fffff","h3_resolution":8,"center_lat":25.27994,"center_lng":55.31642,"risk_score":0.1729,"risk_class":"low","flood_exposure":0.3932,"charger_access_deficit":0.2411,"transport_disruption":0.4757},"geometry":{"type":"Polygon","coordinates":[[[55.3113,25.2811],[55.3131,25.2768],[55.3182,25.2756],[55.3215,25.2788],[55.3198,25.2831],[55.3147,25.2842],[55.3113,25.2811]]]}},{"type":"Feature","properties":{"h3_index":"8843acca43fffff","h3_resolution":8,"center_lat":25.28199,"center_lng":55.32488,"risk_score":0.0997,"risk_class":"low","flood_exposure":0.3718,"charger_access_deficit":0.2617,"transport_disruption":0.3853},"geometry":{"type":"Polygon","coordinates":[[[55.3198,25.2831],[55.3215,25.2788],[55.3266,25.2777],[55.33,25.2809],[55.3282,25.2852],[55.3231,25.2863],[55.3198,25.2831]]]}},{"type":"Feature","properties":{"h3_index":"8843acca45fffff","h3_resolution":8,"center_lat":25.27248,"center_lng":55.31483,"risk_score":0.1615,"risk_class":"low","flood_exposure":0.4474,"charger_access_deficit":0.1958,"transport_disruption":0.4803},"geometry":{"type":"Polygon","coordinates":[[[55.3097,25.2736],[55.3115,25.2693],[55.3166,25.2682],[55.3199,25.2713],[55.3182,25.2756],[55.3131,25.2768],[55.3097,25.2736]]]}},{"type":"Feature","properties":{"h3_index":"8843acca47fffff","h3_resolution":8,"center_lat":25.27452,"center_lng":55.32329,"risk_score":0.1345,"risk_class":"low","flood_exposure":0.4228,"charger_access_deficit":0.2134,"transport_disruption":0.3854},"geometry":{"type":"Polygon","coordinates":[[[55.3182,25.2756],[55.3199,25.2713],[55.3251,25.2702],[55.3284,25.2734],[55.3266,25.2777],[55.3215,25.2788],[55.3182,25.2756]]]}},{"type":"Feature","properties":{"h3_index":"8843acca49fffff","h3_resolution":8,"center_lat":25.28537,"center_lng":55.30954,"risk_score":0.1919,"risk_class":"low","flood_exposure":0.3594,"charger_access_deficit":0.275,"transport_disruption":0.5658},"geometry":{"type":"Polygon","coordinates":[[[55.3044,25.2865],[55.3062,25.2822],[55.3113,25.2811],[55.3147,25.2842],[55.3129,25.2885],[55.3078,25.2897],[55.3044,25.2865]]]}},{"type":"Feature","properties":{"h3_index":"8843acca4bfffff","h3_resolution":8,"center_lat":25.28741,"center_lng":55.31801,"risk_score":0.1723,"risk_class":"low","flood_exposure":0.3411,"charger_access_deficit":0.2944,"transport_disruption":0.4755},"geometry":{"type":"Polygon","coordinates":[[[55.3129,25.2885],[55.3147,25.2842],[55.3198,25.2831],[55.3231,25.2863],[55.3214,25.2906],[55.3162,25.2917],[55.3129,25.2885]]]}},{"type":"Feature","properties":{"h3_index":"8843acca4dfffff","h3_resolution":8,"center_lat":25.2779,"center_lng":55.30795,"risk_score":0.1953,"risk_class":"low","flood_exposure":0.4141,"charger_access_deficit":0.2241,"transport_disruption":0.5708},"geometry":{"type":"Polygon","coordinates":[[[55.3028,25.279],[55.3046,25.2747],[55.3097,25.2736],[55.3131,25.2768],[55.3113,25.2811],[55.3062,25.2822],[55.3028,25.279]]]}},{"type":"Feature","properties":{"h3_index":"8843acca51fffff","h3_resolution":8,"center_lat":25.2915,"center_lng":55.33495,"risk_score":0.0725,"risk_class":"low","flood_exposure":0.3191,"charger_access_deficit":0.3181,"transport_disruption":0.3344},"geometry":{"type":"Polygon","coordinates":[[[55.3298,25.2926],[55.3316,25.2883],[55.3367,25.2872],[55.3401,25.2904],[55.3383,25.2947],[55.3332,25.2958],[55.3298,25.2926]]]}},{"type":"Feature","properties":{"h3_index":"8843acca53fffff","h3_resolution":8,"center_lat":25.29355,"center_lng":55.34342,"risk_score":0.0704,"risk_class":"low","flood_exposure":0.3165,"charger_access_deficit":0.3194,"transport_disruption":0.2807},"geometry":{"type":"Polygon","coordinates":[[[55.3383,25.2947],[55.3401,25.2904],[55.3452,25.2892],[55.3485,25.2924],[55.3468,25.2967],[55.3417,25.2978],[55.3383,25.2947]]]}},{"type":"Feature","properties":{"h3_index":"8843acca55fffff","h3_resolution":8,"center_lat":25.28403,"center_lng":55.33335,"risk_score":0.0886,"risk_class":"low","flood_exposure":0.3569,"charger_access_deficit":0.2747,"transport_disruption":0.3101},"geometry":{"type":"Polygon","coordinates":[[[55.3282,25.2852],[55.33,25.2809],[55.3351,25.2797],[55.3385,25.2829],[55.3367,25.2872],[55.3316,25.2883],[55.3282,25.2852]]]}},{"type":"Feature","properties":{"h3_index":"8843acca57fffff","h3_resolution":8,"center_lat":25.28608,"center_lng":55.34182,"risk_score":0.0599,"risk_class":"low","flood_exposure":0.3497,"charger_access_deficit":0.2801,"transport_disruption":0.258},"geometry":{"type":"Polygon","coordinates":[[[55.3367,25.2872],[55.3385,25.2829],[55.3436,25.2818],[55.3469,25.2849],[55.3452,25.2892],[55.3401,25.2904],[55.3367,25.2872]]]}},{"type":"Feature","properties":{"h3_index":"8843acca59fffff","h3_resolution":8,"center_lat":25.29693,"center_lng":55.32807,"risk_score":0.1493,"risk_class":"low","flood_exposure":0.2851,"charger_access_deficit":0.3584,"transport_disruption":0.4217},"geometry":{"type":"Polygon","coordinates":[[[55.323,25.2981],[55.3247,25.2938],[55.3298,25.2926],[55.3332,25.2958],[55.3314,25.3001],[55.3263,25.3012],[55.323,25.2981]]]}},{"type":"Feature","properties":{"h3_index":"8843acca5bfffff","h3_resolution":8,"center_lat":25.29897,"center_lng":55.33654,"risk_score":0.1063,"risk_class":"low","flood_exposure":0.2833,"charger_access_deficit":0.3611,"transport_disruption":0.3676},"geometry":{"type":"Polygon","coordinates":[[[55.3314,25.3001],[55.3332,25.2958],[55.3383,25.2947],[55.3417,25.2978],[55.3399,25.3021],[55.3348,25.3033],[55.3314,25.3001]]]}},{"type":"Feature","properties":{"h3_index":"8843acca5dfffff","h3_resolution":8,"center_lat":25.28946,"center_lng":55.32648,"risk_score":0.1,"risk_class":"low","flood_exposure":0.3289,"charger_access_deficit":0.3076,"transport_disruption":0.3963},"geometry":{"type":"Polygon","coordinates":[[[55.3214,25.2906],[55.3231,25.2863],[55.3282,25.2852],[55.3316,25.2883],[55.3298,25.2926],[55.3247,25.2938],[55.3214,25.2906]]]}},{"type":"Feature","properties":{"h3_index":"8843acca61fffff","h3_resolution":8,"center_lat":25.25959,"center_lng":55.32011,"risk_score":0.1769,"risk_class":"low","flood_exposure":0.53,"charger_access_deficit":0.1542,"transport_disruption":0.3958},"geometry":{"type":"Polygon","coordinates":[[[55.315,25.2607],[55.3168,25.2564],[55.3219,25.2553],[55.3252,25.2585],[55.3235,25.2628],[55.3183,25.2639],[55.315,25.2607]]]}},{"type":"Feature","properties":{"h3_index":"8843acca63fffff","h3_resolution":8,"center_lat":25.26163,"center_lng":55.32858,"risk_score":0.1012,"risk_class":"low","flood_exposure":0.4985,"charger_access_deficit":0.1632,"transport_disruption":0.3026},"geometry":{"type":"Polygon","coordinates":[[[55.3235,25.2628],[55.3252,25.2585],[55.3303,25.2573],[55.3337,25.2605],[55.3319,25.2648],[55.3268,25.2659],[55.3235,25.2628]]]}},{"type":"Feature","properties":{"h3_index":"8843acca65fffff","h3_resolution":8,"center_lat":25.25212,"center_lng":55.31852,"risk_score":0.2366,"risk_class":"low","flood_exposure":0.5845,"charger_access_deficit":0.1519,"transport_disruption":0.4032},"geometry":{"type":"Polygon","coordinates":[[[55.3134,25.2532],[55.3152,25.249],[55.3203,25.2478],[55.3236,25.251],[55.3219,25.2553],[55.3168,25.2564],[55.3134,25.2532]]]}},{"type":"Feature","properties":{"h3_index":"8843acca67fffff","h3_resolution":8,"center_lat":25.25416,"center_lng":55.32698,"risk_score":0.1552,"risk_class":"low","flood_exposure":0.551,"charger_access_deficit":0.1518,"transport_disruption":0.3082},"geometry":{"type":"Polygon","coordinates":[[[55.3219,25.2553],[55.3236,25.251],[55.3287,25.2499],[55.3321,25.253],[55.3303,25.2573],[55.3252,25.2585],[55.3219,25.2553]]]}},{"type":"Feature","properties":{"h3_index":"8843acca69fffff","h3_resolution":8,"center_lat":25.26501,"center_lng":55.31324,"risk_score":0.1721,"risk_class":"low","flood_exposure":0.5025,"charger_access_deficit":0.1648,"transport_disruption":0.4874},"geometry":{"type":"Polygon","coordinates":[[[55.3081,25.2661],[55.3099,25.2618],[55.315,25.2607],[55.3183,25.2639],[55.3166,25.2682],[55.3115,25.2693],[55.3081,25.2661]]]}},{"type":"Feature","properties":{"h3_index":"8843acca6bfffff","h3_resolution":8,"center_lat":25.26705,"center_lng":55.3217,"risk_score":0.156,"risk_class":"low","flood_exposure":0.4757,"charger_access_deficit":0.1759,"transport_disruption":0.3894},"geometry":{"type":"Polygon","coordinates":[[[55.3166,25.2682],[55.3183,25.2639],[55.3235,25.2628],[55.3268,25.2659],[55.3251,25.2702],[55.3199,25.2713],[55.3166,25.2682]]]}},{"type":"Feature","properties":{"h3_index":"8843acca6dfffff","h3_resolution":8,"center_lat":25.25754,"center_lng":55.31165,"risk_score":0.2607,"risk_class":"low","flood_exposure":0.5577,"charger_access_deficit":0.1525,"transport_disruption":0.495},"geometry":{"type":"Polygon","coordinates":[[[55.3065,25.2587],[55.3083,25.2544],[55.3134,25.2532],[55.3168,25.2564],[55.315,25.2607],[55.3099,25.2618],[55.3065,25.2587]]]}},{"type":"Feature","properties":{"h3_index":"8843accb01fffff","h3_resolution":8,"center_lat":25.21889,"center_lng":55.32749,"risk_score":0.3473,"risk_class":"low","flood_exposure":0.7459,"charger_access_deficit":0.2972,"transport_disruption":0.2512},"geometry":{"type":"Polygon","coordinates":[[[55.3224,25.22],[55.3241,25.2157],[55.3293,25.2146],[55.3326,25.2178],[55.3308,25.2221],[55.3257,25.2232],[55.3224,25.22]]]}},{"type":"Feature","properties":{"h3_index":"8843accb03fffff","h3_resolution":8,"center_lat":25.22093,"center_lng":55.33595,"risk_score":0.3178,"risk_class":"low","flood_exposure":0.6977,"charger_access_deficit":0.2927,"transport_disruption":0.1729},"geometry":{"type":"Polygon","coordinates":[[[55.3308,25.2221],[55.3326,25.2178],[55.3377,25.2166],[55.3411,25.2198],[55.3393,25.2241],[55.3342,25.2252],[55.3308,25.2221]]]}},{"type":"Feature","properties":{"h3_index":"8843accb05fffff","h3_resolution":8,"center_lat":25.21142,"center_lng":55.3259,"risk_score":0.4338,"risk_class":"moderate","flood_exposure":0.7771,"charger_access_deficit":0.337,"transport_disruption":0.2568},"geometry":{"type":"Polygon","coordinates":[[[55.3208,25.2126],[55.3226,25.2083],[55.3277,25.2071],[55.331,25.2103],[55.3293,25.2146],[55.3241,25.2157],[55.3208,25.2126]]]}},{"type":"Feature","properties":{"h3_index":"8843accb07fffff","h3_resolution":8,"center_lat":25.21346,"center_lng":55.33436,"risk_score":0.3657,"risk_class":"moderate","flood_exposure":0.7299,"charger_access_deficit":0.3402,"transport_disruption":0.1778},"geometry":{"type":"Polygon","coordinates":[[[55.3293,25.2146],[55.331,25.2103],[55.3361,25.2092],[55.3395,25.2123],[55.3377,25.2166],[55.3326,25.2178],[55.3293,25.2146]]]}},{"type":"Feature","properties":{"h3_index":"8843accb09fffff","h3_resolution":8,"center_lat":25.22431,"center_lng":55.32062,"risk_score":0.3897,"risk_class":"moderate","flood_exposure":0.7491,"charger_access_deficit":0.2611,"transport_disruption":0.3344},"geometry":{"type":"Polygon","coordinates":[[[55.3155,25.2254],[55.3173,25.2211],[55.3224,25.22],[55.3257,25.2232],[55.324,25.2275],[55.3189,25.2286],[55.3155,25.2254]]]}},{"type":"Feature","properties":{"h3_index":"8843accb0bfffff","h3_resolution":8,"center_lat":25.22635,"center_lng":55.32908,"risk_score":0.3203,"risk_class":"low","flood_exposure":0.7068,"charger_access_deficit":0.2529,"transport_disruption":0.2455},"geometry":{"type":"Polygon","coordinates":[[[55.324,25.2275],[55.3257,25.2232],[55.3308,25.2221],[55.3342,25.2252],[55.3324,25.2295],[55.3273,25.2306],[55.324,25.2275]]]}},{"type":"Feature","properties":{"h3_index":"8843accb0dfffff","h3_resolution":8,"center_lat":25.21684,"center_lng":55.31903,"risk_score":0.431,"risk_class":"moderate","flood_exposure":0.7874,"charger_access_deficit":0.2972,"transport_disruption":0.3406},"geometry":{"type":"Polygon","coordinates":[[[55.3139,25.218],[55.3157,25.2137],[55.3208,25.2126],[55.3241,25.2157],[55.3224,25.22],[55.3173,25.2211],[55.3139,25.218]]]}},{"type":"Feature","properties":{"h3_index":"8843accb11fffff","h3_resolution":8,"center_lat":25.23043,"center_lng":55.34601,"risk_score":0.1991,"risk_class":"low","flood_exposure":0.6082,"charger_access_deficit":0.2447,"transport_disruption":0.1053},"geometry":{"type":"Polygon","coordinates":[[[55.3409,25.2316],[55.3427,25.2273],[55.3478,25.2261],[55.3511,25.2293],[55.3494,25.2336],[55.3442,25.2347],[55.3409,25.2316]]]}},{"type":"Feature","properties":{"h3_index":"8843accb13fffff","h3_resolution":8,"center_lat":25.23247,"center_lng":55.35447,"risk_score":0.1113,"risk_class":"low","flood_exposure":0.5578,"charger_access_deficit":0.2536,"transport_disruption":0.0595},"geometry":{"type":"Polygon","coordinates":[[[55.3494,25.2336],[55.3511,25.2293],[55.3562,25.2282],[55.3596,25.2313],[55.3578,25.2356],[55.3527,25.2368],[55.3494,25.2336]]]}},{"type":"Feature","properties":{"h3_index":"8843accb15fffff","h3_resolution":8,"center_lat":25.22297,"center_lng":55.34442,"risk_score":0.2665,"risk_class":"low","flood_exposure":0.6454,"charger_access_deficit":0.2901,"transport_disruption":0.1092},"geometry":{"type":"Polygon","coordinates":[[[55.3393,25.2241],[55.3411,25.2198],[55.3462,25.2187],[55.3495,25.2218],[55.3478,25.2261],[55.3427,25.2273],[55.3393,25.2241]]]}},{"type":"Feature","properties":{"h3_index":"8843accb17fffff","h3_resolution":8,"center_lat":25.22501,"center_lng":55.35288,"risk_score":0.205,"risk_class":"low","flood_exposure":0.5918,"charger_access_deficit":0.2947,"transport_disruption":0.0622},"geometry":{"type":"Polygon","coordinates":[[[55.3478,25.2261],[55.3495,25.2218],[55.3546,25.2207],[55.358,25.2239],[55.3562,25.2282],[55.3511,25.2293],[55.3478,25.2261]]]}},{"type":"Feature","properties":{"h3_index":"8843accb19fffff","h3_resolution":8,"center_lat":25.23585,"center_lng":55.33914,"risk_score":0.1649,"risk_class":"low","flood_exposure":0.6159,"charger_access_deficit":0.2053,"transport_disruption":0.1631},"geometry":{"type":"Polygon","coordinates":[[[55.334,25.237],[55.3358,25.2327],[55.3409,25.2316],[55.3442,25.2347],[55.3425,25.239],[55.3374,25.2401],[55.334,25.237]]]}},{"type":"Feature","properties":{"h3_index":"8843accb1bfffff","h3_resolution":8,"center_lat":25.23789,"center_lng":55.3476,"risk_score":0.1242,"risk_class":"low","flood_exposure":0.5682,"charger_access_deficit":0.2094,"transport_disruption":0.1016},"geometry":{"type":"Polygon","coordinates":[[[55.3425,25.239],[55.3442,25.2347],[55.3494,25.2336],[55.3527,25.2368],[55.351,25.2411],[55.3458,25.2422],[55.3425,25.239]]]}},{"type":"Feature","properties":{"h3_index":"8843accb1dfffff","h3_resolution":8,"center_lat":25.22839,"center_lng":55.33755,"risk_score":0.2623,"risk_class":"low","flood_exposure":0.659,"charger_access_deficit":0.2456,"transport_disruption":0.168},"geometry":{"type":"Polygon","coordinates":[[[55.3324,25.2295],[55.3342,25.2252],[55.3393,25.2241],[55.3427,25.2273],[55.3409,25.2316],[55.3358,25.2327],[55.3324,25.2295]]]}},{"type":"Feature","properties":{"h3_index":"8843accb21fffff","h3_resolution":8,"center_lat":25.19854,"center_lng":55.33118,"risk_score":0.4369,"risk_class":"moderate","flood_exposure":0.7659,"charger_access_deficit":0.4142,"transport_disruption":0.1872},"geometry":{"type":"Polygon","coordinates":[[[55.3261,25.1997],[55.3278,25.1954],[55.3329,25.1942],[55.3363,25.1974],[55.3345,25.2017],[55.3294,25.2028],[55.3261,25.1997]]]}},{"type":"Feature","properties":{"h3_index":"8843accb23fffff","h3_resolution":8,"center_lat":25.20058,"center_lng":55.33964,"risk_score":0.3916,"risk_class":"moderate","flood_exposure":0.7182,"charger_access_deficit":0.432,"transport_disruption":0.1207},"geometry":{"type":"Polygon","coordinates":[[[55.3345,25.2017],[55.3363,25.1974],[55.3414,25.1963],[55.3447,25.1995],[55.343,25.2037],[55.3379,25.2049],[55.3345,25.2017]]]}},{"type":"Feature","properties":{"h3_index":"8843accb25fffff","h3_resolution":8,"center_lat":25.19108,"center_lng":55.32959,"risk_score":0.4526,"risk_class":"moderate","flood_exposure":0.7666,"charger_access_deficit":0.433,"transport_disruption":0.1914},"geometry":{"type":"Polygon","coordinates":[[[55.3245,25.1922],[55.3262,25.1879],[55.3313,25.1868],[55.3347,25.19],[55.3329,25.1942],[55.3278,25.1954],[55.3245,25.1922]]]}},{"type":"Feature","properties":{"h3_index":"8843accb27fffff","h3_resolution":8,"center_lat":25.19312,"center_lng":55.33805,"risk_score":0.4365,"risk_class":"moderate","flood_exposure":0.7237,"charger_access_deficit":0.4636,"transport_disruption":0.1243},"geometry":{"type":"Polygon","coordinates":[[[55.3329,25.1942],[55.3347,25.19],[55.3398,25.1888],[55.3432,25.192],[55.3414,25.1963],[55.3363,25.1974],[55.3329,25.1942]]]}},{"type":"Feature","properties":{"h3_index":"8843accb29fffff","h3_resolution":8,"center_lat":25.20396,"center_lng":55.32431,"risk_score":0.457,"risk_class":"moderate","flood_exposure":0.7978,"charger_access_deficit":0.3676,"transport_disruption":0.2623},"geometry":{"type":"Polygon","coordinates":[[[55.3192,25.2051],[55.321,25.2008],[55.3261,25.1997],[55.3294,25.2028],[55.3277,25.2071],[55.3226,25.2083],[55.3192,25.2051]]]}},{"type":"Feature","properties":{"h3_index":"8843accb2bfffff","h3_resolution":8,"center_lat":25.206,"center_lng":55.33277,"risk_score":0.4108,"risk_class":"moderate","flood_exposure":0.7533,"charger_access_deficit":0.3823,"transport_disruption":0.1826},"geometry":{"type":"Polygon","coordinates":[[[55.3277,25.2071],[55.3294,25.2028],[55.3345,25.2017],[55.3379,25.2049],[55.3361,25.2092],[55.331,25.2103],[55.3277,25.2071]]]}},{"type":"Feature","properties":{"h3_index":"8843accb2dfffff","h3_resolution":8,"center_lat":25.1965,"center_lng":55.32272,"risk_score":0.4932,"risk_class":"moderate","flood_exposure":0.8058,"charger_access_deficit":0.386,"transport_disruption":0.2675},"geometry":{"type":"Polygon","coordinates":[[[55.3176,25.1976],[55.3194,25.1933],[55.3245,25.1922],[55.3278,25.1954],[55.3261,25.1997],[55.321,25.2008],[55.3176,25.1976]]]}},{"type":"Feature","properties":{"h3_index":"8843accb31fffff","h3_resolution":8,"center_lat":25.21008,"center_lng":55.34969,"risk_score":0.2925,"risk_class":"low","flood_exposure":0.6478,"charger_access_deficit":0.3948,"transport_disruption":0.0677},"geometry":{"type":"Polygon","coordinates":[[[55.3446,25.2112],[55.3463,25.2069],[55.3514,25.2058],[55.3548,25.209],[55.353,25.2132],[55.3479,25.2144],[55.3446,25.2112]]]}},{"type":"Feature","properties":{"h3_index":"8843accb33fffff","h3_resolution":8,"center_lat":25.21212,"center_lng":55.35815,"risk_score":0.2341,"risk_class":"low","flood_exposure":0.5917,"charger_access_deficit":0.4038,"transport_disruption":0.0346},"geometry":{"type":"Polygon","coordinates":[[[55.353,25.2132],[55.3548,25.209],[55.3599,25.2078],[55.3633,25.211],[55.3615,25.2153],[55.3564,25.2164],[55.353,25.2132]]]}},{"type":"Feature","properties":{"h3_index":"8843accb35fffff","h3_resolution":8,"center_lat":25.20262,"center_lng":55.3481,"risk_score":0.3241,"risk_class":"low","flood_exposure":0.6656,"charger_access_deficit":0.4438,"transport_disruption":0.0705},"geometry":{"type":"Polygon","coordinates":[[[55.343,25.2037],[55.3447,25.1995],[55.3499,25.1983],[55.3532,25.2015],[55.3514,25.2058],[55.3463,25.2069],[55.343,25.2037]]]}},{"type":"Feature","properties":{"h3_index":"8843accb37fffff","h3_resolution":8,"center_lat":25.20466,"center_lng":55.35656,"risk_score":0.2742,"risk_class":"low","flood_exposure":0.6106,"charger_access_deficit":0.4547,"transport_disruption":0.0365},"geometry":{"type":"Polygon","coordinates":[[[55.3514,25.2058],[55.3532,25.2015],[55.3583,25.2004],[55.3617,25.2035],[55.3599,25.2078],[55.3548,25.209],[55.3514,25.2058]]]}},{"type":"Feature","properties":{"h3_index":"8843accb39fffff","h3_resolution":8,"center_lat":25.2155,"center_lng":55.34282,"risk_score":0.2826,"risk_class":"low","flood_exposure":0.6775,"charger_access_deficit":0.3403,"transport_disruption":0.113},"geometry":{"type":"Polygon","coordinates":[[[55.3377,25.2166],[55.3395,25.2123],[55.3446,25.2112],[55.3479,25.2144],[55.3462,25.2187],[55.3411,25.2198],[55.3377,25.2166]]]}},{"type":"Feature","properties":{"h3_index":"8843accb3bfffff","h3_resolution":8,"center_lat":25.21754,"center_lng":55.35128,"risk_score":0.2172,"risk_class":"low","flood_exposure":0.6224,"charger_access_deficit":0.3434,"transport_disruption":0.065},"geometry":{"type":"Polygon","coordinates":[[[55.3462,25.2187],[55.3479,25.2144],[55.353,25.2132],[55.3564,25.2164],[55.3546,25.2207],[55.3495,25.2218],[55.3462,25.2187]]]}},{"type":"Feature","properties":{"h3_index":"8843accb3dfffff","h3_resolution":8,"center_lat":25.20804,"center_lng":55.34123,"risk_score":0.342,"risk_class":"low","flood_exposure":0.7023,"charger_access_deficit":0.3894,"transport_disruption":0.1169},"geometry":{"type":"Polygon","coordinates":[[[55.3361,25.2092],[55.3379,25.2049],[55.343,25.2037],[55.3463,25.2069],[55.3446,25.2112],[55.3395,25.2123],[55.3361,25.2092]]]}},{"type":"Feature","properties":{"h3_index":"8843accb41fffff","h3_resolution":8,"center_lat":25.22769,"center_lng":55.30529,"risk_score":0.457,"risk_class":"moderate","flood_exposure":0.7648,"charger_access_deficit":0.2375,"transport_disruption":0.5233},"geometry":{"type":"Polygon","coordinates":[[[55.3002,25.2288],[55.3019,25.2245],[55.3071,25.2234],[55.3104,25.2266],[55.3086,25.2309],[55.3035,25.232],[55.3002,25.2288]]]}},{"type":"Feature","properties":{"h3_index":"8843accb43fffff","h3_resolution":8,"center_lat":25.22973,"center_lng":55.31375,"risk_score":0.3929,"risk_class":"moderate","flood_exposure":0.7392,"charger_access_deficit":0.232,"transport_disruption":0.4242},"geometry":{"type":"Polygon","coordinates":[[[55.3086,25.2309],[55.3104,25.2266],[55.3155,25.2254],[55.3189,25.2286],[55.3171,25.2329],[55.312,25.234],[55.3086,25.2309]]]}},{"type":"Feature","properties":{"h3_index":"8843accb45fffff","h3_resolution":8,"center_lat":25.22022,"center_lng":55.3037,"risk_score":0.4884,"risk_class":"moderate","flood_exposure":0.8059,"charger_access_deficit":0.2571,"transport_disruption":0.5297},"geometry":{"type":"Polygon","coordinates":[[[55.2986,25.2213],[55.3004,25.2171],[55.3055,25.2159],[55.3088,25.2191],[55.3071,25.2234],[55.3019,25.2245],[55.2986,25.2213]]]}},{"type":"Feature","properties":{"h3_index":"8843accb47fffff","h3_resolution":8,"center_lat":25.22226,"center_lng":55.31216,"risk_score":0.4353,"risk_class":"moderate","flood_exposure":0.7831,"charger_access_deficit":0.2638,"transport_disruption":0.4308},"geometry":{"type":"Polygon","coordinates":[[[55.3071,25.2234],[55.3088,25.2191],[55.3139,25.218],[55.3173,25.2211],[55.3155,25.2254],[55.3104,25.2266],[55.3071,25.2234]]]}},{"type":"Feature","properties":{"h3_index":"8843accb49fffff","h3_resolution":8,"center_lat":25.23311,"center_lng":55.29842,"risk_score":0.4382,"risk_class":"moderate","flood_exposure":0.7342,"charger_access_deficit":0.22,"transport_disruption":0.6123},"geometry":{"type":"Polygon","coordinates":[[[55.2933,25.2342],[55.2951,25.2299],[55.3002,25.2288],[55.3035,25.232],[55.3018,25.2363],[55.2967,25.2374],[55.2933,25.2342]]]}},{"type":"Feature","properties":{"h3_index":"8843accb4bfffff","h3_resolution":8,"center_lat":25.23515,"center_lng":55.30688,"risk_score":0.3768,"risk_class":"moderate","flood_exposure":0.7171,"charger_access_deficit":0.21,"transport_disruption":0.5167},"geometry":{"type":"Polygon","coordinates":[[[55.3018,25.2363],[55.3035,25.232],[55.3086,25.2309],[55.312,25.234],[55.3102,25.2383],[55.3051,25.2394],[55.3018,25.2363]]]}},{"type":"Feature","properties":{"h3_index":"8843accb4dfffff","h3_resolution":8,"center_lat":25.22564,"center_lng":55.29683,"risk_score":0.4817,"risk_class":"moderate","flood_exposure":0.7786,"charger_access_deficit":0.2363,"transport_disruption":0.6183},"geometry":{"type":"Polygon","coordinates":[[[55.2917,25.2268],[55.2935,25.2225],[55.2986,25.2213],[55.3019,25.2245],[55.3002,25.2288],[55.2951,25.2299],[55.2917,25.2268]]]}},{"type":"Feature","properties":{"h3_index":"8843accb51fffff","h3_resolution":8,"center_lat":25.23923,"center_lng":55.3238,"risk_score":0.2678,"risk_class":"low","flood_exposure":0.6551,"charger_access_deficit":0.1851,"transport_disruption":0.3216},"geometry":{"type":"Polygon","coordinates":[[[55.3187,25.2404],[55.3205,25.2361],[55.3256,25.2349],[55.3289,25.2381],[55.3272,25.2424],[55.322,25.2435],[55.3187,25.2404]]]}},{"type":"Feature","properties":{"h3_index":"8843accb53fffff","h3_resolution":8,"center_lat":25.24127,"center_lng":55.33227,"risk_score":0.1689,"risk_class":"low","flood_exposure":0.6144,"charger_access_deficit":0.1769,"transport_disruption":0.2339},"geometry":{"type":"Polygon","coordinates":[[[55.3272,25.2424],[55.3289,25.2381],[55.334,25.237],[55.3374,25.2401],[55.3356,25.2444],[55.3305,25.2456],[55.3272,25.2424]]]}},{"type":"Feature","properties":{"h3_index":"8843accb55fffff","h3_resolution":8,"center_lat":25.23177,"center_lng":55.32221,"risk_score":0.3222,"risk_class":"low","flood_exposure":0.7042,"charger_access_deficit":0.2214,"transport_disruption":0.3281},"geometry":{"type":"Polygon","coordinates":[[[55.3171,25.2329],[55.3189,25.2286],[55.324,25.2275],[55.3273,25.2306],[55.3256,25.2349],[55.3205,25.2361],[55.3171,25.2329]]]}},{"type":"Feature","properties":{"h3_index":"8843accb57fffff","h3_resolution":8,"center_lat":25.23381,"center_lng":55.33067,"risk_score":0.2408,"risk_class":"low","flood_exposure":0.6623,"charger_access_deficit":0.2105,"transport_disruption":0.2398},"geometry":{"type":"Polygon","coordinates":[[[55.3256,25.2349],[55.3273,25.2306],[55.3324,25.2295],[55.3358,25.2327],[55.334,25.237],[55.3289,25.2381],[55.3256,25.2349]]]}},{"type":"Feature","properties":{"h3_index":"8843accb59fffff","h3_resolution":8,"center_lat":25.24465,"center_lng":55.31693,"risk_score":0.3009,"risk_class":"low","flood_exposure":0.638,"charger_access_deficit":0.1683,"transport_disruption":0.4105},"geometry":{"type":"Polygon","coordinates":[[[55.3118,25.2458],[55.3136,25.2415],[55.3187,25.2404],[55.322,25.2435],[55.3203,25.2478],[55.3152,25.249],[55.3118,25.2458]]]}},{"type":"Feature","properties":{"h3_index":"8843accb5bfffff","h3_resolution":8,"center_lat":25.2467,"center_lng":55.32539,"risk_score":0.1746,"risk_class":"low","flood_exposure":0.6037,"charger_access_deficit":0.1597,"transport_disruption":0.3149},"geometry":{"type":"Polygon","coordinates":[[[55.3203,25.2478],[55.322,25.2435],[55.3272,25.2424],[55.3305,25.2456],[55.3287,25.2499],[55.3236,25.251],[55.3203,25.2478]]]}},{"type":"Feature","properties":{"h3_index":"8843accb5dfffff","h3_resolution":8,"center_lat":25.23719,"center_lng":55.31534,"risk_score":0.3319,"risk_class":"low","flood_exposure":0.69,"charger_access_deficit":0.1976,"transport_disruption":0.4175},"geometry":{"type":"Polygon","coordinates":[[[55.3102,25.2383],[55.312,25.234],[55.3171,25.2329],[55.3205,25.2361],[55.3187,25.2404],[55.3136,25.2415],[55.3102,25.2383]]]}},{"type":"Feature","properties":{"h3_index":"8843accb61fffff","h3_resolution":8,"center_lat":25.20734,"center_lng":55.30899,"risk_score":0.5198,"risk_class":"moderate","flood_exposure":0.8435,"charger_access_deficit":0.3005,"transport_disruption":0.4436},"geometry":{"type":"Polygon","coordinates":[[[55.3039,25.2085],[55.3056,25.2042],[55.3107,25.203],[55.3141,25.2062],[55.3123,25.2105],[55.3072,25.2116],[55.3039,25.2085]]]}},{"type":"Feature","properties":{"h3_index":"8843accb63fffff","h3_resolution":8,"center_lat":25.20938,"center_lng":55.31744,"risk_score":0.4724,"risk_class":"moderate","flood_exposure":0.8162,"charger_access_deficit":0.3248,"transport_disruption":0.3467},"geometry":{"type":"Polygon","coordinates":[[[55.3123,25.2105],[55.3141,25.2062],[55.3192,25.2051],[55.3226,25.2083],[55.3208,25.2126],[55.3157,25.2137],[55.3123,25.2105]]]}},{"type":"Feature","properties":{"h3_index":"8843accb65fffff","h3_resolution":8,"center_lat":25.19988,"center_lng":55.3074,"risk_score":0.5415,"risk_class":"moderate","flood_exposure":0.8538,"charger_access_deficit":0.3043,"transport_disruption":0.4495},"geometry":{"type":"Polygon","coordinates":[[[55.3023,25.201],[55.3041,25.1967],[55.3092,25.1956],[55.3125,25.1988],[55.3107,25.203],[55.3056,25.2042],[55.3023,25.201]]]}},{"type":"Feature","properties":{"h3_index":"8843accb67fffff","h3_resolution":8,"center_lat":25.20192,"center_lng":55.31586,"risk_score":0.5107,"risk_class":"moderate","flood_exposure":0.8325,"charger_access_deficit":0.3412,"transport_disruption":0.3526},"geometry":{"type":"Polygon","coordinates":[[[55.3107,25.203],[55.3125,25.1988],[55.3176,25.1976],[55.321,25.2008],[55.3192,25.2051],[55.3141,25.2062],[55.3107,25.203]]]}},{"type":"Feature","properties":{"h3_index":"8843accb69fffff","h3_resolution":8,"center_lat":25.21276,"center_lng":55.30212,"risk_score":0.5175,"risk_class":"moderate","flood_exposure":0.8374,"charger_access_deficit":0.2663,"transport_disruption":0.536},"geometry":{"type":"Polygon","coordinates":[[[55.297,25.2139],[55.2988,25.2096],[55.3039,25.2085],[55.3072,25.2116],[55.3055,25.2159],[55.3004,25.2171],[55.297,25.2139]]]}},{"type":"Feature","properties":{"h3_index":"8843accb6bfffff","h3_resolution":8,"center_lat":25.2148,"center_lng":55.31057,"risk_score":0.5006,"risk_class":"moderate","flood_exposure":0.819,"charger_access_deficit":0.2873,"transport_disruption":0.4372},"geometry":{"type":"Polygon","coordinates":[[[55.3055,25.2159],[55.3072,25.2116],[55.3123,25.2105],[55.3157,25.2137],[55.3139,25.218],[55.3088,25.2191],[55.3055,25.2159]]]}},{"type":"Feature","properties":{"h3_index":"8843accb6dfffff","h3_resolution":8,"center_lat":25.2053,"center_lng":55.30053,"risk_score":0.5544,"risk_class":"moderate","flood_exposure":0.8559,"charger_access_deficit":0.2669,"transport_disruption":0.5421},"geometry":{"type":"Polygon","coordinates":[[[55.2954,25.2064],[55.2972,25.2021],[55.3023,25.201],[55.3056,25.2042],[55.3039,25.2085],[55.2988,25.2096],[55.2954,25.2064]]]}},{"type":"Feature","properties":{"h3_index":"8843acd801fffff","h3_resolution":8,"center_lat":25.29477,"center_lng":55.23124,"risk_score":0.3239,"risk_class":"low","flood_exposure":0.1603,"charger_access_deficit":0.6714,"transport_disruption":0.5861},"geometry":{"type":"Polygon","coordinates":[[[55.2261,25.2959],[55.2279,25.2916],[55.233,25.2905],[55.2364,25.2936],[55.2346,25.2979],[55.2295,25.2991],[55.2261,25.2959]]]}},{"type":"Feature","properties":{"h3_index":"8843acd803fffff","h3_resolution":8,"center_lat":25.29682,"center_lng":55.2397,"risk_score":0.2885,"risk_class":"low","flood_exposure":0.175,"charger_access_deficit":0.6223,"transport_disruption":0.6194},"geometry":{"type":"Polygon","coordinates":[[[55.2346,25.2979],[55.2364,25.2936],[55.2415,25.2925],[55.2448,25.2957],[55.243,25.3],[55.2379,25.3011],[55.2346,25.2979]]]}},{"type":"Feature","properties":{"h3_index":"8843acd805fffff","h3_resolution":8,"center_lat":25.2873,"center_lng":55.22966,"risk_score":0.3414,"risk_class":"low","flood_exposure":0.1966,"charger_access_deficit":0.6515,"transport_disruption":0.5884},"geometry":{"type":"Polygon","coordinates":[[[55.2245,25.2884],[55.2263,25.2841],[55.2314,25.283],[55.2348,25.2862],[55.233,25.2905],[55.2279,25.2916],[55.2245,25.2884]]]}},{"type":"Feature","properties":{"h3_index":"8843acd807fffff","h3_resolution":8,"center_lat":25.28935,"center_lng":55.23812,"risk_score":0.3083,"risk_class":"low","flood_exposure":0.2147,"charger_access_deficit":0.5983,"transport_disruption":0.6189},"geometry":{"type":"Polygon","coordinates":[[[55.233,25.2905],[55.2348,25.2862],[55.2399,25.2851],[55.2432,25.2882],[55.2415,25.2925],[55.2364,25.2936],[55.233,25.2905]]]}},{"type":"Feature","properties":{"h3_index":"8843acd809fffff","h3_resolution":8,"center_lat":25.30019,"center_lng":55.22436,"risk_score":0.2838,"risk_class":"low","flood_exposure":0.1115,"charger_access_deficit":0.7427,"transport_disruption":0.5722},"geometry":{"type":"Polygon","coordinates":[[[55.2192,25.3013],[55.221,25.297],[55.2261,25.2959],[55.2295,25.2991],[55.2277,25.3034],[55.2226,25.3045],[55.2192,25.3013]]]}},{"type":"Feature","properties":{"h3_index":"8843acd80bfffff","h3_resolution":8,"center_lat":25.30224,"center_lng":55.23282,"risk_score":0.3003,"risk_class":"low","flood_exposure":0.1252,"charger_access_deficit":0.6957,"transport_disruption":0.5804},"geometry":{"type":"Polygon","coordinates":[[[55.2277,25.3034],[55.2295,25.2991],[55.2346,25.2979],[55.2379,25.3011],[55.2362,25.3054],[55.2311,25.3065],[55.2277,25.3034]]]}},{"type":"Feature","properties":{"h3_index":"8843acd80dfffff","h3_resolution":8,"center_lat":25.29272,"center_lng":55.22278,"risk_score":0.3243,"risk_class":"low","flood_exposure":0.1429,"charger_access_deficit":0.7226,"transport_disruption":0.5826},"geometry":{"type":"Polygon","coordinates":[[[55.2177,25.2938],[55.2194,25.2895],[55.2245,25.2884],[55.2279,25.2916],[55.2261,25.2959],[55.221,25.297],[55.2177,25.2938]]]}},{"type":"Feature","properties":{"h3_index":"8843acd811fffff","h3_resolution":8,"center_lat":25.30634,"center_lng":55.24974,"risk_score":0.2771,"risk_class":"low","flood_exposure":0.145,"charger_access_deficit":0.6137,"transport_disruption":0.6743},"geometry":{"type":"Polygon","coordinates":[[[55.2446,25.3075],[55.2464,25.3032],[55.2515,25.302],[55.2549,25.3052],[55.2531,25.3095],[55.248,25.3106],[55.2446,25.3075]]]}},{"type":"Feature","properties":{"h3_index":"8843acd813fffff","h3_resolution":8,"center_lat":25.30839,"center_lng":55.25821,"risk_score":0.3077,"risk_class":"low","flood_exposure":0.1503,"charger_access_deficit":0.5818,"transport_disruption":0.7341},"geometry":{"type":"Polygon","coordinates":[[[55.2531,25.3095],[55.2549,25.3052],[55.26,25.3041],[55.2633,25.3073],[55.2616,25.3116],[55.2564,25.3127],[55.2531,25.3095]]]}},{"type":"Feature","properties":{"h3_index":"8843acd815fffff","h3_resolution":8,"center_lat":25.29887,"center_lng":55.24816,"risk_score":0.2898,"risk_class":"low","flood_exposure":0.1864,"charger_access_deficit":0.5779,"transport_disruption":0.6725},"geometry":{"type":"Polygon","coordinates":[[[55.243,25.3],[55.2448,25.2957],[55.2499,25.2946],[55.2533,25.2977],[55.2515,25.302],[55.2464,25.3032],[55.243,25.3]]]}},{"type":"Feature","properties":{"h3_index":"8843acd817fffff","h3_resolution":8,"center_lat":25.30091,"center_lng":55.25663,"risk_score":0.3134,"risk_class":"low","flood_exposure":0.1941,"charger_access_deficit":0.5401,"transport_disruption":0.7315},"geometry":{"type":"Polygon","coordinates":[[[55.2515,25.302],[55.2533,25.2977],[55.2584,25.2966],[55.2617,25.2998],[55.26,25.3041],[55.2549,25.3052],[55.2515,25.302]]]}},{"type":"Feature","properties":{"h3_index":"8843acd819fffff","h3_resolution":8,"center_lat":25.31176,"center_lng":55.24286,"risk_score":0.2801,"risk_class":"low","flood_exposure":0.1011,"charger_access_deficit":0.6846,"transport_disruption":0.6169},"geometry":{"type":"Polygon","coordinates":[[[55.2377,25.3129],[55.2395,25.3086],[55.2446,25.3075],[55.248,25.3106],[55.2462,25.3149],[55.2411,25.3161],[55.2377,25.3129]]]}},{"type":"Feature","properties":{"h3_index":"8843acd81bfffff","h3_resolution":8,"center_lat":25.31381,"center_lng":55.25133,"risk_score":0.2967,"risk_class":"low","flood_exposure":0.1071,"charger_access_deficit":0.6513,"transport_disruption":0.6764},"geometry":{"type":"Polygon","coordinates":[[[55.2462,25.3149],[55.248,25.3106],[55.2531,25.3095],[55.2564,25.3127],[55.2547,25.317],[55.2496,25.3181],[55.2462,25.3149]]]}},{"type":"Feature","properties":{"h3_index":"8843acd81dfffff","h3_resolution":8,"center_lat":25.30429,"center_lng":55.24128,"risk_score":0.2963,"risk_class":"low","flood_exposure":0.1365,"charger_access_deficit":0.6521,"transport_disruption":0.6182},"geometry":{"type":"Polygon","coordinates":[[[55.2362,25.3054],[55.2379,25.3011],[55.243,25.3],[55.2464,25.3032],[55.2446,25.3075],[55.2395,25.3086],[55.2362,25.3054]]]}},{"type":"Feature","properties":{"h3_index":"8843acd821fffff","h3_resolution":8,"center_lat":25.27441,"center_lng":55.23496,"risk_score":0.3522,"risk_class":"moderate","flood_exposure":0.292,"charger_access_deficit":0.5661,"transport_disruption":0.6116},"geometry":{"type":"Polygon","coordinates":[[[55.2298,25.2755],[55.2316,25.2712],[55.2367,25.2701],[55.2401,25.2733],[55.2383,25.2776],[55.2332,25.2787],[55.2298,25.2755]]]}},{"type":"Feature","properties":{"h3_index":"8843acd823fffff","h3_resolution":8,"center_lat":25.27646,"center_lng":55.24342,"risk_score":0.3292,"risk_class":"low","flood_exposure":0.3131,"charger_access_deficit":0.5105,"transport_disruption":0.6612},"geometry":{"type":"Polygon","coordinates":[[[55.2383,25.2776],[55.2401,25.2733],[55.2452,25.2722],[55.2485,25.2753],[55.2468,25.2796],[55.2417,25.2808],[55.2383,25.2776]]]}},{"type":"Feature","properties":{"h3_index":"8843acd825fffff","h3_resolution":8,"center_lat":25.26695,"center_lng":55.23338,"risk_score":0.3743,"risk_class":"moderate","flood_exposure":0.3277,"charger_access_deficit":0.5527,"transport_disruption":0.606},"geometry":{"type":"Polygon","coordinates":[[[55.2283,25.2681],[55.23,25.2638],[55.2351,25.2627],[55.2385,25.2658],[55.2367,25.2701],[55.2316,25.2712],[55.2283,25.2681]]]}},{"type":"Feature","properties":{"h3_index":"8843acd827fffff","h3_resolution":8,"center_lat":25.26899,"center_lng":55.24184,"risk_score":0.3638,"risk_class":"moderate","flood_exposure":0.3521,"charger_access_deficit":0.4991,"transport_disruption":0.6555},"geometry":{"type":"Polygon","coordinates":[[[55.2367,25.2701],[55.2385,25.2658],[55.2436,25.2647],[55.2469,25.2679],[55.2452,25.2722],[55.2401,25.2733],[55.2367,25.2701]]]}},{"type":"Feature","properties":{"h3_index":"8843acd829fffff","h3_resolution":8,"center_lat":25.27983,"center_lng":55.22808,"risk_score":0.3646,"risk_class":"moderate","flood_exposure":0.2325,"charger_access_deficit":0.6351,"transport_disruption":0.5871},"geometry":{"type":"Polygon","coordinates":[[[55.223,25.281],[55.2247,25.2767],[55.2298,25.2755],[55.2332,25.2787],[55.2314,25.283],[55.2263,25.2841],[55.223,25.281]]]}},{"type":"Feature","properties":{"h3_index":"8843acd82bfffff","h3_resolution":8,"center_lat":25.28188,"center_lng":55.23654,"risk_score":0.3345,"risk_class":"low","flood_exposure":0.2541,"charger_access_deficit":0.5803,"transport_disruption":0.6162},"geometry":{"type":"Polygon","coordinates":[[[55.2314,25.283],[55.2332,25.2787],[55.2383,25.2776],[55.2417,25.2808],[55.2399,25.2851],[55.2348,25.2862],[55.2314,25.283]]]}},{"type":"Feature","properties":{"h3_index":"8843acd82dfffff","h3_resolution":8,"center_lat":25.27236,"center_lng":55.2265,"risk_score":0.3617,"risk_class":"moderate","flood_exposure":0.267,"charger_access_deficit":0.6196,"transport_disruption":0.5833},"geometry":{"type":"Polygon","coordinates":[[[55.2214,25.2735],[55.2232,25.2692],[55.2283,25.2681],[55.2316,25.2712],[55.2298,25.2755],[55.2247,25.2767],[55.2214,25.2735]]]}},{"type":"Feature","properties":{"h3_index":"8843acd831fffff","h3_resolution":8,"center_lat":25.28598,"center_lng":55.25346,"risk_score":0.3123,"risk_class":"low","flood_exposure":0.2853,"charger_access_deficit":0.4753,"transport_disruption":0.7239},"geometry":{"type":"Polygon","coordinates":[[[55.2483,25.2871],[55.2501,25.2828],[55.2552,25.2817],[55.2586,25.2849],[55.2568,25.2891],[55.2517,25.2903],[55.2483,25.2871]]]}},{"type":"Feature","properties":{"h3_index":"8843acd833fffff","h3_resolution":8,"center_lat":25.28802,"center_lng":55.26192,"risk_score":0.314,"risk_class":"low","flood_exposure":0.294,"charger_access_deficit":0.431,"transport_disruption":0.7755},"geometry":{"type":"Polygon","coordinates":[[[55.2568,25.2891],[55.2586,25.2849],[55.2637,25.2837],[55.267,25.2869],[55.2653,25.2912],[55.2602,25.2923],[55.2568,25.2891]]]}},{"type":"Feature","properties":{"h3_index":"8843acd835fffff","h3_resolution":8,"center_lat":25.27851,"center_lng":55.25188,"risk_score":0.3427,"risk_class":"low","flood_exposure":0.3296,"charger_access_deficit":0.4555,"transport_disruption":0.7191},"geometry":{"type":"Polygon","coordinates":[[[55.2468,25.2796],[55.2485,25.2753],[55.2536,25.2742],[55.257,25.2774],[55.2552,25.2817],[55.2501,25.2828],[55.2468,25.2796]]]}},{"type":"Feature","properties":{"h3_index":"8843acd837fffff","h3_resolution":8,"center_lat":25.28056,"center_lng":55.26034,"risk_score":0.3203,"risk_class":"low","flood_exposure":0.3412,"charger_access_deficit":0.4044,"transport_disruption":0.7718},"geometry":{"type":"Polygon","coordinates":[[[55.2552,25.2817],[55.257,25.2774],[55.2621,25.2763],[55.2655,25.2794],[55.2637,25.2837],[55.2586,25.2849],[55.2552,25.2817]]]}},{"type":"Feature","properties":{"h3_index":"8843acd839fffff","h3_resolution":8,"center_lat":25.2914,"center_lng":55.24658,"risk_score":0.2921,"risk_class":"low","flood_exposure":0.2292,"charger_access_deficit":0.5482,"transport_disruption":0.67},"geometry":{"type":"Polygon","coordinates":[[[55.2415,25.2925],[55.2432,25.2882],[55.2483,25.2871],[55.2517,25.2903],[55.2499,25.2946],[55.2448,25.2957],[55.2415,25.2925]]]}},{"type":"Feature","properties":{"h3_index":"8843acd83bfffff","h3_resolution":8,"center_lat":25.29345,"center_lng":55.25504,"risk_score":0.3072,"risk_class":"low","flood_exposure":0.2397,"charger_access_deficit":0.5038,"transport_disruption":0.728},"geometry":{"type":"Polygon","coordinates":[[[55.2499,25.2946],[55.2517,25.2903],[55.2568,25.2891],[55.2602,25.2923],[55.2584,25.2966],[55.2533,25.2977],[55.2499,25.2946]]]}},{"type":"Feature","properties":{"h3_index":"8843acd83dfffff","h3_resolution":8,"center_lat":25.28393,"center_lng":55.245,"risk_score":0.3233,"risk_class":"low","flood_exposure":0.2718,"charger_access_deficit":0.526,"transport_disruption":0.6662},"geometry":{"type":"Polygon","coordinates":[[[55.2399,25.2851],[55.2417,25.2808],[55.2468,25.2796],[55.2501,25.2828],[55.2483,25.2871],[55.2432,25.2882],[55.2399,25.2851]]]}},{"type":"Feature","properties":{"h3_index":"8843acd841fffff","h3_resolution":8,"center_lat":25.30355,"center_lng":55.20901,"risk_score":0.3633,"risk_class":"moderate","flood_exposure":0.0584,"charger_access_deficit":0.8515,"transport_disruption":0.6184},"geometry":{"type":"Polygon","coordinates":[[[55.2039,25.3047],[55.2057,25.3004],[55.2108,25.2993],[55.2141,25.3024],[55.2124,25.3067],[55.2072,25.3078],[55.2039,25.3047]]]}},{"type":"Feature","properties":{"h3_index":"8843acd843fffff","h3_resolution":8,"center_lat":25.3056,"center_lng":55.21747,"risk_score":0.3406,"risk_class":"low","flood_exposure":0.0708,"charger_access_deficit":0.8088,"transport_disruption":0.5755},"geometry":{"type":"Polygon","coordinates":[[[55.2124,25.3067],[55.2141,25.3024],[55.2192,25.3013],[55.2226,25.3045],[55.2208,25.3088],[55.2157,25.3099],[55.2124,25.3067]]]}},{"type":"Feature","properties":{"h3_index":"8843acd845fffff","h3_resolution":8,"center_lat":25.29608,"center_lng":55.20743,"risk_score":0.3697,"risk_class":"moderate","flood_exposure":0.0797,"charger_access_deficit":0.8358,"transport_disruption":0.6422},"geometry":{"type":"Polygon","coordinates":[[[55.2023,25.2972],[55.2041,25.2929],[55.2092,25.2918],[55.2125,25.295],[55.2108,25.2993],[55.2057,25.3004],[55.2023,25.2972]]]}},{"type":"Feature","properties":{"h3_index":"8843acd847fffff","h3_resolution":8,"center_lat":25.29813,"center_lng":55.21589,"risk_score":0.3492,"risk_class":"low","flood_exposure":0.0961,"charger_access_deficit":0.7904,"transport_disruption":0.5955},"geometry":{"type":"Polygon","coordinates":[[[55.2108,25.2993],[55.2125,25.295],[55.2177,25.2938],[55.221,25.297],[55.2192,25.3013],[55.2141,25.3024],[55.2108,25.2993]]]}},{"type":"Feature","properties":{"h3_index":"8843acd849fffff","h3_resolution":8,"center_lat":25.30897,"center_lng":55.20213,"risk_score":0.3811,"risk_class":"moderate","flood_exposure":0.0313,"charger_access_deficit":0.9027,"transport_disruption":0.6423},"geometry":{"type":"Polygon","coordinates":[[[55.197,25.3101],[55.1988,25.3058],[55.2039,25.3047],[55.2072,25.3078],[55.2055,25.3121],[55.2004,25.3133],[55.197,25.3101]]]}},{"type":"Feature","properties":{"h3_index":"8843acd84bfffff","h3_resolution":8,"center_lat":25.31102,"center_lng":55.21059,"risk_score":0.3427,"risk_class":"low","flood_exposure":0.0401,"charger_access_deficit":0.8666,"transport_disruption":0.5891},"geometry":{"type":"Polygon","coordinates":[[[55.2055,25.3121],[55.2072,25.3078],[55.2124,25.3067],[55.2157,25.3099],[55.2139,25.3142],[55.2088,25.3153],[55.2055,25.3121]]]}},{"type":"Feature","properties":{"h3_index":"8843acd84dfffff","h3_resolution":8,"center_lat":25.3015,"center_lng":55.20055,"risk_score":0.4017,"risk_class":"moderate","flood_exposure":0.0459,"charger_access_deficit":0.8903,"transport_disruption":0.6746},"geometry":{"type":"Polygon","coordinates":[[[55.1954,25.3026],[55.1972,25.2983],[55.2023,25.2972],[55.2057,25.3004],[55.2039,25.3047],[55.1988,25.3058],[55.1954,25.3026]]]}},{"type":"Feature","properties":{"h3_index":"8843acd851fffff","h3_resolution":8,"center_lat":25.31513,"center_lng":55.22752,"risk_score":0.2602,"risk_class":"low","flood_exposure":0.0574,"charger_access_deficit":0.7879,"transport_disruption":0.5429},"geometry":{"type":"Polygon","coordinates":[[[55.2224,25.3162],[55.2242,25.312],[55.2293,25.3108],[55.2326,25.314],[55.2309,25.3183],[55.2257,25.3194],[55.2224,25.3162]]]}},{"type":"Feature","properties":{"h3_index":"8843acd853fffff","h3_resolution":8,"center_lat":25.31718,"center_lng":55.23598,"risk_score":0.2792,"risk_class":"low","flood_exposure":0.0647,"charger_access_deficit":0.7503,"transport_disruption":0.567},"geometry":{"type":"Polygon","coordinates":[[[55.2309,25.3183],[55.2326,25.314],[55.2377,25.3129],[55.2411,25.3161],[55.2393,25.3204],[55.2342,25.3215],[55.2309,25.3183]]]}},{"type":"Feature","properties":{"h3_index":"8843acd855fffff","h3_resolution":8,"center_lat":25.30765,"center_lng":55.22594,"risk_score":0.2897,"risk_class":"low","flood_exposure":0.0825,"charger_access_deficit":0.765,"transport_disruption":0.5581},"geometry":{"type":"Polygon","coordinates":[[[55.2208,25.3088],[55.2226,25.3045],[55.2277,25.3034],[55.2311,25.3065],[55.2293,25.3108],[55.2242,25.312],[55.2208,25.3088]]]}},{"type":"Feature","properties":{"h3_index":"8843acd857fffff","h3_resolution":8,"center_lat":25.30971,"center_lng":55.2344,"risk_score":0.2712,"risk_class":"low","flood_exposure":0.0928,"charger_access_deficit":0.723,"transport_disruption":0.5732},"geometry":{"type":"Polygon","coordinates":[[[55.2293,25.3108],[55.2311,25.3065],[55.2362,25.3054],[55.2395,25.3086],[55.2377,25.3129],[55.2326,25.314],[55.2293,25.3108]]]}},{"type":"Feature","properties":{"h3_index":"8843acd859fffff","h3_resolution":8,"center_lat":25.32055,"center_lng":55.22063,"risk_score":0.2754,"risk_class":"low","flood_exposure":0.0337,"charger_access_deficit":0.8394,"transport_disruption":0.5336},"geometry":{"type":"Polygon","coordinates":[[[55.2155,25.3217],[55.2173,25.3174],[55.2224,25.3162],[55.2257,25.3194],[55.224,25.3237],[55.2189,25.3248],[55.2155,25.3217]]]}},{"type":"Feature","properties":{"h3_index":"8843acd85bfffff","h3_resolution":8,"center_lat":25.3226,"center_lng":55.2291,"risk_score":0.2767,"risk_class":"low","flood_exposure":0.0396,"charger_access_deficit":0.8034,"transport_disruption":0.5363},"geometry":{"type":"Polygon","coordinates":[[[55.224,25.3237],[55.2257,25.3194],[55.2309,25.3183],[55.2342,25.3215],[55.2324,25.3258],[55.2273,25.3269],[55.224,25.3237]]]}},{"type":"Feature","properties":{"h3_index":"8843acd85dfffff","h3_resolution":8,"center_lat":25.31307,"center_lng":55.21905,"risk_score":0.2862,"risk_class":"low","flood_exposure":0.049,"charger_access_deficit":0.8274,"transport_disruption":0.5521},"geometry":{"type":"Polygon","coordinates":[[[55.2139,25.3142],[55.2157,25.3099],[55.2208,25.3088],[55.2242,25.312],[55.2224,25.3162],[55.2173,25.3174],[55.2139,25.3142]]]}},{"type":"Feature","properties":{"h3_index":"8843acd861fffff","h3_resolution":8,"center_lat":25.2832,"center_lng":55.21274,"risk_score":0.3789,"risk_class":"moderate","flood_exposure":0.1521,"charger_access_deficit":0.7553,"transport_disruption":0.6159},"geometry":{"type":"Polygon","coordinates":[[[55.2076,25.2843],[55.2094,25.28],[55.2145,25.2789],[55.2179,25.2821],[55.2161,25.2864],[55.211,25.2875],[55.2076,25.2843]]]}},{"type":"Feature","properties":{"h3_index":"8843acd863fffff","h3_resolution":8,"center_lat":25.28525,"center_lng":55.2212,"risk_score":0.3368,"risk_class":"low","flood_exposure":0.1755,"charger_access_deficit":0.7048,"transport_disruption":0.5875},"geometry":{"type":"Polygon","coordinates":[[[55.2161,25.2864],[55.2179,25.2821],[55.223,25.281],[55.2263,25.2841],[55.2245,25.2884],[55.2194,25.2895],[55.2161,25.2864]]]}},{"type":"Feature","properties":{"h3_index":"8843acd865fffff","h3_resolution":8,"center_lat":25.27573,"center_lng":55.21116,"risk_score":0.3526,"risk_class":"moderate","flood_exposure":0.1805,"charger_access_deficit":0.736,"transport_disruption":0.6168},"geometry":{"type":"Polygon","coordinates":[[[55.206,25.2769],[55.2078,25.2726],[55.2129,25.2714],[55.2163,25.2746],[55.2145,25.2789],[55.2094,25.28],[55.206,25.2769]]]}},{"type":"Feature","properties":{"h3_index":"8843acd867fffff","h3_resolution":8,"center_lat":25.27778,"center_lng":55.21962,"risk_score":0.344,"risk_class":"low","flood_exposure":0.2077,"charger_access_deficit":0.6878,"transport_disruption":0.5876},"geometry":{"type":"Polygon","coordinates":[[[55.2145,25.2789],[55.2163,25.2746],[55.2214,25.2735],[55.2247,25.2767],[55.223,25.281],[55.2179,25.2821],[55.2145,25.2789]]]}},{"type":"Feature","properties":{"h3_index":"8843acd869fffff","h3_resolution":8,"center_lat":25.28861,"center_lng":55.20586,"risk_score":0.3983,"risk_class":"moderate","flood_exposure":0.1032,"charger_access_deficit":0.8194,"transport_disruption":0.6574},"geometry":{"type":"Polygon","coordinates":[[[55.2007,25.2897],[55.2025,25.2854],[55.2076,25.2843],[55.211,25.2875],[55.2092,25.2918],[55.2041,25.2929],[55.2007,25.2897]]]}},{"type":"Feature","properties":{"h3_index":"8843acd86bfffff","h3_resolution":8,"center_lat":25.29067,"center_lng":55.21432,"risk_score":0.3459,"risk_class":"low","flood_exposure":0.1236,"charger_access_deficit":0.7728,"transport_disruption":0.6093},"geometry":{"type":"Polygon","coordinates":[[[55.2092,25.2918],[55.211,25.2875],[55.2161,25.2864],[55.2194,25.2895],[55.2177,25.2938],[55.2125,25.295],[55.2092,25.2918]]]}},{"type":"Feature","properties":{"h3_index":"8843acd86dfffff","h3_resolution":8,"center_lat":25.28115,"center_lng":55.20428,"risk_score":0.3929,"risk_class":"moderate","flood_exposure":0.1275,"charger_access_deficit":0.8009,"transport_disruption":0.6644},"geometry":{"type":"Polygon","coordinates":[[[55.1992,25.2823],[55.2009,25.278],[55.206,25.2769],[55.2094,25.28],[55.2076,25.2843],[55.2025,25.2854],[55.1992,25.2823]]]}},{"type":"Feature","properties":{"h3_index":"8843acd881fffff","h3_resolution":8,"center_lat":25.30911,"center_lng":55.29049,"risk_score":0.2628,"risk_class":"low","flood_exposure":0.1866,"charger_access_deficit":0.4786,"transport_disruption":0.7711},"geometry":{"type":"Polygon","coordinates":[[[55.2854,25.3102],[55.2871,25.3059],[55.2923,25.3048],[55.2956,25.308],[55.2938,25.3123],[55.2887,25.3134],[55.2854,25.3102]]]}},{"type":"Feature","properties":{"h3_index":"8843acd883fffff","h3_resolution":8,"center_lat":25.31116,"center_lng":55.29896,"risk_score":0.2434,"risk_class":"low","flood_exposure":0.1783,"charger_access_deficit":0.4845,"transport_disruption":0.7177},"geometry":{"type":"Polygon","coordinates":[[[55.2938,25.3123],[55.2956,25.308],[55.3007,25.3069],[55.3041,25.31],[55.3023,25.3143],[55.2972,25.3155],[55.2938,25.3123]]]}},{"type":"Feature","properties":{"h3_index":"8843acd885fffff","h3_resolution":8,"center_lat":25.30164,"center_lng":55.2889,"risk_score":0.2452,"risk_class":"low","flood_exposure":0.2377,"charger_access_deficit":0.4192,"transport_disruption":0.7748},"geometry":{"type":"Polygon","coordinates":[[[55.2838,25.3028],[55.2856,25.2985],[55.2907,25.2973],[55.294,25.3005],[55.2923,25.3048],[55.2871,25.3059],[55.2838,25.3028]]]}},{"type":"Feature","properties":{"h3_index":"8843acd887fffff","h3_resolution":8,"center_lat":25.30368,"center_lng":55.29737,"risk_score":0.2427,"risk_class":"low","flood_exposure":0.2279,"charger_access_deficit":0.4245,"transport_disruption":0.7187},"geometry":{"type":"Polygon","coordinates":[[[55.2923,25.3048],[55.294,25.3005],[55.2991,25.2994],[55.3025,25.3026],[55.3007,25.3069],[55.2956,25.308],[55.2923,25.3048]]]}},{"type":"Feature","properties":{"h3_index":"8843acd889fffff","h3_resolution":8,"center_lat":25.31453,"center_lng":55.28361,"risk_score":0.2788,"risk_class":"low","flood_exposure":0.1464,"charger_access_deficit":0.5356,"transport_disruption":0.8006},"geometry":{"type":"Polygon","coordinates":[[[55.2785,25.3157],[55.2803,25.3114],[55.2854,25.3102],[55.2887,25.3134],[55.287,25.3177],[55.2818,25.3188],[55.2785,25.3157]]]}},{"type":"Feature","properties":{"h3_index":"8843acd88bfffff","h3_resolution":8,"center_lat":25.31658,"center_lng":55.29208,"risk_score":0.3102,"risk_class":"low","flood_exposure":0.1403,"charger_access_deficit":0.5357,"transport_disruption":0.7684},"geometry":{"type":"Polygon","coordinates":[[[55.287,25.3177],[55.2887,25.3134],[55.2938,25.3123],[55.2972,25.3155],[55.2954,25.3198],[55.2903,25.3209],[55.287,25.3177]]]}},{"type":"Feature","properties":{"h3_index":"8843acd88dfffff","h3_resolution":8,"center_lat":25.30706,"center_lng":55.28202,"risk_score":0.2836,"risk_class":"low","flood_exposure":0.1936,"charger_access_deficit":0.4794,"transport_disruption":0.8047},"geometry":{"type":"Polygon","coordinates":[[[55.2769,25.3082],[55.2787,25.3039],[55.2838,25.3028],[55.2871,25.3059],[55.2854,25.3102],[55.2803,25.3114],[55.2769,25.3082]]]}},{"type":"Feature","properties":{"h3_index":"8843acd891fffff","h3_resolution":8,"center_lat":25.32068,"center_lng":55.30902,"risk_score":0.2263,"risk_class":"low","flood_exposure":0.1338,"charger_access_deficit":0.5401,"transport_disruption":0.6763},"geometry":{"type":"Polygon","coordinates":[[[55.3039,25.3218],[55.3057,25.3175],[55.3108,25.3164],[55.3141,25.3195],[55.3124,25.3238],[55.3073,25.325],[55.3039,25.3218]]]}},{"type":"Feature","properties":{"h3_index":"8843acd893fffff","h3_resolution":8,"center_lat":25.32272,"center_lng":55.31749,"risk_score":0.2294,"risk_class":"low","flood_exposure":0.1363,"charger_access_deficit":0.5371,"transport_disruption":0.6322},"geometry":{"type":"Polygon","coordinates":[[[55.3124,25.3238],[55.3141,25.3195],[55.3193,25.3184],[55.3226,25.3216],[55.3208,25.3259],[55.3157,25.327],[55.3124,25.3238]]]}},{"type":"Feature","properties":{"h3_index":"8843acd895fffff","h3_resolution":8,"center_lat":25.3132,"center_lng":55.30743,"risk_score":0.2199,"risk_class":"low","flood_exposure":0.175,"charger_access_deficit":0.4875,"transport_disruption":0.658},"geometry":{"type":"Polygon","coordinates":[[[55.3023,25.3143],[55.3041,25.31],[55.3092,25.3089],[55.3125,25.3121],[55.3108,25.3164],[55.3057,25.3175],[55.3023,25.3143]]]}},{"type":"Feature","properties":{"h3_index":"8843acd897fffff","h3_resolution":8,"center_lat":25.31525,"center_lng":55.3159,"risk_score":0.2094,"risk_class":"low","flood_exposure":0.1703,"charger_access_deficit":0.4939,"transport_disruption":0.6139},"geometry":{"type":"Polygon","coordinates":[[[55.3108,25.3164],[55.3125,25.3121],[55.3177,25.311],[55.321,25.3141],[55.3193,25.3184],[55.3141,25.3195],[55.3108,25.3164]]]}},{"type":"Feature","properties":{"h3_index":"8843acd899fffff","h3_resolution":8,"center_lat":25.3261,"center_lng":55.30214,"risk_score":0.2465,"risk_class":"low","flood_exposure":0.0991,"charger_access_deficit":0.5866,"transport_disruption":0.7326},"geometry":{"type":"Polygon","coordinates":[[[55.297,25.3272],[55.2988,25.3229],[55.3039,25.3218],[55.3073,25.325],[55.3055,25.3293],[55.3004,25.3304],[55.297,25.3272]]]}},{"type":"Feature","properties":{"h3_index":"8843acd89bfffff","h3_resolution":8,"center_lat":25.32815,"center_lng":55.31061,"risk_score":0.2657,"risk_class":"low","flood_exposure":0.1009,"charger_access_deficit":0.583,"transport_disruption":0.6978},"geometry":{"type":"Polygon","coordinates":[[[55.3055,25.3293],[55.3073,25.325],[55.3124,25.3238],[55.3157,25.327],[55.314,25.3313],[55.3088,25.3324],[55.3055,25.3293]]]}},{"type":"Feature","properties":{"h3_index":"8843acd89dfffff","h3_resolution":8,"center_lat":25.31863,"center_lng":55.30055,"risk_score":0.2412,"risk_class":"low","flood_exposure":0.1354,"charger_access_deficit":0.5386,"transport_disruption":0.7212},"geometry":{"type":"Polygon","coordinates":[[[55.2954,25.3198],[55.2972,25.3155],[55.3023,25.3143],[55.3057,25.3175],[55.3039,25.3218],[55.2988,25.3229],[55.2954,25.3198]]]}},{"type":"Feature","properties":{"h3_index":"8843acd8a1fffff","h3_resolution":8,"center_lat":25.28874,"center_lng":55.2942,"risk_score":0.2548,"risk_class":"low","flood_exposure":0.3351,"charger_access_deficit":0.3077,"transport_disruption":0.7255},"geometry":{"type":"Polygon","coordinates":[[[55.2891,25.2899],[55.2908,25.2856],[55.296,25.2844],[55.2993,25.2876],[55.2975,25.2919],[55.2924,25.293],[55.2891,25.2899]]]}},{"type":"Feature","properties":{"h3_index":"8843acd8a3fffff","h3_resolution":8,"center_lat":25.29079,"center_lng":55.30266,"risk_score":0.2318,"risk_class":"low","flood_exposure":0.3218,"charger_access_deficit":0.3159,"transport_disruption":0.6498},"geometry":{"type":"Polygon","coordinates":[[[55.2975,25.2919],[55.2993,25.2876],[55.3044,25.2865],[55.3078,25.2897],[55.306,25.294],[55.3009,25.2951],[55.2975,25.2919]]]}},{"type":"Feature","properties":{"h3_index":"8843acd8a5fffff","h3_resolution":8,"center_lat":25.28128,"center_lng":55.29261,"risk_score":0.2564,"risk_class":"low","flood_exposure":0.3895,"charger_access_deficit":0.2588,"transport_disruption":0.7307},"geometry":{"type":"Polygon","coordinates":[[[55.2875,25.2824],[55.2893,25.2781],[55.2944,25.277],[55.2977,25.2802],[55.296,25.2844],[55.2908,25.2856],[55.2875,25.2824]]]}},{"type":"Feature","properties":{"h3_index":"8843acd8a7fffff","h3_resolution":8,"center_lat":25.28332,"center_lng":55.30107,"risk_score":0.2233,"risk_class":"low","flood_exposure":0.3763,"charger_access_deficit":0.2615,"transport_disruption":0.6544},"geometry":{"type":"Polygon","coordinates":[[[55.296,25.2844],[55.2977,25.2802],[55.3028,25.279],[55.3062,25.2822],[55.3044,25.2865],[55.2993,25.2876],[55.296,25.2844]]]}},{"type":"Feature","properties":{"h3_index":"8843acd8a9fffff","h3_resolution":8,"center_lat":25.29417,"center_lng":55.28732,"risk_score":0.2807,"risk_class":"low","flood_exposure":0.291,"charger_access_deficit":0.3621,"transport_disruption":0.7785},"geometry":{"type":"Polygon","coordinates":[[[55.2822,25.2953],[55.284,25.291],[55.2891,25.2899],[55.2924,25.293],[55.2907,25.2973],[55.2856,25.2985],[55.2822,25.2953]]]}},{"type":"Feature","properties":{"h3_index":"8843acd8abfffff","h3_resolution":8,"center_lat":25.29621,"center_lng":55.29578,"risk_score":0.2539,"risk_class":"low","flood_exposure":0.281,"charger_access_deficit":0.3642,"transport_disruption":0.7213},"geometry":{"type":"Polygon","coordinates":[[[55.2907,25.2973],[55.2924,25.293],[55.2975,25.2919],[55.3009,25.2951],[55.2991,25.2994],[55.294,25.3005],[55.2907,25.2973]]]}},{"type":"Feature","properties":{"h3_index":"8843acd8adfffff","h3_resolution":8,"center_lat":25.2867,"center_lng":55.28573,"risk_score":0.2657,"risk_class":"low","flood_exposure":0.3445,"charger_access_deficit":0.3113,"transport_disruption":0.7819},"geometry":{"type":"Polygon","coordinates":[[[55.2806,25.2878],[55.2824,25.2835],[55.2875,25.2824],[55.2908,25.2856],[55.2891,25.2899],[55.284,25.291],[55.2806,25.2878]]]}},{"type":"Feature","properties":{"h3_index":"8843acd8b1fffff","h3_resolution":8,"center_lat":25.30031,"center_lng":55.31272,"risk_score":0.187,"risk_class":"low","flood_exposure":0.2556,"charger_access_deficit":0.3906,"transport_disruption":0.5677},"geometry":{"type":"Polygon","coordinates":[[[55.3076,25.3014],[55.3094,25.2971],[55.3145,25.296],[55.3178,25.2992],[55.3161,25.3035],[55.311,25.3046],[55.3076,25.3014]]]}},{"type":"Feature","properties":{"h3_index":"8843acd8b3fffff","h3_resolution":8,"center_lat":25.30235,"center_lng":55.32119,"risk_score":0.1493,"risk_class":"low","flood_exposure":0.249,"charger_access_deficit":0.3997,"transport_disruption":0.5071},"geometry":{"type":"Polygon","coordinates":[[[55.3161,25.3035],[55.3178,25.2992],[55.323,25.2981],[55.3263,25.3012],[55.3245,25.3055],[55.3194,25.3067],[55.3161,25.3035]]]}},{"type":"Feature","properties":{"h3_index":"8843acd8b5fffff","h3_resolution":8,"center_lat":25.29284,"center_lng":55.31113,"risk_score":0.1727,"risk_class":"low","flood_exposure":0.3066,"charger_access_deficit":0.3317,"transport_disruption":0.5648},"geometry":{"type":"Polygon","coordinates":[[[55.306,25.294],[55.3078,25.2897],[55.3129,25.2885],[55.3162,25.2917],[55.3145,25.296],[55.3094,25.2971],[55.306,25.294]]]}},{"type":"Feature","properties":{"h3_index":"8843acd8b7fffff","h3_resolution":8,"center_lat":25.29488,"center_lng":55.3196,"risk_score":0.1438,"risk_class":"low","flood_exposure":0.2935,"charger_access_deficit":0.3478,"transport_disruption":0.4838},"geometry":{"type":"Polygon","coordinates":[[[55.3145,25.296],[55.3162,25.2917],[55.3214,25.2906],[55.3247,25.2938],[55.323,25.2981],[55.3178,25.2992],[55.3145,25.296]]]}},{"type":"Feature","properties":{"h3_index":"8843acd8b9fffff","h3_resolution":8,"center_lat":25.30573,"center_lng":55.30584,"risk_score":0.233,"risk_class":"low","flood_exposure":0.2173,"charger_access_deficit":0.4357,"transport_disruption":0.6492},"geometry":{"type":"Polygon","coordinates":[[[55.3007,25.3069],[55.3025,25.3026],[55.3076,25.3014],[55.311,25.3046],[55.3092,25.3089],[55.3041,25.31],[55.3007,25.3069]]]}},{"type":"Feature","properties":{"h3_index":"8843acd8bbfffff","h3_resolution":8,"center_lat":25.30778,"center_lng":55.31431,"risk_score":0.2155,"risk_class":"low","flood_exposure":0.2119,"charger_access_deficit":0.4427,"transport_disruption":0.588},"geometry":{"type":"Polygon","coordinates":[[[55.3092,25.3089],[55.311,25.3046],[55.3161,25.3035],[55.3194,25.3067],[55.3177,25.311],[55.3125,25.3121],[55.3092,25.3089]]]}},{"type":"Feature","properties":{"h3_index":"8843acd8bdfffff","h3_resolution":8,"center_lat":25.29826,"center_lng":55.30425,"risk_score":0.2503,"risk_class":"low","flood_exposure":0.2686,"charger_access_deficit":0.375,"transport_disruption":0.6482},"geometry":{"type":"Polygon","coordinates":[[[55.2991,25.2994],[55.3009,25.2951],[55.306,25.294],[55.3094,25.2971],[55.3076,25.3014],[55.3025,25.3026],[55.2991,25.2994]]]}},{"type":"Feature","properties":{"h3_index":"8843acd8c1fffff","h3_resolution":8,"center_lat":25.31791,"center_lng":55.26826,"risk_score":0.2982,"risk_class":"low","flood_exposure":0.111,"charger_access_deficit":0.6048,"transport_disruption":0.7831},"geometry":{"type":"Polygon","coordinates":[[[55.2631,25.319],[55.2649,25.3147],[55.27,25.3136],[55.2734,25.3168],[55.2716,25.3211],[55.2665,25.3222],[55.2631,25.319]]]}},{"type":"Feature","properties":{"h3_index":"8843acd8c3fffff","h3_resolution":8,"center_lat":25.31996,"center_lng":55.27673,"risk_score":0.2859,"risk_class":"low","flood_exposure":0.1089,"charger_access_deficit":0.5929,"transport_disruption":0.8041},"geometry":{"type":"Polygon","coordinates":[[[55.2716,25.3211],[55.2734,25.3168],[55.2785,25.3157],[55.2818,25.3188],[55.2801,25.3231],[55.275,25.3243],[55.2716,25.3211]]]}},{"type":"Feature","properties":{"h3_index":"8843acd8c5fffff","h3_resolution":8,"center_lat":25.31043,"center_lng":55.26668,"risk_score":0.2855,"risk_class":"low","flood_exposure":0.1523,"charger_access_deficit":0.5576,"transport_disruption":0.7828},"geometry":{"type":"Polygon","coordinates":[[[55.2616,25.3116],[55.2633,25.3073],[55.2684,25.3061],[55.2718,25.3093],[55.27,25.3136],[55.2649,25.3147],[55.2616,25.3116]]]}},{"type":"Feature","properties":{"h3_index":"8843acd8c7fffff","h3_resolution":8,"center_lat":25.31248,"center_lng":55.27514,"risk_score":0.3188,"risk_class":"low","flood_exposure":0.1507,"charger_access_deficit":0.5423,"transport_disruption":0.8068},"geometry":{"type":"Polygon","coordinates":[[[55.27,25.3136],[55.2718,25.3093],[55.2769,25.3082],[55.2803,25.3114],[55.2785,25.3157],[55.2734,25.3168],[55.27,25.3136]]]}},{"type":"Feature","properties":{"h3_index":"8843acd8c9fffff","h3_resolution":8,"center_lat":25.32333,"center_lng":55.26138,"risk_score":0.2748,"risk_class":"low","flood_exposure":0.0761,"charger_access_deficit":0.6646,"transport_disruption":0.7404},"geometry":{"type":"Polygon","coordinates":[[[55.2563,25.3245],[55.258,25.3202],[55.2631,25.319],[55.2665,25.3222],[55.2647,25.3265],[55.2596,25.3276],[55.2563,25.3245]]]}},{"type":"Feature","properties":{"h3_index":"8843acd8cbfffff","h3_resolution":8,"center_lat":25.32538,"center_lng":55.26985,"risk_score":0.2961,"risk_class":"low","flood_exposure":0.0779,"charger_access_deficit":0.6449,"transport_disruption":0.783},"geometry":{"type":"Polygon","coordinates":[[[55.2647,25.3265],[55.2665,25.3222],[55.2716,25.3211],[55.275,25.3243],[55.2732,25.3286],[55.2681,25.3297],[55.2647,25.3265]]]}},{"type":"Feature","properties":{"h3_index":"8843acd8cdfffff","h3_resolution":8,"center_lat":25.31586,"center_lng":55.25979,"risk_score":0.286,"risk_class":"low","flood_exposure":0.1105,"charger_access_deficit":0.6243,"transport_disruption":0.7368},"geometry":{"type":"Polygon","coordinates":[[[55.2547,25.317],[55.2564,25.3127],[55.2616,25.3116],[55.2649,25.3147],[55.2631,25.319],[55.258,25.3202],[55.2547,25.317]]]}},{"type":"Feature","properties":{"h3_index":"8843acd8d1fffff","h3_resolution":8,"center_lat":25.32948,"center_lng":55.28679,"risk_score":0.313,"risk_class":"low","flood_exposure":0.0748,"charger_access_deficit":0.6269,"transport_disruption":0.7906},"geometry":{"type":"Polygon","coordinates":[[[55.2817,25.3306],[55.2834,25.3263],[55.2886,25.3252],[55.2919,25.3284],[55.2901,25.3327],[55.285,25.3338],[55.2817,25.3306]]]}},{"type":"Feature","properties":{"h3_index":"8843acd8d3fffff","h3_resolution":8,"center_lat":25.33153,"center_lng":55.29526,"risk_score":0.2632,"risk_class":"low","flood_exposure":0.0745,"charger_access_deficit":0.6224,"transport_disruption":0.7681},"geometry":{"type":"Polygon","coordinates":[[[55.2901,25.3327],[55.2919,25.3284],[55.297,25.3272],[55.3004,25.3304],[55.2986,25.3347],[55.2935,25.3358],[55.2901,25.3327]]]}},{"type":"Feature","properties":{"h3_index":"8843acd8d5fffff","h3_resolution":8,"center_lat":25.322,"center_lng":55.2852,"risk_score":0.3033,"risk_class":"low","flood_exposure":0.1049,"charger_access_deficit":0.5879,"transport_disruption":0.7967},"geometry":{"type":"Polygon","coordinates":[[[55.2801,25.3231],[55.2818,25.3188],[55.287,25.3177],[55.2903,25.3209],[55.2886,25.3252],[55.2834,25.3263],[55.2801,25.3231]]]}},{"type":"Feature","properties":{"h3_index":"8843acd8d7fffff","h3_resolution":8,"center_lat":25.32405,"center_lng":55.29367,"risk_score":0.2906,"risk_class":"low","flood_exposure":0.1,"charger_access_deficit":0.5881,"transport_disruption":0.765},"geometry":{"type":"Polygon","coordinates":[[[55.2886,25.3252],[55.2903,25.3209],[55.2954,25.3198],[55.2988,25.3229],[55.297,25.3272],[55.2919,25.3284],[55.2886,25.3252]]]}},{"type":"Feature","properties":{"h3_index":"8843acd8d9fffff","h3_resolution":8,"center_lat":25.3349,"center_lng":55.2799,"risk_score":0.2969,"risk_class":"low","flood_exposure":0.0559,"charger_access_deficit":0.6604,"transport_disruption":0.7966},"geometry":{"type":"Polygon","coordinates":[[[55.2748,25.336],[55.2766,25.3317],[55.2817,25.3306],[55.285,25.3338],[55.2833,25.3381],[55.2781,25.3392],[55.2748,25.336]]]}},{"type":"Feature","properties":{"h3_index":"8843acd8dbfffff","h3_resolution":8,"center_lat":25.33695,"center_lng":55.28837,"risk_score":0.2955,"risk_class":"low","flood_exposure":0.0568,"charger_access_deficit":0.6503,"transport_disruption":0.7862},"geometry":{"type":"Polygon","coordinates":[[[55.2833,25.3381],[55.285,25.3338],[55.2901,25.3327],[55.2935,25.3358],[55.2917,25.3401],[55.2866,25.3413],[55.2833,25.3381]]]}},{"type":"Feature","properties":{"h3_index":"8843acd8ddfffff","h3_resolution":8,"center_lat":25.32743,"center_lng":55.27832,"risk_score":0.2771,"risk_class":"low","flood_exposure":0.0782,"charger_access_deficit":0.6309,"transport_disruption":0.8012},"geometry":{"type":"Polygon","coordinates":[[[55.2732,25.3286],[55.275,25.3243],[55.2801,25.3231],[55.2834,25.3263],[55.2817,25.3306],[55.2766,25.3317],[55.2732,25.3286]]]}},{"type":"Feature","properties":{"h3_index":"8843acd8e1fffff","h3_resolution":8,"center_lat":25.29754,"center_lng":55.27197,"risk_score":0.3014,"risk_class":"low","flood_exposure":0.2476,"charger_access_deficit":0.4397,"transport_disruption":0.8086},"geometry":{"type":"Polygon","coordinates":[[[55.2669,25.2987],[55.2686,25.2944],[55.2737,25.2932],[55.2771,25.2964],[55.2753,25.3007],[55.2702,25.3018],[55.2669,25.2987]]]}},{"type":"Feature","properties":{"h3_index":"8843acd8e3fffff","h3_resolution":8,"center_lat":25.29959,"center_lng":55.28044,"risk_score":0.2864,"risk_class":"low","flood_exposure":0.2447,"charger_access_deficit":0.4236,"transport_disruption":0.8077},"geometry":{"type":"Polygon","coordinates":[[[55.2753,25.3007],[55.2771,25.2964],[55.2822,25.2953],[55.2856,25.2985],[55.2838,25.3028],[55.2787,25.3039],[55.2753,25.3007]]]}},{"type":"Feature","properties":{"h3_index":"8843acd8e5fffff","h3_resolution":8,"center_lat":25.29007,"center_lng":55.27039,"risk_score":0.2758,"risk_class":"low","flood_exposure":0.298,"charger_access_deficit":0.3959,"transport_disruption":0.8073},"geometry":{"type":"Polygon","coordinates":[[[55.2653,25.2912],[55.267,25.2869],[55.2722,25.2858],[55.2755,25.2889],[55.2737,25.2932],[55.2686,25.2944],[55.2653,25.2912]]]}},{"type":"Feature","properties":{"h3_index":"8843acd8e7fffff","h3_resolution":8,"center_lat":25.29212,"center_lng":55.27885,"risk_score":0.3013,"risk_class":"low","flood_exposure":0.2969,"charger_access_deficit":0.3724,"transport_disruption":0.8091},"geometry":{"type":"Polygon","coordinates":[[[55.2737,25.2932],[55.2755,25.2889],[55.2806,25.2878],[55.284,25.291],[55.2822,25.2953],[55.2771,25.2964],[55.2737,25.2932]]]}},{"type":"Feature","properties":{"h3_index":"8843acd8e9fffff","h3_resolution":8,"center_lat":25.30296,"center_lng":55.26509,"risk_score":0.3064,"risk_class":"low","flood_exposure":0.1979,"charger_access_deficit":0.5103,"transport_disruption":0.7814},"geometry":{"type":"Polygon","coordinates":[[[55.26,25.3041],[55.2617,25.2998],[55.2669,25.2987],[55.2702,25.3018],[55.2684,25.3061],[55.2633,25.3073],[55.26,25.3041]]]}},{"type":"Feature","properties":{"h3_index":"8843acd8ebfffff","h3_resolution":8,"center_lat":25.30501,"center_lng":55.27356,"risk_score":0.2748,"risk_class":"low","flood_exposure":0.1977,"charger_access_deficit":0.4898,"transport_disruption":0.8087},"geometry":{"type":"Polygon","coordinates":[[[55.2684,25.3061],[55.2702,25.3018],[55.2753,25.3007],[55.2787,25.3039],[55.2769,25.3082],[55.2718,25.3093],[55.2684,25.3061]]]}},{"type":"Feature","properties":{"h3_index":"8843acd8edfffff","h3_resolution":8,"center_lat":25.29549,"center_lng":55.26351,"risk_score":0.2887,"risk_class":"low","flood_exposure":0.2459,"charger_access_deficit":0.467,"transport_disruption":0.7788},"geometry":{"type":"Polygon","coordinates":[[[55.2584,25.2966],[55.2602,25.2923],[55.2653,25.2912],[55.2686,25.2944],[55.2669,25.2987],[55.2617,25.2998],[55.2584,25.2966]]]}},{"type":"Feature","properties":{"h3_index":"8843acd901fffff","h3_resolution":8,"center_lat":25.2425,"center_lng":55.22018,"risk_score":0.3387,"risk_class":"low","flood_exposure":0.3746,"charger_access_deficit":0.5056,"transport_disruption":0.5614},"geometry":{"type":"Polygon","coordinates":[[[55.2151,25.2436],[55.2168,25.2393],[55.222,25.2382],[55.2253,25.2414],[55.2235,25.2457],[55.2184,25.2468],[55.2151,25.2436]]]}},{"type":"Feature","properties":{"h3_index":"8843acd903fffff","h3_resolution":8,"center_lat":25.24455,"center_lng":55.22864,"risk_score":0.3648,"risk_class":"moderate","flood_exposure":0.4141,"charger_access_deficit":0.4798,"transport_disruption":0.5881},"geometry":{"type":"Polygon","coordinates":[[[55.2235,25.2457],[55.2253,25.2414],[55.2304,25.2403],[55.2337,25.2434],[55.232,25.2477],[55.2269,25.2488],[55.2235,25.2457]]]}},{"type":"Feature","properties":{"h3_index":"8843acd905fffff","h3_resolution":8,"center_lat":25.23504,"center_lng":55.21861,"risk_score":0.3254,"risk_class":"low","flood_exposure":0.3912,"charger_access_deficit":0.4604,"transport_disruption":0.5561},"geometry":{"type":"Polygon","coordinates":[[[55.2135,25.2362],[55.2153,25.2319],[55.2204,25.2307],[55.2237,25.2339],[55.222,25.2382],[55.2168,25.2393],[55.2135,25.2362]]]}},{"type":"Feature","properties":{"h3_index":"8843acd907fffff","h3_resolution":8,"center_lat":25.23709,"center_lng":55.22706,"risk_score":0.3448,"risk_class":"low","flood_exposure":0.4344,"charger_access_deficit":0.4387,"transport_disruption":0.5824},"geometry":{"type":"Polygon","coordinates":[[[55.222,25.2382],[55.2237,25.2339],[55.2288,25.2328],[55.2322,25.236],[55.2304,25.2403],[55.2253,25.2414],[55.222,25.2382]]]}},{"type":"Feature","properties":{"h3_index":"8843acd909fffff","h3_resolution":8,"center_lat":25.24792,"center_lng":55.21331,"risk_score":0.338,"risk_class":"low","flood_exposure":0.3143,"charger_access_deficit":0.5739,"transport_disruption":0.5699},"geometry":{"type":"Polygon","coordinates":[[[55.2082,25.249],[55.21,25.2447],[55.2151,25.2436],[55.2184,25.2468],[55.2167,25.2511],[55.2115,25.2522],[55.2082,25.249]]]}},{"type":"Feature","properties":{"h3_index":"8843acd90bfffff","h3_resolution":8,"center_lat":25.24997,"center_lng":55.22176,"risk_score":0.3657,"risk_class":"moderate","flood_exposure":0.3534,"charger_access_deficit":0.5455,"transport_disruption":0.5668},"geometry":{"type":"Polygon","coordinates":[[[55.2167,25.2511],[55.2184,25.2468],[55.2235,25.2457],[55.2269,25.2488],[55.2251,25.2531],[55.22,25.2543],[55.2167,25.2511]]]}},{"type":"Feature","properties":{"h3_index":"8843acd90dfffff","h3_resolution":8,"center_lat":25.24046,"center_lng":55.21173,"risk_score":0.3279,"risk_class":"low","flood_exposure":0.3321,"charger_access_deficit":0.53,"transport_disruption":0.5651},"geometry":{"type":"Polygon","coordinates":[[[55.2066,25.2416],[55.2084,25.2373],[55.2135,25.2362],[55.2168,25.2393],[55.2151,25.2436],[55.21,25.2447],[55.2066,25.2416]]]}},{"type":"Feature","properties":{"h3_index":"8843acd911fffff","h3_resolution":8,"center_lat":25.25406,"center_lng":55.23867,"risk_score":0.3925,"risk_class":"moderate","flood_exposure":0.4212,"charger_access_deficit":0.4729,"transport_disruption":0.6435},"geometry":{"type":"Polygon","coordinates":[[[55.2336,25.2552],[55.2353,25.2509],[55.2404,25.2498],[55.2438,25.2529],[55.242,25.2572],[55.2369,25.2584],[55.2336,25.2552]]]}},{"type":"Feature","properties":{"h3_index":"8843acd913fffff","h3_resolution":8,"center_lat":25.25611,"center_lng":55.24713,"risk_score":0.4038,"risk_class":"moderate","flood_exposure":0.4486,"charger_access_deficit":0.4267,"transport_disruption":0.7033},"geometry":{"type":"Polygon","coordinates":[[[55.242,25.2572],[55.2438,25.2529],[55.2489,25.2518],[55.2522,25.255],[55.2505,25.2593],[55.2454,25.2604],[55.242,25.2572]]]}},{"type":"Feature","properties":{"h3_index":"8843acd915fffff","h3_resolution":8,"center_lat":25.2466,"center_lng":55.23709,"risk_score":0.4045,"risk_class":"moderate","flood_exposure":0.4501,"charger_access_deficit":0.4495,"transport_disruption":0.6378},"geometry":{"type":"Polygon","coordinates":[[[55.232,25.2477],[55.2337,25.2434],[55.2389,25.2423],[55.2422,25.2455],[55.2404,25.2498],[55.2353,25.2509],[55.232,25.2477]]]}},{"type":"Feature","properties":{"h3_index":"8843acd917fffff","h3_resolution":8,"center_lat":25.24865,"center_lng":55.24555,"risk_score":0.4188,"risk_class":"moderate","flood_exposure":0.4818,"charger_access_deficit":0.4128,"transport_disruption":0.6982},"geometry":{"type":"Polygon","coordinates":[[[55.2404,25.2498],[55.2422,25.2455],[55.2473,25.2444],[55.2507,25.2475],[55.2489,25.2518],[55.2438,25.2529],[55.2404,25.2498]]]}},{"type":"Feature","properties":{"h3_index":"8843acd919fffff","h3_resolution":8,"center_lat":25.25948,"center_lng":55.2318,"risk_score":0.3849,"risk_class":"moderate","flood_exposure":0.3602,"charger_access_deficit":0.5361,"transport_disruption":0.5999},"geometry":{"type":"Polygon","coordinates":[[[55.2267,25.2606],[55.2285,25.2563],[55.2336,25.2552],[55.2369,25.2584],[55.2351,25.2627],[55.23,25.2638],[55.2267,25.2606]]]}},{"type":"Feature","properties":{"h3_index":"8843acd91bfffff","h3_resolution":8,"center_lat":25.26153,"center_lng":55.24025,"risk_score":0.3828,"risk_class":"moderate","flood_exposure":0.3883,"charger_access_deficit":0.4881,"transport_disruption":0.6495},"geometry":{"type":"Polygon","coordinates":[[[55.2351,25.2627],[55.2369,25.2584],[55.242,25.2572],[55.2454,25.2604],[55.2436,25.2647],[55.2385,25.2658],[55.2351,25.2627]]]}},{"type":"Feature","properties":{"h3_index":"8843acd91dfffff","h3_resolution":8,"center_lat":25.25202,"center_lng":55.23022,"risk_score":0.3895,"risk_class":"moderate","flood_exposure":0.3892,"charger_access_deficit":0.5126,"transport_disruption":0.5939},"geometry":{"type":"Polygon","coordinates":[[[55.2251,25.2531],[55.2269,25.2488],[55.232,25.2477],[55.2353,25.2509],[55.2336,25.2552],[55.2285,25.2563],[55.2251,25.2531]]]}},{"type":"Feature","properties":{"h3_index":"8843acd921fffff","h3_resolution":8,"center_lat":25.22217,"center_lng":55.2239,"risk_score":0.3275,"risk_class":"low","flood_exposure":0.4592,"charger_access_deficit":0.345,"transport_disruption":0.5715},"geometry":{"type":"Polygon","coordinates":[[[55.2188,25.2233],[55.2206,25.219],[55.2257,25.2179],[55.229,25.221],[55.2272,25.2253],[55.2221,25.2265],[55.2188,25.2233]]]}},{"type":"Feature","properties":{"h3_index":"8843acd923fffff","h3_resolution":8,"center_lat":25.22421,"center_lng":55.23236,"risk_score":0.3334,"risk_class":"low","flood_exposure":0.507,"charger_access_deficit":0.3266,"transport_disruption":0.6211},"geometry":{"type":"Polygon","coordinates":[[[55.2272,25.2253],[55.229,25.221],[55.2341,25.2199],[55.2375,25.2231],[55.2357,25.2274],[55.2306,25.2285],[55.2272,25.2253]]]}},{"type":"Feature","properties":{"h3_index":"8843acd925fffff","h3_resolution":8,"center_lat":25.21471,"center_lng":55.22233,"risk_score":0.2959,"risk_class":"low","flood_exposure":0.4629,"charger_access_deficit":0.3023,"transport_disruption":0.5672},"geometry":{"type":"Polygon","coordinates":[[[55.2172,25.2158],[55.219,25.2115],[55.2241,25.2104],[55.2274,25.2136],[55.2257,25.2179],[55.2206,25.219],[55.2172,25.2158]]]}},{"type":"Feature","properties":{"h3_index":"8843acd927fffff","h3_resolution":8,"center_lat":25.21675,"center_lng":55.23078,"risk_score":0.3509,"risk_class":"moderate","flood_exposure":0.5141,"charger_access_deficit":0.2808,"transport_disruption":0.6163},"geometry":{"type":"Polygon","coordinates":[[[55.2257,25.2179],[55.2274,25.2136],[55.2325,25.2125],[55.2359,25.2156],[55.2341,25.2199],[55.229,25.221],[55.2257,25.2179]]]}},{"type":"Feature","properties":{"h3_index":"8843acd929fffff","h3_resolution":8,"center_lat":25.22758,"center_lng":55.21703,"risk_score":0.2917,"risk_class":"low","flood_exposure":0.4028,"charger_access_deficit":0.4135,"transport_disruption":0.5508},"geometry":{"type":"Polygon","coordinates":[[[55.2119,25.2287],[55.2137,25.2244],[55.2188,25.2233],[55.2221,25.2265],[55.2204,25.2307],[55.2153,25.2319],[55.2119,25.2287]]]}},{"type":"Feature","properties":{"h3_index":"8843acd92bfffff","h3_resolution":8,"center_lat":25.22963,"center_lng":55.22548,"risk_score":0.3361,"risk_class":"low","flood_exposure":0.4496,"charger_access_deficit":0.3923,"transport_disruption":0.5768},"geometry":{"type":"Polygon","coordinates":[[[55.2204,25.2307],[55.2221,25.2265],[55.2272,25.2253],[55.2306,25.2285],[55.2288,25.2328],[55.2237,25.2339],[55.2204,25.2307]]]}},{"type":"Feature","properties":{"h3_index":"8843acd92dfffff","h3_resolution":8,"center_lat":25.22012,"center_lng":55.21545,"risk_score":0.2739,"risk_class":"low","flood_exposure":0.4092,"charger_access_deficit":0.3691,"transport_disruption":0.5462},"geometry":{"type":"Polygon","coordinates":[[[55.2103,25.2212],[55.2121,25.217],[55.2172,25.2158],[55.2206,25.219],[55.2188,25.2233],[55.2137,25.2244],[55.2103,25.2212]]]}},{"type":"Feature","properties":{"h3_index":"8843acd931fffff","h3_resolution":8,"center_lat":25.23372,"center_lng":55.24239,"risk_score":0.4241,"risk_class":"moderate","flood_exposure":0.5343,"charger_access_deficit":0.3543,"transport_disruption":0.6882},"geometry":{"type":"Polygon","coordinates":[[[55.2373,25.2348],[55.239,25.2305],[55.2442,25.2294],[55.2475,25.2326],[55.2457,25.2369],[55.2406,25.238],[55.2373,25.2348]]]}},{"type":"Feature","properties":{"h3_index":"8843acd933fffff","h3_resolution":8,"center_lat":25.23576,"center_lng":55.25084,"risk_score":0.461,"risk_class":"moderate","flood_exposure":0.5706,"charger_access_deficit":0.3322,"transport_disruption":0.7483},"geometry":{"type":"Polygon","coordinates":[[[55.2457,25.2369],[55.2475,25.2326],[55.2526,25.2315],[55.256,25.2346],[55.2542,25.2389],[55.2491,25.2401],[55.2457,25.2369]]]}},{"type":"Feature","properties":{"h3_index":"8843acd935fffff","h3_resolution":8,"center_lat":25.22626,"center_lng":55.24081,"risk_score":0.392,"risk_class":"moderate","flood_exposure":0.5521,"charger_access_deficit":0.3115,"transport_disruption":0.6832},"geometry":{"type":"Polygon","coordinates":[[[55.2357,25.2274],[55.2375,25.2231],[55.2426,25.222],[55.2459,25.2251],[55.2442,25.2294],[55.239,25.2305],[55.2357,25.2274]]]}},{"type":"Feature","properties":{"h3_index":"8843acd937fffff","h3_resolution":8,"center_lat":25.2283,"center_lng":55.24926,"risk_score":0.4642,"risk_class":"moderate","flood_exposure":0.5934,"charger_access_deficit":0.2969,"transport_disruption":0.7444},"geometry":{"type":"Polygon","coordinates":[[[55.2442,25.2294],[55.2459,25.2251],[55.251,25.224],[55.2544,25.2272],[55.2526,25.2315],[55.2475,25.2326],[55.2442,25.2294]]]}},{"type":"Feature","properties":{"h3_index":"8843acd939fffff","h3_resolution":8,"center_lat":25.23914,"center_lng":55.23551,"risk_score":0.3804,"risk_class":"moderate","flood_exposure":0.4745,"charger_access_deficit":0.4159,"transport_disruption":0.6321},"geometry":{"type":"Polygon","coordinates":[[[55.2304,25.2403],[55.2322,25.236],[55.2373,25.2348],[55.2406,25.238],[55.2389,25.2423],[55.2337,25.2434],[55.2304,25.2403]]]}},{"type":"Feature","properties":{"h3_index":"8843acd93bfffff","h3_resolution":8,"center_lat":25.24118,"center_lng":55.24397,"risk_score":0.4232,"risk_class":"moderate","flood_exposure":0.5106,"charger_access_deficit":0.3889,"transport_disruption":0.6931},"geometry":{"type":"Polygon","coordinates":[[[55.2389,25.2423],[55.2406,25.238],[55.2457,25.2369],[55.2491,25.2401],[55.2473,25.2444],[55.2422,25.2455],[55.2389,25.2423]]]}},{"type":"Feature","properties":{"h3_index":"8843acd93dfffff","h3_resolution":8,"center_lat":25.23167,"center_lng":55.23393,"risk_score":0.3906,"risk_class":"moderate","flood_exposure":0.4936,"charger_access_deficit":0.3736,"transport_disruption":0.6266},"geometry":{"type":"Polygon","coordinates":[[[55.2288,25.2328],[55.2306,25.2285],[55.2357,25.2274],[55.239,25.2305],[55.2373,25.2348],[55.2322,25.236],[55.2288,25.2328]]]}},{"type":"Feature","properties":{"h3_index":"8843acd941fffff","h3_resolution":8,"center_lat":25.25129,"center_lng":55.19798,"risk_score":0.4011,"risk_class":"moderate","flood_exposure":0.2143,"charger_access_deficit":0.6722,"transport_disruption":0.6564},"geometry":{"type":"Polygon","coordinates":[[[55.1929,25.2524],[55.1946,25.2481],[55.1997,25.247],[55.2031,25.2502],[55.2013,25.2545],[55.1962,25.2556],[55.1929,25.2524]]]}},{"type":"Feature","properties":{"h3_index":"8843acd943fffff","h3_resolution":8,"center_lat":25.25334,"center_lng":55.20643,"risk_score":0.3591,"risk_class":"moderate","flood_exposure":0.2542,"charger_access_deficit":0.6434,"transport_disruption":0.6059},"geometry":{"type":"Polygon","coordinates":[[[55.2013,25.2545],[55.2031,25.2502],[55.2082,25.249],[55.2115,25.2522],[55.2098,25.2565],[55.2047,25.2576],[55.2013,25.2545]]]}},{"type":"Feature","properties":{"h3_index":"8843acd945fffff","h3_resolution":8,"center_lat":25.24382,"center_lng":55.1964,"risk_score":0.3663,"risk_class":"moderate","flood_exposure":0.2295,"charger_access_deficit":0.6288,"transport_disruption":0.6529},"geometry":{"type":"Polygon","coordinates":[[[55.1913,25.2449],[55.1931,25.2407],[55.1982,25.2395],[55.2015,25.2427],[55.1997,25.247],[55.1946,25.2481],[55.1913,25.2449]]]}},{"type":"Feature","properties":{"h3_index":"8843acd947fffff","h3_resolution":8,"center_lat":25.24587,"center_lng":55.20485,"risk_score":0.3532,"risk_class":"moderate","flood_exposure":0.2727,"charger_access_deficit":0.6008,"transport_disruption":0.6016},"geometry":{"type":"Polygon","coordinates":[[[55.1997,25.247],[55.2015,25.2427],[55.2066,25.2416],[55.21,25.2447],[55.2082,25.249],[55.2031,25.2502],[55.1997,25.247]]]}},{"type":"Feature","properties":{"h3_index":"8843acd949fffff","h3_resolution":8,"center_lat":25.2567,"center_lng":55.1911,"risk_score":0.3804,"risk_class":"moderate","flood_exposure":0.1591,"charger_access_deficit":0.7427,"transport_disruption":0.7169},"geometry":{"type":"Polygon","coordinates":[[[55.186,25.2578],[55.1878,25.2535],[55.1929,25.2524],[55.1962,25.2556],[55.1944,25.2599],[55.1893,25.261],[55.186,25.2578]]]}},{"type":"Feature","properties":{"h3_index":"8843acd94bfffff","h3_resolution":8,"center_lat":25.25875,"center_lng":55.19955,"risk_score":0.3756,"risk_class":"moderate","flood_exposure":0.1959,"charger_access_deficit":0.713,"transport_disruption":0.6599},"geometry":{"type":"Polygon","coordinates":[[[55.1944,25.2599],[55.1962,25.2556],[55.2013,25.2545],[55.2047,25.2576],[55.2029,25.2619],[55.1978,25.263],[55.1944,25.2599]]]}},{"type":"Feature","properties":{"h3_index":"8843acd94dfffff","h3_resolution":8,"center_lat":25.24924,"center_lng":55.18952,"risk_score":0.3686,"risk_class":"moderate","flood_exposure":0.1741,"charger_access_deficit":0.7017,"transport_disruption":0.7143},"geometry":{"type":"Polygon","coordinates":[[[55.1844,25.2504],[55.1862,25.2461],[55.1913,25.2449],[55.1946,25.2481],[55.1929,25.2524],[55.1878,25.2535],[55.1844,25.2504]]]}},{"type":"Feature","properties":{"h3_index":"8843acd951fffff","h3_resolution":8,"center_lat":25.26285,"center_lng":55.21646,"risk_score":0.3598,"risk_class":"moderate","flood_exposure":0.267,"charger_access_deficit":0.6445,"transport_disruption":0.5799},"geometry":{"type":"Polygon","coordinates":[[[55.2114,25.264],[55.2131,25.2597],[55.2182,25.2586],[55.2216,25.2617],[55.2198,25.266],[55.2147,25.2671],[55.2114,25.264]]]}},{"type":"Feature","properties":{"h3_index":"8843acd953fffff","h3_resolution":8,"center_lat":25.2649,"center_lng":55.22492,"risk_score":0.3562,"risk_class":"moderate","flood_exposure":0.2991,"charger_access_deficit":0.6016,"transport_disruption":0.5781},"geometry":{"type":"Polygon","coordinates":[[[55.2198,25.266],[55.2216,25.2617],[55.2267,25.2606],[55.23,25.2638],[55.2283,25.2681],[55.2232,25.2692],[55.2198,25.266]]]}},{"type":"Feature","properties":{"h3_index":"8843acd955fffff","h3_resolution":8,"center_lat":25.25538,"center_lng":55.21489,"risk_score":0.3634,"risk_class":"moderate","flood_exposure":0.2925,"charger_access_deficit":0.6127,"transport_disruption":0.5749},"geometry":{"type":"Polygon","coordinates":[[[55.2098,25.2565],[55.2115,25.2522],[55.2167,25.2511],[55.22,25.2543],[55.2182,25.2586],[55.2131,25.2597],[55.2098,25.2565]]]}},{"type":"Feature","properties":{"h3_index":"8843acd957fffff","h3_resolution":8,"center_lat":25.25743,"center_lng":55.22334,"risk_score":0.3834,"risk_class":"moderate","flood_exposure":0.3281,"charger_access_deficit":0.5777,"transport_disruption":0.5725},"geometry":{"type":"Polygon","coordinates":[[[55.2182,25.2586],[55.22,25.2543],[55.2251,25.2531],[55.2285,25.2563],[55.2267,25.2606],[55.2216,25.2617],[55.2182,25.2586]]]}},{"type":"Feature","properties":{"h3_index":"8843acd959fffff","h3_resolution":8,"center_lat":25.26826,"center_lng":55.20958,"risk_score":0.3851,"risk_class":"moderate","flood_exposure":0.2075,"charger_access_deficit":0.7119,"transport_disruption":0.6142},"geometry":{"type":"Polygon","coordinates":[[[55.2045,25.2694],[55.2062,25.2651],[55.2114,25.264],[55.2147,25.2671],[55.2129,25.2714],[55.2078,25.2726],[55.2045,25.2694]]]}},{"type":"Feature","properties":{"h3_index":"8843acd95bfffff","h3_resolution":8,"center_lat":25.27031,"center_lng":55.21804,"risk_score":0.3994,"risk_class":"moderate","flood_exposure":0.2386,"charger_access_deficit":0.6688,"transport_disruption":0.5845},"geometry":{"type":"Polygon","coordinates":[[[55.2129,25.2714],[55.2147,25.2671],[55.2198,25.266],[55.2232,25.2692],[55.2214,25.2735],[55.2163,25.2746],[55.2129,25.2714]]]}},{"type":"Feature","properties":{"h3_index":"8843acd95dfffff","h3_resolution":8,"center_lat":25.2608,"center_lng":55.20801,"risk_score":0.3728,"risk_class":"moderate","flood_exposure":0.2323,"charger_access_deficit":0.681,"transport_disruption":0.6102},"geometry":{"type":"Polygon","coordinates":[[[55.2029,25.2619],[55.2047,25.2576],[55.2098,25.2565],[55.2131,25.2597],[55.2114,25.264],[55.2062,25.2651],[55.2029,25.2619]]]}},{"type":"Feature","properties":{"h3_index":"8843acd961fffff","h3_resolution":8,"center_lat":25.23095,"center_lng":55.2017,"risk_score":0.318,"risk_class":"low","flood_exposure":0.2976,"charger_access_deficit":0.5124,"transport_disruption":0.5932},"geometry":{"type":"Polygon","coordinates":[[[55.1966,25.2321],[55.1984,25.2278],[55.2035,25.2267],[55.2068,25.2298],[55.205,25.2341],[55.1999,25.2352],[55.1966,25.2321]]]}},{"type":"Feature","properties":{"h3_index":"8843acd963fffff","h3_resolution":8,"center_lat":25.23299,"center_lng":55.21015,"risk_score":0.3178,"risk_class":"low","flood_exposure":0.3454,"charger_access_deficit":0.4841,"transport_disruption":0.5602},"geometry":{"type":"Polygon","coordinates":[[[55.205,25.2341],[55.2068,25.2298],[55.2119,25.2287],[55.2153,25.2319],[55.2135,25.2362],[55.2084,25.2373],[55.205,25.2341]]]}},{"type":"Feature","properties":{"h3_index":"8843acd965fffff","h3_resolution":8,"center_lat":25.22349,"center_lng":55.20013,"risk_score":0.3049,"risk_class":"low","flood_exposure":0.3035,"charger_access_deficit":0.4733,"transport_disruption":0.5892},"geometry":{"type":"Polygon","coordinates":[[[55.195,25.2246],[55.1968,25.2203],[55.2019,25.2192],[55.2052,25.2224],[55.2035,25.2267],[55.1984,25.2278],[55.195,25.2246]]]}},{"type":"Feature","properties":{"h3_index":"8843acd967fffff","h3_resolution":8,"center_lat":25.22553,"center_lng":55.20858,"risk_score":0.282,"risk_class":"low","flood_exposure":0.3539,"charger_access_deficit":0.4398,"transport_disruption":0.5556},"geometry":{"type":"Polygon","coordinates":[[[55.2035,25.2267],[55.2052,25.2224],[55.2103,25.2212],[55.2137,25.2244],[55.2119,25.2287],[55.2068,25.2298],[55.2035,25.2267]]]}},{"type":"Feature","properties":{"h3_index":"8843acd969fffff","h3_resolution":8,"center_lat":25.23636,"center_lng":55.19483,"risk_score":0.3461,"risk_class":"low","flood_exposure":0.241,"charger_access_deficit":0.586,"transport_disruption":0.6494},"geometry":{"type":"Polygon","coordinates":[[[55.1897,25.2375],[55.1915,25.2332],[55.1966,25.2321],[55.1999,25.2352],[55.1982,25.2395],[55.1931,25.2407],[55.1897,25.2375]]]}},{"type":"Feature","properties":{"h3_index":"8843acd96bfffff","h3_resolution":8,"center_lat":25.23841,"center_lng":55.20328,"risk_score":0.3522,"risk_class":"moderate","flood_exposure":0.2872,"charger_access_deficit":0.556,"transport_disruption":0.5974},"geometry":{"type":"Polygon","coordinates":[[[55.1982,25.2395],[55.1999,25.2352],[55.205,25.2341],[55.2084,25.2373],[55.2066,25.2416],[55.2015,25.2427],[55.1982,25.2395]]]}},{"type":"Feature","properties":{"h3_index":"8843acd96dfffff","h3_resolution":8,"center_lat":25.2289,"center_lng":55.19325,"risk_score":0.303,"risk_class":"low","flood_exposure":0.2486,"charger_access_deficit":0.547,"transport_disruption":0.646},"geometry":{"type":"Polygon","coordinates":[[[55.1881,25.23],[55.1899,25.2257],[55.195,25.2246],[55.1984,25.2278],[55.1966,25.2321],[55.1915,25.2332],[55.1881,25.23]]]}},{"type":"Feature","properties":{"h3_index":"8843acd981fffff","h3_resolution":8,"center_lat":25.25683,"center_lng":55.27939,"risk_score":0.3874,"risk_class":"moderate","flood_exposure":0.5494,"charger_access_deficit":0.2321,"transport_disruption":0.7937},"geometry":{"type":"Polygon","coordinates":[[[55.2743,25.258],[55.276,25.2537],[55.2811,25.2525],[55.2845,25.2557],[55.2827,25.26],[55.2776,25.2611],[55.2743,25.258]]]}},{"type":"Feature","properties":{"h3_index":"8843acd983fffff","h3_resolution":8,"center_lat":25.25887,"center_lng":55.28785,"risk_score":0.3532,"risk_class":"moderate","flood_exposure":0.5484,"charger_access_deficit":0.1976,"transport_disruption":0.7455},"geometry":{"type":"Polygon","coordinates":[[[55.2827,25.26],[55.2845,25.2557],[55.2896,25.2546],[55.293,25.2577],[55.2912,25.262],[55.2861,25.2632],[55.2827,25.26]]]}},{"type":"Feature","properties":{"h3_index":"8843acd985fffff","h3_resolution":8,"center_lat":25.24936,"center_lng":55.2778,"risk_score":0.4247,"risk_class":"moderate","flood_exposure":0.5966,"charger_access_deficit":0.2403,"transport_disruption":0.7963},"geometry":{"type":"Polygon","coordinates":[[[55.2727,25.2505],[55.2745,25.2462],[55.2796,25.2451],[55.2829,25.2482],[55.2811,25.2525],[55.276,25.2537],[55.2727,25.2505]]]}},{"type":"Feature","properties":{"h3_index":"8843acd987fffff","h3_resolution":8,"center_lat":25.25141,"center_lng":55.28626,"risk_score":0.3802,"risk_class":"moderate","flood_exposure":0.599,"charger_access_deficit":0.2061,"transport_disruption":0.7501},"geometry":{"type":"Polygon","coordinates":[[[55.2811,25.2525],[55.2829,25.2482],[55.288,25.2471],[55.2914,25.2503],[55.2896,25.2546],[55.2845,25.2557],[55.2811,25.2525]]]}},{"type":"Feature","properties":{"h3_index":"8843acd989fffff","h3_resolution":8,"center_lat":25.26225,"center_lng":55.27251,"risk_score":0.4074,"risk_class":"moderate","flood_exposure":0.497,"charger_access_deficit":0.2726,"transport_disruption":0.8115},"geometry":{"type":"Polygon","coordinates":[[[55.2674,25.2634],[55.2692,25.2591],[55.2743,25.258],[55.2776,25.2611],[55.2759,25.2654],[55.2707,25.2665],[55.2674,25.2634]]]}},{"type":"Feature","properties":{"h3_index":"8843acd98bfffff","h3_resolution":8,"center_lat":25.2643,"center_lng":55.28097,"risk_score":0.3461,"risk_class":"low","flood_exposure":0.5001,"charger_access_deficit":0.2312,"transport_disruption":0.7909},"geometry":{"type":"Polygon","coordinates":[[[55.2759,25.2654],[55.2776,25.2611],[55.2827,25.26],[55.2861,25.2632],[55.2843,25.2675],[55.2792,25.2686],[55.2759,25.2654]]]}},{"type":"Feature","properties":{"h3_index":"8843acd98dfffff","h3_resolution":8,"center_lat":25.25478,"center_lng":55.27092,"risk_score":0.4428,"risk_class":"moderate","flood_exposure":0.5428,"charger_access_deficit":0.275,"transport_disruption":0.8119},"geometry":{"type":"Polygon","coordinates":[[[55.2658,25.2559],[55.2676,25.2516],[55.2727,25.2505],[55.276,25.2537],[55.2743,25.258],[55.2692,25.2591],[55.2658,25.2559]]]}},{"type":"Feature","properties":{"h3_index":"8843acd991fffff","h3_resolution":8,"center_lat":25.26839,"center_lng":55.2979,"risk_score":0.2547,"risk_class":"low","flood_exposure":0.486,"charger_access_deficit":0.1863,"transport_disruption":0.6673},"geometry":{"type":"Polygon","coordinates":[[[55.2928,25.2695],[55.2945,25.2652],[55.2997,25.2641],[55.303,25.2673],[55.3012,25.2716],[55.2961,25.2727],[55.2928,25.2695]]]}},{"type":"Feature","properties":{"h3_index":"8843acd993fffff","h3_resolution":8,"center_lat":25.27043,"center_lng":55.30636,"risk_score":0.2111,"risk_class":"low","flood_exposure":0.4693,"charger_access_deficit":0.1851,"transport_disruption":0.5777},"geometry":{"type":"Polygon","coordinates":[[[55.3012,25.2716],[55.303,25.2673],[55.3081,25.2661],[55.3115,25.2693],[55.3097,25.2736],[55.3046,25.2747],[55.3012,25.2716]]]}},{"type":"Feature","properties":{"h3_index":"8843acd995fffff","h3_resolution":8,"center_lat":25.26092,"center_lng":55.29631,"risk_score":0.3077,"risk_class":"low","flood_exposure":0.54,"charger_access_deficit":0.174,"transport_disruption":0.6737},"geometry":{"type":"Polygon","coordinates":[[[55.2912,25.262],[55.293,25.2577],[55.2981,25.2566],[55.3014,25.2598],[55.2997,25.2641],[55.2945,25.2652],[55.2912,25.262]]]}},{"type":"Feature","properties":{"h3_index":"8843acd997fffff","h3_resolution":8,"center_lat":25.26296,"center_lng":55.30477,"risk_score":0.2413,"risk_class":"low","flood_exposure":0.5244,"charger_access_deficit":0.1632,"transport_disruption":0.5851},"geometry":{"type":"Polygon","coordinates":[[[55.2997,25.2641],[55.3014,25.2598],[55.3065,25.2587],[55.3099,25.2618],[55.3081,25.2661],[55.303,25.2673],[55.2997,25.2641]]]}},{"type":"Feature","properties":{"h3_index":"8843acd999fffff","h3_resolution":8,"center_lat":25.27381,"center_lng":55.29102,"risk_score":0.2668,"risk_class":"low","flood_exposure":0.4434,"charger_access_deficit":0.2224,"transport_disruption":0.7358},"geometry":{"type":"Polygon","coordinates":[[[55.2859,25.2749],[55.2877,25.2706],[55.2928,25.2695],[55.2961,25.2727],[55.2944,25.277],[55.2893,25.2781],[55.2859,25.2749]]]}},{"type":"Feature","properties":{"h3_index":"8843acd99bfffff","h3_resolution":8,"center_lat":25.27585,"center_lng":55.29948,"risk_score":0.2278,"risk_class":"low","flood_exposure":0.4314,"charger_access_deficit":0.2166,"transport_disruption":0.6608},"geometry":{"type":"Polygon","coordinates":[[[55.2944,25.277],[55.2961,25.2727],[55.3012,25.2716],[55.3046,25.2747],[55.3028,25.279],[55.2977,25.2802],[55.2944,25.277]]]}},{"type":"Feature","properties":{"h3_index":"8843acd99dfffff","h3_resolution":8,"center_lat":25.26634,"center_lng":55.28943,"risk_score":0.3115,"risk_class":"low","flood_exposure":0.4964,"charger_access_deficit":0.2018,"transport_disruption":0.7407},"geometry":{"type":"Polygon","coordinates":[[[55.2843,25.2675],[55.2861,25.2632],[55.2912,25.262],[55.2945,25.2652],[55.2928,25.2695],[55.2877,25.2706],[55.2843,25.2675]]]}},{"type":"Feature","properties":{"h3_index":"8843acd9a1fffff","h3_resolution":8,"center_lat":25.23648,"center_lng":55.28309,"risk_score":0.4741,"risk_class":"moderate","flood_exposure":0.6929,"charger_access_deficit":0.2308,"transport_disruption":0.7585},"geometry":{"type":"Polygon","coordinates":[[[55.278,25.2376],[55.2797,25.2333],[55.2849,25.2322],[55.2882,25.2354],[55.2864,25.2397],[55.2813,25.2408],[55.278,25.2376]]]}},{"type":"Feature","properties":{"h3_index":"8843acd9a3fffff","h3_resolution":8,"center_lat":25.23853,"center_lng":55.29155,"risk_score":0.4483,"risk_class":"moderate","flood_exposure":0.6941,"charger_access_deficit":0.2135,"transport_disruption":0.6913},"geometry":{"type":"Polygon","coordinates":[[[55.2864,25.2397],[55.2882,25.2354],[55.2933,25.2342],[55.2967,25.2374],[55.2949,25.2417],[55.2898,25.2428],[55.2864,25.2397]]]}},{"type":"Feature","properties":{"h3_index":"8843acd9a5fffff","h3_resolution":8,"center_lat":25.22902,"center_lng":55.2815,"risk_score":0.4852,"risk_class":"moderate","flood_exposure":0.7334,"charger_access_deficit":0.2319,"transport_disruption":0.7623},"geometry":{"type":"Polygon","coordinates":[[[55.2764,25.2301],[55.2782,25.2258],[55.2833,25.2247],[55.2866,25.2279],[55.2849,25.2322],[55.2797,25.2333],[55.2764,25.2301]]]}},{"type":"Feature","properties":{"h3_index":"8843acd9a7fffff","h3_resolution":8,"center_lat":25.23106,"center_lng":55.28996,"risk_score":0.4852,"risk_class":"moderate","flood_exposure":0.7398,"charger_access_deficit":0.227,"transport_disruption":0.6966},"geometry":{"type":"Polygon","coordinates":[[[55.2849,25.2322],[55.2866,25.2279],[55.2917,25.2268],[55.2951,25.2299],[55.2933,25.2342],[55.2882,25.2354],[55.2849,25.2322]]]}},{"type":"Feature","properties":{"h3_index":"8843acd9a9fffff","h3_resolution":8,"center_lat":25.2419,"center_lng":55.27622,"risk_score":0.468,"risk_class":"moderate","flood_exposure":0.6409,"charger_access_deficit":0.2482,"transport_disruption":0.7987},"geometry":{"type":"Polygon","coordinates":[[[55.2711,25.243],[55.2729,25.2387],[55.278,25.2376],[55.2813,25.2408],[55.2796,25.2451],[55.2745,25.2462],[55.2711,25.243]]]}},{"type":"Feature","properties":{"h3_index":"8843acd9abfffff","h3_resolution":8,"center_lat":25.24394,"center_lng":55.28467,"risk_score":0.4329,"risk_class":"moderate","flood_exposure":0.6476,"charger_access_deficit":0.2199,"transport_disruption":0.7545},"geometry":{"type":"Polygon","coordinates":[[[55.2796,25.2451],[55.2813,25.2408],[55.2864,25.2397],[55.2898,25.2428],[55.288,25.2471],[55.2829,25.2482],[55.2796,25.2451]]]}},{"type":"Feature","properties":{"h3_index":"8843acd9adfffff","h3_resolution":8,"center_lat":25.23444,"center_lng":55.27463,"risk_score":0.4882,"risk_class":"moderate","flood_exposure":0.6811,"charger_access_deficit":0.2481,"transport_disruption":0.8008},"geometry":{"type":"Polygon","coordinates":[[[55.2695,25.2356],[55.2713,25.2313],[55.2764,25.2301],[55.2797,25.2333],[55.278,25.2376],[55.2729,25.2387],[55.2695,25.2356]]]}},{"type":"Feature","properties":{"h3_index":"8843acd9b1fffff","h3_resolution":8,"center_lat":25.24803,"center_lng":55.3016,"risk_score":0.3267,"risk_class":"low","flood_exposure":0.6326,"charger_access_deficit":0.174,"transport_disruption":0.5992},"geometry":{"type":"Polygon","coordinates":[[[55.2965,25.2492],[55.2982,25.2449],[55.3034,25.2437],[55.3067,25.2469],[55.3049,25.2512],[55.2998,25.2523],[55.2965,25.2492]]]}},{"type":"Feature","properties":{"h3_index":"8843acd9b3fffff","h3_resolution":8,"center_lat":25.25008,"center_lng":55.31006,"risk_score":0.2781,"risk_class":"low","flood_exposure":0.6121,"charger_access_deficit":0.1595,"transport_disruption":0.5025},"geometry":{"type":"Polygon","coordinates":[[[55.3049,25.2512],[55.3067,25.2469],[55.3118,25.2458],[55.3152,25.249],[55.3134,25.2532],[55.3083,25.2544],[55.3049,25.2512]]]}},{"type":"Feature","properties":{"h3_index":"8843acd9b5fffff","h3_resolution":8,"center_lat":25.24057,"center_lng":55.30001,"risk_score":0.4167,"risk_class":"moderate","flood_exposure":0.6847,"charger_access_deficit":0.1966,"transport_disruption":0.6059},"geometry":{"type":"Polygon","coordinates":[[[55.2949,25.2417],[55.2967,25.2374],[55.3018,25.2363],[55.3051,25.2394],[55.3034,25.2437],[55.2982,25.2449],[55.2949,25.2417]]]}},{"type":"Feature","properties":{"h3_index":"8843acd9b7fffff","h3_resolution":8,"center_lat":25.24261,"center_lng":55.30847,"risk_score":0.3157,"risk_class":"low","flood_exposure":0.6656,"charger_access_deficit":0.1812,"transport_disruption":0.5097},"geometry":{"type":"Polygon","coordinates":[[[55.3034,25.2437],[55.3051,25.2394],[55.3102,25.2383],[55.3136,25.2415],[55.3118,25.2458],[55.3067,25.2469],[55.3034,25.2437]]]}},{"type":"Feature","properties":{"h3_index":"8843acd9b9fffff","h3_resolution":8,"center_lat":25.25345,"center_lng":55.29472,"risk_score":0.3389,"risk_class":"low","flood_exposure":0.593,"charger_access_deficit":0.1787,"transport_disruption":0.6798},"geometry":{"type":"Polygon","coordinates":[[[55.2896,25.2546],[55.2914,25.2503],[55.2965,25.2492],[55.2998,25.2523],[55.2981,25.2566],[55.293,25.2577],[55.2896,25.2546]]]}},{"type":"Feature","properties":{"h3_index":"8843acd9bbfffff","h3_resolution":8,"center_lat":25.2555,"center_lng":55.30318,"risk_score":0.2999,"risk_class":"low","flood_exposure":0.579,"charger_access_deficit":0.1604,"transport_disruption":0.5923},"geometry":{"type":"Polygon","coordinates":[[[55.2981,25.2566],[55.2998,25.2523],[55.3049,25.2512],[55.3083,25.2544],[55.3065,25.2587],[55.3014,25.2598],[55.2981,25.2566]]]}},{"type":"Feature","properties":{"h3_index":"8843acd9bdfffff","h3_resolution":8,"center_lat":25.24599,"center_lng":55.29313,"risk_score":0.3994,"risk_class":"moderate","flood_exposure":0.6447,"charger_access_deficit":0.1947,"transport_disruption":0.6857},"geometry":{"type":"Polygon","coordinates":[[[55.288,25.2471],[55.2898,25.2428],[55.2949,25.2417],[55.2982,25.2449],[55.2965,25.2492],[55.2914,25.2503],[55.288,25.2471]]]}},{"type":"Feature","properties":{"h3_index":"8843acd9c1fffff","h3_resolution":8,"center_lat":25.26562,"center_lng":55.25717,"risk_score":0.383,"risk_class":"moderate","flood_exposure":0.43,"charger_access_deficit":0.3796,"transport_disruption":0.7639},"geometry":{"type":"Polygon","coordinates":[[[55.2521,25.2667],[55.2538,25.2625],[55.2589,25.2613],[55.2623,25.2645],[55.2605,25.2688],[55.2554,25.2699],[55.2521,25.2667]]]}},{"type":"Feature","properties":{"h3_index":"8843acd9c3fffff","h3_resolution":8,"center_lat":25.26767,"center_lng":55.26563,"risk_score":0.3663,"risk_class":"moderate","flood_exposure":0.4425,"charger_access_deficit":0.3258,"transport_disruption":0.8017},"geometry":{"type":"Polygon","coordinates":[[[55.2605,25.2688],[55.2623,25.2645],[55.2674,25.2634],[55.2707,25.2665],[55.269,25.2708],[55.2639,25.272],[55.2605,25.2688]]]}},{"type":"Feature","properties":{"h3_index":"8843acd9c5fffff","h3_resolution":8,"center_lat":25.25816,"center_lng":55.25559,"risk_score":0.4112,"risk_class":"moderate","flood_exposure":0.4708,"charger_access_deficit":0.3754,"transport_disruption":0.7599},"geometry":{"type":"Polygon","coordinates":[[[55.2505,25.2593],[55.2522,25.255],[55.2574,25.2539],[55.2607,25.257],[55.2589,25.2613],[55.2538,25.2625],[55.2505,25.2593]]]}},{"type":"Feature","properties":{"h3_index":"8843acd9c7fffff","h3_resolution":8,"center_lat":25.2602,"center_lng":55.26405,"risk_score":0.4019,"risk_class":"moderate","flood_exposure":0.4871,"charger_access_deficit":0.3224,"transport_disruption":0.7997},"geometry":{"type":"Polygon","coordinates":[[[55.2589,25.2613],[55.2607,25.257],[55.2658,25.2559],[55.2692,25.2591],[55.2674,25.2634],[55.2623,25.2645],[55.2589,25.2613]]]}},{"type":"Feature","properties":{"h3_index":"8843acd9c9fffff","h3_resolution":8,"center_lat":25.27104,"center_lng":55.25029,"risk_score":0.3334,"risk_class":"low","flood_exposure":0.3719,"charger_access_deficit":0.4431,"transport_disruption":0.714},"geometry":{"type":"Polygon","coordinates":[[[55.2452,25.2722],[55.2469,25.2679],[55.2521,25.2667],[55.2554,25.2699],[55.2536,25.2742],[55.2485,25.2753],[55.2452,25.2722]]]}},{"type":"Feature","properties":{"h3_index":"8843acd9cbfffff","h3_resolution":8,"center_lat":25.27309,"center_lng":55.25876,"risk_score":0.3486,"risk_class":"low","flood_exposure":0.3866,"charger_access_deficit":0.3879,"transport_disruption":0.7679},"geometry":{"type":"Polygon","coordinates":[[[55.2536,25.2742],[55.2554,25.2699],[55.2605,25.2688],[55.2639,25.272],[55.2621,25.2763],[55.257,25.2774],[55.2536,25.2742]]]}},{"type":"Feature","properties":{"h3_index":"8843acd9cdfffff","h3_resolution":8,"center_lat":25.26358,"center_lng":55.24871,"risk_score":0.3596,"risk_class":"moderate","flood_exposure":0.4117,"charger_access_deficit":0.4351,"transport_disruption":0.7087},"geometry":{"type":"Polygon","coordinates":[[[55.2436,25.2647],[55.2454,25.2604],[55.2505,25.2593],[55.2538,25.2625],[55.2521,25.2667],[55.2469,25.2679],[55.2436,25.2647]]]}},{"type":"Feature","properties":{"h3_index":"8843acd9d1fffff","h3_resolution":8,"center_lat":25.27718,"center_lng":55.27568,"risk_score":0.342,"risk_class":"low","flood_exposure":0.3995,"charger_access_deficit":0.2974,"transport_disruption":0.8106},"geometry":{"type":"Polygon","coordinates":[[[55.2706,25.2783],[55.2723,25.274],[55.2774,25.2729],[55.2808,25.2761],[55.279,25.2804],[55.2739,25.2815],[55.2706,25.2783]]]}},{"type":"Feature","properties":{"h3_index":"8843acd9d3fffff","h3_resolution":8,"center_lat":25.27923,"center_lng":55.28414,"risk_score":0.3062,"risk_class":"low","flood_exposure":0.3974,"charger_access_deficit":0.2705,"transport_disruption":0.785},"geometry":{"type":"Polygon","coordinates":[[[55.279,25.2804],[55.2808,25.2761],[55.2859,25.2749],[55.2893,25.2781],[55.2875,25.2824],[55.2824,25.2835],[55.279,25.2804]]]}},{"type":"Feature","properties":{"h3_index":"8843acd9d5fffff","h3_resolution":8,"center_lat":25.26972,"center_lng":55.27409,"risk_score":0.3389,"risk_class":"low","flood_exposure":0.4491,"charger_access_deficit":0.2788,"transport_disruption":0.8111},"geometry":{"type":"Polygon","coordinates":[[[55.269,25.2708],[55.2707,25.2665],[55.2759,25.2654],[55.2792,25.2686],[55.2774,25.2729],[55.2723,25.274],[55.269,25.2708]]]}},{"type":"Feature","properties":{"h3_index":"8843acd9d7fffff","h3_resolution":8,"center_lat":25.27176,"center_lng":55.28256,"risk_score":0.3286,"risk_class":"low","flood_exposure":0.4493,"charger_access_deficit":0.2434,"transport_disruption":0.788},"geometry":{"type":"Polygon","coordinates":[[[55.2774,25.2729],[55.2792,25.2686],[55.2843,25.2675],[55.2877,25.2706],[55.2859,25.2749],[55.2808,25.2761],[55.2774,25.2729]]]}},{"type":"Feature","properties":{"h3_index":"8843acd9d9fffff","h3_resolution":8,"center_lat":25.2826,"center_lng":55.2688,"risk_score":0.3589,"risk_class":"moderate","flood_exposure":0.3476,"charger_access_deficit":0.3612,"transport_disruption":0.8056},"geometry":{"type":"Polygon","coordinates":[[[55.2637,25.2837],[55.2655,25.2794],[55.2706,25.2783],[55.2739,25.2815],[55.2722,25.2858],[55.267,25.2869],[55.2637,25.2837]]]}},{"type":"Feature","properties":{"h3_index":"8843acd9dbfffff","h3_resolution":8,"center_lat":25.28465,"center_lng":55.27726,"risk_score":0.298,"risk_class":"low","flood_exposure":0.3487,"charger_access_deficit":0.3293,"transport_disruption":0.8099},"geometry":{"type":"Polygon","coordinates":[[[55.2722,25.2858],[55.2739,25.2815],[55.279,25.2804],[55.2824,25.2835],[55.2806,25.2878],[55.2755,25.2889],[55.2722,25.2858]]]}},{"type":"Feature","properties":{"h3_index":"8843acd9ddfffff","h3_resolution":8,"center_lat":25.27514,"center_lng":55.26722,"risk_score":0.3636,"risk_class":"moderate","flood_exposure":0.3959,"charger_access_deficit":0.3378,"transport_disruption":0.8037},"geometry":{"type":"Polygon","coordinates":[[[55.2621,25.2763],[55.2639,25.272],[55.269,25.2708],[55.2723,25.274],[55.2706,25.2783],[55.2655,25.2794],[55.2621,25.2763]]]}},{"type":"Feature","properties":{"h3_index":"8843acd9e1fffff","h3_resolution":8,"center_lat":25.24527,"center_lng":55.26088,"risk_score":0.4658,"risk_class":"moderate","flood_exposure":0.5673,"charger_access_deficit":0.3192,"transport_disruption":0.7956},"geometry":{"type":"Polygon","coordinates":[[[55.2558,25.2464],[55.2575,25.2421],[55.2626,25.241],[55.266,25.2441],[55.2642,25.2484],[55.2591,25.2496],[55.2558,25.2464]]]}},{"type":"Feature","properties":{"h3_index":"8843acd9e3fffff","h3_resolution":8,"center_lat":25.24732,"center_lng":55.26934,"risk_score":0.4513,"risk_class":"moderate","flood_exposure":0.5859,"charger_access_deficit":0.2792,"transport_disruption":0.8122},"geometry":{"type":"Polygon","coordinates":[[[55.2642,25.2484],[55.266,25.2441],[55.2711,25.243],[55.2745,25.2462],[55.2727,25.2505],[55.2676,25.2516],[55.2642,25.2484]]]}},{"type":"Feature","properties":{"h3_index":"8843acd9e5fffff","h3_resolution":8,"center_lat":25.23781,"center_lng":55.2593,"risk_score":0.4622,"risk_class":"moderate","flood_exposure":0.6013,"charger_access_deficit":0.3065,"transport_disruption":0.7935},"geometry":{"type":"Polygon","coordinates":[[[55.2542,25.2389],[55.256,25.2346],[55.2611,25.2335],[55.2644,25.2367],[55.2626,25.241],[55.2575,25.2421],[55.2542,25.2389]]]}},{"type":"Feature","properties":{"h3_index":"8843acd9e7fffff","h3_resolution":8,"center_lat":25.23986,"center_lng":55.26776,"risk_score":0.4758,"risk_class":"moderate","flood_exposure":0.6252,"charger_access_deficit":0.2778,"transport_disruption":0.8122},"geometry":{"type":"Polygon","coordinates":[[[55.2626,25.241],[55.2644,25.2367],[55.2695,25.2356],[55.2729,25.2387],[55.2711,25.243],[55.266,25.2441],[55.2626,25.241]]]}},{"type":"Feature","properties":{"h3_index":"8843acd9e9fffff","h3_resolution":8,"center_lat":25.25069,"center_lng":55.25401,"risk_score":0.4289,"risk_class":"moderate","flood_exposure":0.5083,"charger_access_deficit":0.3697,"transport_disruption":0.756},"geometry":{"type":"Polygon","coordinates":[[[55.2489,25.2518],[55.2507,25.2475],[55.2558,25.2464],[55.2591,25.2496],[55.2574,25.2539],[55.2522,25.255],[55.2489,25.2518]]]}},{"type":"Feature","properties":{"h3_index":"8843acd9ebfffff","h3_resolution":8,"center_lat":25.25274,"center_lng":55.26247,"risk_score":0.4026,"risk_class":"moderate","flood_exposure":0.5289,"charger_access_deficit":0.3224,"transport_disruption":0.7977},"geometry":{"type":"Polygon","coordinates":[[[55.2574,25.2539],[55.2591,25.2496],[55.2642,25.2484],[55.2676,25.2516],[55.2658,25.2559],[55.2607,25.257],[55.2574,25.2539]]]}},{"type":"Feature","properties":{"h3_index":"8843acd9edfffff","h3_resolution":8,"center_lat":25.24323,"center_lng":55.25243,"risk_score":0.457,"risk_class":"moderate","flood_exposure":0.5419,"charger_access_deficit":0.3567,"transport_disruption":0.7521},"geometry":{"type":"Polygon","coordinates":[[[55.2473,25.2444],[55.2491,25.2401],[55.2542,25.2389],[55.2575,25.2421],[55.2558,25.2464],[55.2507,25.2475],[55.2473,25.2444]]]}},{"type":"Feature","properties":{"h3_index":"8843acda01fffff","h3_resolution":8,"center_lat":25.33269,"center_lng":55.18305,"risk_score":0.4154,"risk_class":"moderate","flood_exposure":0.0007,"charger_access_deficit":0.9823,"transport_disruption":0.661},"geometry":{"type":"Polygon","coordinates":[[[55.1779,25.3338],[55.1797,25.3295],[55.1848,25.3284],[55.1882,25.3316],[55.1864,25.3359],[55.1813,25.337],[55.1779,25.3338]]]}},{"type":"Feature","properties":{"h3_index":"8843acda05fffff","h3_resolution":8,"center_lat":25.32522,"center_lng":55.18147,"risk_score":0.4378,"risk_class":"moderate","flood_exposure":0.0018,"charger_access_deficit":0.9827,"transport_disruption":0.6886},"geometry":{"type":"Polygon","coordinates":[[[55.1764,25.3263],[55.1781,25.322],[55.1832,25.3209],[55.1866,25.3241],[55.1848,25.3284],[55.1797,25.3295],[55.1764,25.3263]]]}},{"type":"Feature","properties":{"h3_index":"8843acda07fffff","h3_resolution":8,"center_lat":25.32728,"center_lng":55.18994,"risk_score":0.4019,"risk_class":"moderate","flood_exposure":0.0035,"charger_access_deficit":0.967,"transport_disruption":0.6503},"geometry":{"type":"Polygon","coordinates":[[[55.1848,25.3284],[55.1866,25.3241],[55.1917,25.323],[55.1951,25.3262],[55.1933,25.3305],[55.1882,25.3316],[55.1848,25.3284]]]}},{"type":"Feature","properties":{"h3_index":"8843acda0dfffff","h3_resolution":8,"center_lat":25.33064,"center_lng":55.17459,"risk_score":0.4779,"risk_class":"moderate","flood_exposure":0.0001,"charger_access_deficit":0.9924,"transport_disruption":0.6886},"geometry":{"type":"Polygon","coordinates":[[[55.1695,25.3318],[55.1712,25.3275],[55.1764,25.3263],[55.1797,25.3295],[55.1779,25.3338],[55.1728,25.3349],[55.1695,25.3318]]]}},{"type":"Feature","properties":{"h3_index":"8843acda21fffff","h3_resolution":8,"center_lat":25.31233,"center_lng":55.18678,"risk_score":0.4099,"risk_class":"moderate","flood_exposure":0.0096,"charger_access_deficit":0.9642,"transport_disruption":0.7084},"geometry":{"type":"Polygon","coordinates":[[[55.1817,25.3135],[55.1834,25.3092],[55.1886,25.308],[55.1919,25.3112],[55.1901,25.3155],[55.185,25.3166],[55.1817,25.3135]]]}},{"type":"Feature","properties":{"h3_index":"8843acda23fffff","h3_resolution":8,"center_lat":25.31439,"center_lng":55.19524,"risk_score":0.3905,"risk_class":"moderate","flood_exposure":0.0147,"charger_access_deficit":0.9407,"transport_disruption":0.6621},"geometry":{"type":"Polygon","coordinates":[[[55.1901,25.3155],[55.1919,25.3112],[55.197,25.3101],[55.2004,25.3133],[55.1986,25.3176],[55.1935,25.3187],[55.1901,25.3155]]]}},{"type":"Feature","properties":{"h3_index":"8843acda25fffff","h3_resolution":8,"center_lat":25.30487,"center_lng":55.18521,"risk_score":0.4563,"risk_class":"moderate","flood_exposure":0.0159,"charger_access_deficit":0.9574,"transport_disruption":0.7446},"geometry":{"type":"Polygon","coordinates":[[[55.1801,25.306],[55.1819,25.3017],[55.187,25.3006],[55.1903,25.3037],[55.1886,25.308],[55.1834,25.3092],[55.1801,25.306]]]}},{"type":"Feature","properties":{"h3_index":"8843acda27fffff","h3_resolution":8,"center_lat":25.30692,"center_lng":55.19367,"risk_score":0.4509,"risk_class":"moderate","flood_exposure":0.0231,"charger_access_deficit":0.9335,"transport_disruption":0.6983},"geometry":{"type":"Polygon","coordinates":[[[55.1886,25.308],[55.1903,25.3037],[55.1954,25.3026],[55.1988,25.3058],[55.197,25.3101],[55.1919,25.3112],[55.1886,25.308]]]}},{"type":"Feature","properties":{"h3_index":"8843acda29fffff","h3_resolution":8,"center_lat":25.31775,"center_lng":55.1799,"risk_score":0.4275,"risk_class":"moderate","flood_exposure":0.0033,"charger_access_deficit":0.982,"transport_disruption":0.7124},"geometry":{"type":"Polygon","coordinates":[[[55.1748,25.3189],[55.1766,25.3146],[55.1817,25.3135],[55.185,25.3166],[55.1832,25.3209],[55.1781,25.322],[55.1748,25.3189]]]}},{"type":"Feature","properties":{"h3_index":"8843acda2bfffff","h3_resolution":8,"center_lat":25.31981,"center_lng":55.18836,"risk_score":0.4448,"risk_class":"moderate","flood_exposure":0.0059,"charger_access_deficit":0.9664,"transport_disruption":0.6781},"geometry":{"type":"Polygon","coordinates":[[[55.1832,25.3209],[55.185,25.3166],[55.1901,25.3155],[55.1935,25.3187],[55.1917,25.323],[55.1866,25.3241],[55.1832,25.3209]]]}},{"type":"Feature","properties":{"h3_index":"8843acda2dfffff","h3_resolution":8,"center_lat":25.31028,"center_lng":55.17833,"risk_score":0.4399,"risk_class":"moderate","flood_exposure":0.0058,"charger_access_deficit":0.9797,"transport_disruption":0.741},"geometry":{"type":"Polygon","coordinates":[[[55.1732,25.3114],[55.175,25.3071],[55.1801,25.306],[55.1834,25.3092],[55.1817,25.3135],[55.1766,25.3146],[55.1732,25.3114]]]}},{"type":"Feature","properties":{"h3_index":"8843acda31fffff","h3_resolution":8,"center_lat":25.32391,"center_lng":55.20528,"risk_score":0.3711,"risk_class":"moderate","flood_exposure":0.014,"charger_access_deficit":0.914,"transport_disruption":0.5786},"geometry":{"type":"Polygon","coordinates":[[[55.2002,25.325],[55.2019,25.3207],[55.2071,25.3196],[55.2104,25.3228],[55.2086,25.3271],[55.2035,25.3282],[55.2002,25.325]]]}},{"type":"Feature","properties":{"h3_index":"8843acda33fffff","h3_resolution":8,"center_lat":25.32596,"center_lng":55.21375,"risk_score":0.3182,"risk_class":"low","flood_exposure":0.0193,"charger_access_deficit":0.8779,"transport_disruption":0.5367},"geometry":{"type":"Polygon","coordinates":[[[55.2086,25.3271],[55.2104,25.3228],[55.2155,25.3217],[55.2189,25.3248],[55.2171,25.3291],[55.212,25.3303],[55.2086,25.3271]]]}},{"type":"Feature","properties":{"h3_index":"8843acda35fffff","h3_resolution":8,"center_lat":25.31644,"center_lng":55.20371,"risk_score":0.3971,"risk_class":"moderate","flood_exposure":0.0211,"charger_access_deficit":0.9093,"transport_disruption":0.6077},"geometry":{"type":"Polygon","coordinates":[[[55.1986,25.3176],[55.2004,25.3133],[55.2055,25.3121],[55.2088,25.3153],[55.2071,25.3196],[55.2019,25.3207],[55.1986,25.3176]]]}},{"type":"Feature","properties":{"h3_index":"8843acda37fffff","h3_resolution":8,"center_lat":25.31849,"center_lng":55.21217,"risk_score":0.3555,"risk_class":"moderate","flood_exposure":0.0274,"charger_access_deficit":0.8755,"transport_disruption":0.5607},"geometry":{"type":"Polygon","coordinates":[[[55.2071,25.3196],[55.2088,25.3153],[55.2139,25.3142],[55.2173,25.3174],[55.2155,25.3217],[55.2104,25.3228],[55.2071,25.3196]]]}},{"type":"Feature","properties":{"h3_index":"8843acda39fffff","h3_resolution":8,"center_lat":25.32933,"center_lng":55.1984,"risk_score":0.3665,"risk_class":"moderate","flood_exposure":0.006,"charger_access_deficit":0.9442,"transport_disruption":0.6004},"geometry":{"type":"Polygon","coordinates":[[[55.1933,25.3305],[55.1951,25.3262],[55.2002,25.325],[55.2035,25.3282],[55.2017,25.3325],[55.1966,25.3336],[55.1933,25.3305]]]}},{"type":"Feature","properties":{"h3_index":"8843acda3bfffff","h3_resolution":8,"center_lat":25.33138,"center_lng":55.20686,"risk_score":0.3794,"risk_class":"moderate","flood_exposure":0.0094,"charger_access_deficit":0.914,"transport_disruption":0.5509},"geometry":{"type":"Polygon","coordinates":[[[55.2017,25.3325],[55.2035,25.3282],[55.2086,25.3271],[55.212,25.3303],[55.2102,25.3346],[55.2051,25.3357],[55.2017,25.3325]]]}},{"type":"Feature","properties":{"h3_index":"8843acda3dfffff","h3_resolution":8,"center_lat":25.32186,"center_lng":55.19682,"risk_score":0.3737,"risk_class":"moderate","flood_exposure":0.0095,"charger_access_deficit":0.9437,"transport_disruption":0.6302},"geometry":{"type":"Polygon","coordinates":[[[55.1917,25.323],[55.1935,25.3187],[55.1986,25.3176],[55.2019,25.3207],[55.2002,25.325],[55.1951,25.3262],[55.1917,25.323]]]}},{"type":"Feature","properties":{"h3_index":"8843acda61fffff","h3_resolution":8,"center_lat":25.32111,"center_lng":55.16455,"risk_score":0.4479,"risk_class":"moderate","flood_exposure":0.0002,"charger_access_deficit":0.9971,"transport_disruption":0.7215},"geometry":{"type":"Polygon","coordinates":[[[55.1594,25.3222],[55.1612,25.3179],[55.1663,25.3168],[55.1697,25.32],[55.1679,25.3243],[55.1628,25.3254],[55.1594,25.3222]]]}},{"type":"Feature","properties":{"h3_index":"8843acda63fffff","h3_resolution":8,"center_lat":25.32317,"center_lng":55.17301,"risk_score":0.4707,"risk_class":"moderate","flood_exposure":0.0007,"charger_access_deficit":0.992,"transport_disruption":0.7123},"geometry":{"type":"Polygon","coordinates":[[[55.1679,25.3243],[55.1697,25.32],[55.1748,25.3189],[55.1781,25.322],[55.1764,25.3263],[55.1712,25.3275],[55.1679,25.3243]]]}},{"type":"Feature","properties":{"h3_index":"8843acda65fffff","h3_resolution":8,"center_lat":25.31364,"center_lng":55.16298,"risk_score":0.4494,"risk_class":"moderate","flood_exposure":0.0007,"charger_access_deficit":0.9964,"transport_disruption":0.7408},"geometry":{"type":"Polygon","coordinates":[[[55.1579,25.3148],[55.1596,25.3105],[55.1648,25.3093],[55.1681,25.3125],[55.1663,25.3168],[55.1612,25.3179],[55.1579,25.3148]]]}},{"type":"Feature","properties":{"h3_index":"8843acda67fffff","h3_resolution":8,"center_lat":25.3157,"center_lng":55.17144,"risk_score":0.4445,"risk_class":"moderate","flood_exposure":0.0016,"charger_access_deficit":0.9914,"transport_disruption":0.7313},"geometry":{"type":"Polygon","coordinates":[[[55.1663,25.3168],[55.1681,25.3125],[55.1732,25.3114],[55.1766,25.3146],[55.1748,25.3189],[55.1697,25.32],[55.1663,25.3168]]]}},{"type":"Feature","properties":{"h3_index":"8843acda69fffff","h3_resolution":8,"center_lat":25.32653,"center_lng":55.15767,"risk_score":0.4515,"risk_class":"moderate","flood_exposure":0.0,"charger_access_deficit":0.9994,"transport_disruption":0.711},"geometry":{"type":"Polygon","coordinates":[[[55.1526,25.3276],[55.1543,25.3234],[55.1594,25.3222],[55.1628,25.3254],[55.161,25.3297],[55.1559,25.3308],[55.1526,25.3276]]]}},{"type":"Feature","properties":{"h3_index":"8843acda6bfffff","h3_resolution":8,"center_lat":25.32859,"center_lng":55.16613,"risk_score":0.4513,"risk_class":"moderate","flood_exposure":0.0,"charger_access_deficit":0.9973,"transport_disruption":0.7024},"geometry":{"type":"Polygon","coordinates":[[[55.161,25.3297],[55.1628,25.3254],[55.1679,25.3243],[55.1712,25.3275],[55.1695,25.3318],[55.1644,25.3329],[55.161,25.3297]]]}},{"type":"Feature","properties":{"h3_index":"8843acda6dfffff","h3_resolution":8,"center_lat":25.31906,"center_lng":55.1561,"risk_score":0.4608,"risk_class":"moderate","flood_exposure":0.0,"charger_access_deficit":0.9992,"transport_disruption":0.7263},"geometry":{"type":"Polygon","coordinates":[[[55.151,25.3202],[55.1528,25.3159],[55.1579,25.3148],[55.1612,25.3179],[55.1594,25.3222],[55.1543,25.3234],[55.151,25.3202]]]}},{"type":"Feature","properties":{"h3_index":"8843acda85fffff","h3_resolution":8,"center_lat":25.33959,"center_lng":55.24073,"risk_score":0.2697,"risk_class":"low","flood_exposure":0.0228,"charger_access_deficit":0.7832,"transport_disruption":0.5974},"geometry":{"type":"Polygon","coordinates":[[[55.2356,25.3407],[55.2374,25.3364],[55.2425,25.3353],[55.2458,25.3385],[55.2441,25.3428],[55.239,25.3439],[55.2356,25.3407]]]}},{"type":"Feature","properties":{"h3_index":"8843acda87fffff","h3_resolution":8,"center_lat":25.34165,"center_lng":55.24919,"risk_score":0.2912,"risk_class":"low","flood_exposure":0.0257,"charger_access_deficit":0.7583,"transport_disruption":0.6575},"geometry":{"type":"Polygon","coordinates":[[[55.2441,25.3428],[55.2458,25.3385],[55.251,25.3373],[55.2543,25.3405],[55.2525,25.3448],[55.2474,25.3459],[55.2441,25.3428]]]}},{"type":"Feature","properties":{"h3_index":"8843acdaa1fffff","h3_resolution":8,"center_lat":25.3267,"center_lng":55.24603,"risk_score":0.29,"risk_class":"low","flood_exposure":0.0484,"charger_access_deficit":0.7391,"transport_disruption":0.627},"geometry":{"type":"Polygon","coordinates":[[[55.2409,25.3278],[55.2427,25.3235],[55.2478,25.3224],[55.2511,25.3256],[55.2494,25.3299],[55.2443,25.331],[55.2409,25.3278]]]}},{"type":"Feature","properties":{"h3_index":"8843acdaa3fffff","h3_resolution":8,"center_lat":25.32875,"center_lng":55.2545,"risk_score":0.3102,"risk_class":"low","flood_exposure":0.0524,"charger_access_deficit":0.7121,"transport_disruption":0.6878},"geometry":{"type":"Polygon","coordinates":[[[55.2494,25.3299],[55.2511,25.3256],[55.2563,25.3245],[55.2596,25.3276],[55.2578,25.3319],[55.2527,25.333],[55.2494,25.3299]]]}},{"type":"Feature","properties":{"h3_index":"8843acdaa5fffff","h3_resolution":8,"center_lat":25.31923,"center_lng":55.24445,"risk_score":0.2838,"risk_class":"low","flood_exposure":0.0704,"charger_access_deficit":0.7164,"transport_disruption":0.6174},"geometry":{"type":"Polygon","coordinates":[[[55.2393,25.3204],[55.2411,25.3161],[55.2462,25.3149],[55.2496,25.3181],[55.2478,25.3224],[55.2427,25.3235],[55.2393,25.3204]]]}},{"type":"Feature","properties":{"h3_index":"8843acdaa7fffff","h3_resolution":8,"center_lat":25.32128,"center_lng":55.25291,"risk_score":0.2697,"risk_class":"low","flood_exposure":0.0743,"charger_access_deficit":0.6875,"transport_disruption":0.6804},"geometry":{"type":"Polygon","coordinates":[[[55.2478,25.3224],[55.2496,25.3181],[55.2547,25.317],[55.258,25.3202],[55.2563,25.3245],[55.2511,25.3256],[55.2478,25.3224]]]}},{"type":"Feature","properties":{"h3_index":"8843acdaa9fffff","h3_resolution":8,"center_lat":25.33212,"center_lng":55.23914,"risk_score":0.2782,"risk_class":"low","flood_exposure":0.0319,"charger_access_deficit":0.7788,"transport_disruption":0.5817},"geometry":{"type":"Polygon","coordinates":[[[55.234,25.3332],[55.2358,25.3289],[55.2409,25.3278],[55.2443,25.331],[55.2425,25.3353],[55.2374,25.3364],[55.234,25.3332]]]}},{"type":"Feature","properties":{"h3_index":"8843acdaabfffff","h3_resolution":8,"center_lat":25.33417,"center_lng":55.24761,"risk_score":0.2752,"risk_class":"low","flood_exposure":0.0358,"charger_access_deficit":0.7512,"transport_disruption":0.6375},"geometry":{"type":"Polygon","coordinates":[[[55.2425,25.3353],[55.2443,25.331],[55.2494,25.3299],[55.2527,25.333],[55.251,25.3373],[55.2458,25.3385],[55.2425,25.3353]]]}},{"type":"Feature","properties":{"h3_index":"8843acdaadfffff","h3_resolution":8,"center_lat":25.32465,"center_lng":55.23756,"risk_score":0.2952,"risk_class":"low","flood_exposure":0.0446,"charger_access_deficit":0.7694,"transport_disruption":0.5704},"geometry":{"type":"Polygon","coordinates":[[[55.2324,25.3258],[55.2342,25.3215],[55.2393,25.3204],[55.2427,25.3235],[55.2409,25.3278],[55.2358,25.3289],[55.2324,25.3258]]]}},{"type":"Feature","properties":{"h3_index":"8843acdab1fffff","h3_resolution":8,"center_lat":25.33828,"center_lng":55.26455,"risk_score":0.2781,"risk_class":"low","flood_exposure":0.0406,"charger_access_deficit":0.7063,"transport_disruption":0.7519},"geometry":{"type":"Polygon","coordinates":[[[55.2594,25.3394],[55.2612,25.3351],[55.2663,25.334],[55.2697,25.3372],[55.2679,25.3415],[55.2628,25.3426],[55.2594,25.3394]]]}},{"type":"Feature","properties":{"h3_index":"8843acdab3fffff","h3_resolution":8,"center_lat":25.34033,"center_lng":55.27302,"risk_score":0.3119,"risk_class":"low","flood_exposure":0.0414,"charger_access_deficit":0.6903,"transport_disruption":0.7864},"geometry":{"type":"Polygon","coordinates":[[[55.2679,25.3415],[55.2697,25.3372],[55.2748,25.336],[55.2781,25.3392],[55.2764,25.3435],[55.2713,25.3446],[55.2679,25.3415]]]}},{"type":"Feature","properties":{"h3_index":"8843acdab5fffff","h3_resolution":8,"center_lat":25.3308,"center_lng":55.26296,"risk_score":0.2832,"risk_class":"low","flood_exposure":0.0549,"charger_access_deficit":0.6899,"transport_disruption":0.7434},"geometry":{"type":"Polygon","coordinates":[[[55.2578,25.3319],[55.2596,25.3276],[55.2647,25.3265],[55.2681,25.3297],[55.2663,25.334],[55.2612,25.3351],[55.2578,25.3319]]]}},{"type":"Feature","properties":{"h3_index":"8843acdab7fffff","h3_resolution":8,"center_lat":25.33285,"center_lng":55.27143,"risk_score":0.3193,"risk_class":"low","flood_exposure":0.056,"charger_access_deficit":0.6725,"transport_disruption":0.7822},"geometry":{"type":"Polygon","coordinates":[[[55.2663,25.334],[55.2681,25.3297],[55.2732,25.3286],[55.2766,25.3317],[55.2748,25.336],[55.2697,25.3372],[55.2663,25.334]]]}},{"type":"Feature","properties":{"h3_index":"8843acdab9fffff","h3_resolution":8,"center_lat":25.3437,"center_lng":55.25766,"risk_score":0.3091,"risk_class":"low","flood_exposure":0.028,"charger_access_deficit":0.7363,"transport_disruption":0.7178},"geometry":{"type":"Polygon","coordinates":[[[55.2525,25.3448],[55.2543,25.3405],[55.2594,25.3394],[55.2628,25.3426],[55.261,25.3469],[55.2559,25.348],[55.2525,25.3448]]]}},{"type":"Feature","properties":{"h3_index":"8843acdabdfffff","h3_resolution":8,"center_lat":25.33622,"center_lng":55.25608,"risk_score":0.2961,"risk_class":"low","flood_exposure":0.0388,"charger_access_deficit":0.7266,"transport_disruption":0.6991},"geometry":{"type":"Polygon","coordinates":[[[55.251,25.3373],[55.2527,25.333],[55.2578,25.3319],[55.2612,25.3351],[55.2594,25.3394],[55.2543,25.3405],[55.251,25.3373]]]}},{"type":"Feature","properties":{"h3_index":"8843acdae1fffff","h3_resolution":8,"center_lat":25.33549,"center_lng":55.22379,"risk_score":0.2906,"risk_class":"low","flood_exposure":0.0169,"charger_access_deficit":0.8442,"transport_disruption":0.512},"geometry":{"type":"Polygon","coordinates":[[[55.2187,25.3366],[55.2204,25.3323],[55.2256,25.3312],[55.2289,25.3344],[55.2271,25.3387],[55.222,25.3398],[55.2187,25.3366]]]}},{"type":"Feature","properties":{"h3_index":"8843acdae3fffff","h3_resolution":8,"center_lat":25.33754,"center_lng":55.23226,"risk_score":0.2714,"risk_class":"low","flood_exposure":0.0202,"charger_access_deficit":0.8122,"transport_disruption":0.5418},"geometry":{"type":"Polygon","coordinates":[[[55.2271,25.3387],[55.2289,25.3344],[55.234,25.3332],[55.2374,25.3364],[55.2356,25.3407],[55.2305,25.3418],[55.2271,25.3387]]]}},{"type":"Feature","properties":{"h3_index":"8843acdae5fffff","h3_resolution":8,"center_lat":25.32802,"center_lng":55.22221,"risk_score":0.3014,"risk_class":"low","flood_exposure":0.024,"charger_access_deficit":0.8437,"transport_disruption":0.5213},"geometry":{"type":"Polygon","coordinates":[[[55.2171,25.3291],[55.2189,25.3248],[55.224,25.3237],[55.2273,25.3269],[55.2256,25.3312],[55.2204,25.3323],[55.2171,25.3291]]]}},{"type":"Feature","properties":{"h3_index":"8843acdae7fffff","h3_resolution":8,"center_lat":25.33007,"center_lng":55.23068,"risk_score":0.2784,"risk_class":"low","flood_exposure":0.0283,"charger_access_deficit":0.8101,"transport_disruption":0.5371},"geometry":{"type":"Polygon","coordinates":[[[55.2256,25.3312],[55.2273,25.3269],[55.2324,25.3258],[55.2358,25.3289],[55.234,25.3332],[55.2289,25.3344],[55.2256,25.3312]]]}},{"type":"Feature","properties":{"h3_index":"8843acdaedfffff","h3_resolution":8,"center_lat":25.33344,"center_lng":55.21533,"risk_score":0.314,"risk_class":"low","flood_exposure":0.0134,"charger_access_deficit":0.8773,"transport_disruption":0.5148},"geometry":{"type":"Polygon","coordinates":[[[55.2102,25.3346],[55.212,25.3303],[55.2171,25.3291],[55.2204,25.3323],[55.2187,25.3366],[55.2136,25.3377],[55.2102,25.3346]]]}},{"type":"Feature","properties":{"h3_index":"8843acdb01fffff","h3_resolution":8,"center_lat":25.28041,"center_lng":55.17203,"risk_score":0.4741,"risk_class":"moderate","flood_exposure":0.0304,"charger_access_deficit":0.94,"transport_disruption":0.8164},"geometry":{"type":"Polygon","coordinates":[[[55.1669,25.2815],[55.1687,25.2772],[55.1738,25.2761],[55.1771,25.2793],[55.1754,25.2836],[55.1703,25.2847],[55.1669,25.2815]]]}},{"type":"Feature","properties":{"h3_index":"8843acdb03fffff","h3_resolution":8,"center_lat":25.28246,"center_lng":55.18049,"risk_score":0.4317,"risk_class":"moderate","flood_exposure":0.0452,"charger_access_deficit":0.92,"transport_disruption":0.8018},"geometry":{"type":"Polygon","coordinates":[[[55.1754,25.2836],[55.1771,25.2793],[55.1823,25.2782],[55.1856,25.2813],[55.1838,25.2856],[55.1787,25.2868],[55.1754,25.2836]]]}},{"type":"Feature","properties":{"h3_index":"8843acdb05fffff","h3_resolution":8,"center_lat":25.27294,"center_lng":55.17046,"risk_score":0.4597,"risk_class":"moderate","flood_exposure":0.0387,"charger_access_deficit":0.919,"transport_disruption":0.8193},"geometry":{"type":"Polygon","coordinates":[[[55.1653,25.2741],[55.1671,25.2698],[55.1722,25.2686],[55.1756,25.2718],[55.1738,25.2761],[55.1687,25.2772],[55.1653,25.2741]]]}},{"type":"Feature","properties":{"h3_index":"8843acdb07fffff","h3_resolution":8,"center_lat":25.27499,"center_lng":55.17891,"risk_score":0.4823,"risk_class":"moderate","flood_exposure":0.0571,"charger_access_deficit":0.8975,"transport_disruption":0.8058},"geometry":{"type":"Polygon","coordinates":[[[55.1738,25.2761],[55.1756,25.2718],[55.1807,25.2707],[55.184,25.2739],[55.1823,25.2782],[55.1771,25.2793],[55.1738,25.2761]]]}},{"type":"Feature","properties":{"h3_index":"8843acdb09fffff","h3_resolution":8,"center_lat":25.28582,"center_lng":55.16515,"risk_score":0.497,"risk_class":"moderate","flood_exposure":0.0136,"charger_access_deficit":0.9694,"transport_disruption":0.8081},"geometry":{"type":"Polygon","coordinates":[[[55.16,25.2869],[55.1618,25.2826],[55.1669,25.2815],[55.1703,25.2847],[55.1685,25.289],[55.1634,25.2901],[55.16,25.2869]]]}},{"type":"Feature","properties":{"h3_index":"8843acdb0bfffff","h3_resolution":8,"center_lat":25.28788,"center_lng":55.1736,"risk_score":0.4766,"risk_class":"moderate","flood_exposure":0.0226,"charger_access_deficit":0.9557,"transport_disruption":0.8091},"geometry":{"type":"Polygon","coordinates":[[[55.1685,25.289],[55.1703,25.2847],[55.1754,25.2836],[55.1787,25.2868],[55.1769,25.291],[55.1718,25.2922],[55.1685,25.289]]]}},{"type":"Feature","properties":{"h3_index":"8843acdb0dfffff","h3_resolution":8,"center_lat":25.27836,"center_lng":55.16358,"risk_score":0.4719,"risk_class":"moderate","flood_exposure":0.0187,"charger_access_deficit":0.9555,"transport_disruption":0.813},"geometry":{"type":"Polygon","coordinates":[[[55.1585,25.2795],[55.1602,25.2752],[55.1653,25.2741],[55.1687,25.2772],[55.1669,25.2815],[55.1618,25.2826],[55.1585,25.2795]]]}},{"type":"Feature","properties":{"h3_index":"8843acdb11fffff","h3_resolution":8,"center_lat":25.29198,"center_lng":55.19052,"risk_score":0.438,"risk_class":"moderate","flood_exposure":0.0478,"charger_access_deficit":0.9103,"transport_disruption":0.7526},"geometry":{"type":"Polygon","coordinates":[[[55.1854,25.2931],[55.1872,25.2888],[55.1923,25.2877],[55.1956,25.2909],[55.1939,25.2952],[55.1887,25.2963],[55.1854,25.2931]]]}},{"type":"Feature","properties":{"h3_index":"8843acdb13fffff","h3_resolution":8,"center_lat":25.29403,"center_lng":55.19898,"risk_score":0.4201,"risk_class":"moderate","flood_exposure":0.0633,"charger_access_deficit":0.8764,"transport_disruption":0.699},"geometry":{"type":"Polygon","coordinates":[[[55.1939,25.2952],[55.1956,25.2909],[55.2007,25.2897],[55.2041,25.2929],[55.2023,25.2972],[55.1972,25.2983],[55.1939,25.2952]]]}},{"type":"Feature","properties":{"h3_index":"8843acdb15fffff","h3_resolution":8,"center_lat":25.28451,"center_lng":55.18894,"risk_score":0.4561,"risk_class":"moderate","flood_exposure":0.0629,"charger_access_deficit":0.8937,"transport_disruption":0.7659},"geometry":{"type":"Polygon","coordinates":[[[55.1838,25.2856],[55.1856,25.2813],[55.1907,25.2802],[55.1941,25.2834],[55.1923,25.2877],[55.1872,25.2888],[55.1838,25.2856]]]}},{"type":"Feature","properties":{"h3_index":"8843acdb17fffff","h3_resolution":8,"center_lat":25.28656,"center_lng":55.1974,"risk_score":0.4076,"risk_class":"moderate","flood_exposure":0.0826,"charger_access_deficit":0.8601,"transport_disruption":0.714},"geometry":{"type":"Polygon","coordinates":[[[55.1923,25.2877],[55.1941,25.2834],[55.1992,25.2823],[55.2025,25.2854],[55.2007,25.2897],[55.1956,25.2909],[55.1923,25.2877]]]}},{"type":"Feature","properties":{"h3_index":"8843acdb19fffff","h3_resolution":8,"center_lat":25.2974,"center_lng":55.18363,"risk_score":0.4667,"risk_class":"moderate","flood_exposure":0.0241,"charger_access_deficit":0.9486,"transport_disruption":0.7723},"geometry":{"type":"Polygon","coordinates":[[[55.1785,25.2985],[55.1803,25.2942],[55.1854,25.2931],[55.1887,25.2963],[55.187,25.3006],[55.1819,25.3017],[55.1785,25.2985]]]}},{"type":"Feature","properties":{"h3_index":"8843acdb1bfffff","h3_resolution":8,"center_lat":25.29945,"center_lng":55.19209,"risk_score":0.4492,"risk_class":"moderate","flood_exposure":0.0344,"charger_access_deficit":0.9231,"transport_disruption":0.7299},"geometry":{"type":"Polygon","coordinates":[[[55.187,25.3006],[55.1887,25.2963],[55.1939,25.2952],[55.1972,25.2983],[55.1954,25.3026],[55.1903,25.3037],[55.187,25.3006]]]}},{"type":"Feature","properties":{"h3_index":"8843acdb1dfffff","h3_resolution":8,"center_lat":25.28993,"center_lng":55.18206,"risk_score":0.4513,"risk_class":"moderate","flood_exposure":0.0341,"charger_access_deficit":0.9366,"transport_disruption":0.7914},"geometry":{"type":"Polygon","coordinates":[[[55.1769,25.291],[55.1787,25.2868],[55.1838,25.2856],[55.1872,25.2888],[55.1854,25.2931],[55.1803,25.2942],[55.1769,25.291]]]}},{"type":"Feature","properties":{"h3_index":"8843acdb21fffff","h3_resolution":8,"center_lat":25.26006,"center_lng":55.17577,"risk_score":0.4367,"risk_class":"moderate","flood_exposure":0.0805,"charger_access_deficit":0.8373,"transport_disruption":0.8059},"geometry":{"type":"Polygon","coordinates":[[[55.1707,25.2612],[55.1724,25.2569],[55.1775,25.2558],[55.1809,25.2589],[55.1791,25.2632],[55.174,25.2644],[55.1707,25.2612]]]}},{"type":"Feature","properties":{"h3_index":"8843acdb23fffff","h3_resolution":8,"center_lat":25.26211,"center_lng":55.18422,"risk_score":0.4361,"risk_class":"moderate","flood_exposure":0.1099,"charger_access_deficit":0.8097,"transport_disruption":0.7706},"geometry":{"type":"Polygon","coordinates":[[[55.1791,25.2632],[55.1809,25.2589],[55.186,25.2578],[55.1893,25.261],[55.1876,25.2653],[55.1825,25.2664],[55.1791,25.2632]]]}},{"type":"Feature","properties":{"h3_index":"8843acdb25fffff","h3_resolution":8,"center_lat":25.2526,"center_lng":55.1742,"risk_score":0.4334,"risk_class":"moderate","flood_exposure":0.0906,"charger_access_deficit":0.8026,"transport_disruption":0.8054},"geometry":{"type":"Polygon","coordinates":[[[55.1691,25.2537],[55.1709,25.2494],[55.176,25.2483],[55.1793,25.2515],[55.1775,25.2558],[55.1724,25.2569],[55.1691,25.2537]]]}},{"type":"Feature","properties":{"h3_index":"8843acdb27fffff","h3_resolution":8,"center_lat":25.25465,"center_lng":55.18265,"risk_score":0.4087,"risk_class":"moderate","flood_exposure":0.1235,"charger_access_deficit":0.7722,"transport_disruption":0.769},"geometry":{"type":"Polygon","coordinates":[[[55.1775,25.2558],[55.1793,25.2515],[55.1844,25.2504],[55.1878,25.2535],[55.186,25.2578],[55.1809,25.2589],[55.1775,25.2558]]]}},{"type":"Feature","properties":{"h3_index":"8843acdb29fffff","h3_resolution":8,"center_lat":25.26548,"center_lng":55.16889,"risk_score":0.449,"risk_class":"moderate","flood_exposure":0.0471,"charger_access_deficit":0.8933,"transport_disruption":0.82},"geometry":{"type":"Polygon","coordinates":[[[55.1638,25.2666],[55.1655,25.2623],[55.1707,25.2612],[55.174,25.2644],[55.1722,25.2686],[55.1671,25.2698],[55.1638,25.2666]]]}},{"type":"Feature","properties":{"h3_index":"8843acdb2bfffff","h3_resolution":8,"center_lat":25.26753,"center_lng":55.17734,"risk_score":0.4458,"risk_class":"moderate","flood_exposure":0.0692,"charger_access_deficit":0.8696,"transport_disruption":0.8065},"geometry":{"type":"Polygon","coordinates":[[[55.1722,25.2686],[55.174,25.2644],[55.1791,25.2632],[55.1825,25.2664],[55.1807,25.2707],[55.1756,25.2718],[55.1722,25.2686]]]}},{"type":"Feature","properties":{"h3_index":"8843acdb2dfffff","h3_resolution":8,"center_lat":25.25801,"center_lng":55.16732,"risk_score":0.4486,"risk_class":"moderate","flood_exposure":0.055,"charger_access_deficit":0.8644,"transport_disruption":0.8202},"geometry":{"type":"Polygon","coordinates":[[[55.1622,25.2591],[55.164,25.2548],[55.1691,25.2537],[55.1724,25.2569],[55.1707,25.2612],[55.1655,25.2623],[55.1622,25.2591]]]}},{"type":"Feature","properties":{"h3_index":"8843acdb31fffff","h3_resolution":8,"center_lat":25.27163,"center_lng":55.19425,"risk_score":0.4291,"risk_class":"moderate","flood_exposure":0.1227,"charger_access_deficit":0.8134,"transport_disruption":0.7212},"geometry":{"type":"Polygon","coordinates":[[[55.1891,25.2728],[55.1909,25.2685],[55.196,25.2673],[55.1994,25.2705],[55.1976,25.2748],[55.1925,25.2759],[55.1891,25.2728]]]}},{"type":"Feature","properties":{"h3_index":"8843acdb33fffff","h3_resolution":8,"center_lat":25.27368,"center_lng":55.2027,"risk_score":0.4002,"risk_class":"moderate","flood_exposure":0.1517,"charger_access_deficit":0.778,"transport_disruption":0.6654},"geometry":{"type":"Polygon","coordinates":[[[55.1976,25.2748],[55.1994,25.2705],[55.2045,25.2694],[55.2078,25.2726],[55.206,25.2769],[55.2009,25.278],[55.1976,25.2748]]]}},{"type":"Feature","properties":{"h3_index":"8843acdb35fffff","h3_resolution":8,"center_lat":25.26417,"center_lng":55.19267,"risk_score":0.3965,"risk_class":"moderate","flood_exposure":0.1418,"charger_access_deficit":0.7807,"transport_disruption":0.7195},"geometry":{"type":"Polygon","coordinates":[[[55.1876,25.2653],[55.1893,25.261],[55.1944,25.2599],[55.1978,25.263],[55.196,25.2673],[55.1909,25.2685],[55.1876,25.2653]]]}},{"type":"Feature","properties":{"h3_index":"8843acdb37fffff","h3_resolution":8,"center_lat":25.26622,"center_lng":55.20113,"risk_score":0.3827,"risk_class":"moderate","flood_exposure":0.1748,"charger_access_deficit":0.7487,"transport_disruption":0.6632},"geometry":{"type":"Polygon","coordinates":[[[55.196,25.2673],[55.1978,25.263],[55.2029,25.2619],[55.2062,25.2651],[55.2045,25.2694],[55.1994,25.2705],[55.196,25.2673]]]}},{"type":"Feature","properties":{"h3_index":"8843acdb39fffff","h3_resolution":8,"center_lat":25.27705,"center_lng":55.18737,"risk_score":0.4563,"risk_class":"moderate","flood_exposure":0.0789,"charger_access_deficit":0.8717,"transport_disruption":0.7711},"geometry":{"type":"Polygon","coordinates":[[[55.1823,25.2782],[55.184,25.2739],[55.1891,25.2728],[55.1925,25.2759],[55.1907,25.2802],[55.1856,25.2813],[55.1823,25.2782]]]}},{"type":"Feature","properties":{"h3_index":"8843acdb3bfffff","h3_resolution":8,"center_lat":25.2791,"center_lng":55.19582,"risk_score":0.4083,"risk_class":"moderate","flood_exposure":0.1027,"charger_access_deficit":0.8398,"transport_disruption":0.7203},"geometry":{"type":"Polygon","coordinates":[[[55.1907,25.2802],[55.1925,25.2759],[55.1976,25.2748],[55.2009,25.278],[55.1992,25.2823],[55.1941,25.2834],[55.1907,25.2802]]]}},{"type":"Feature","properties":{"h3_index":"8843acdb3dfffff","h3_resolution":8,"center_lat":25.26958,"center_lng":55.18579,"risk_score":0.4443,"risk_class":"moderate","flood_exposure":0.0948,"charger_access_deficit":0.8434,"transport_disruption":0.7718},"geometry":{"type":"Polygon","coordinates":[[[55.1807,25.2707],[55.1825,25.2664],[55.1876,25.2653],[55.1909,25.2685],[55.1891,25.2728],[55.184,25.2739],[55.1807,25.2707]]]}},{"type":"Feature","properties":{"h3_index":"8843acdb41fffff","h3_resolution":8,"center_lat":25.28918,"center_lng":55.14981,"risk_score":0.466,"risk_class":"moderate","flood_exposure":0.0021,"charger_access_deficit":0.9923,"transport_disruption":0.7752},"geometry":{"type":"Polygon","coordinates":[[[55.1447,25.2903],[55.1465,25.286],[55.1516,25.2849],[55.1549,25.2881],[55.1532,25.2924],[55.148,25.2935],[55.1447,25.2903]]]}},{"type":"Feature","properties":{"h3_index":"8843acdb43fffff","h3_resolution":8,"center_lat":25.29124,"center_lng":55.15827,"risk_score":0.4661,"risk_class":"moderate","flood_exposure":0.0048,"charger_access_deficit":0.9872,"transport_disruption":0.7875},"geometry":{"type":"Polygon","coordinates":[[[55.1532,25.2924],[55.1549,25.2881],[55.16,25.2869],[55.1634,25.2901],[55.1616,25.2944],[55.1565,25.2955],[55.1532,25.2924]]]}},{"type":"Feature","properties":{"h3_index":"8843acdb45fffff","h3_resolution":8,"center_lat":25.28172,"center_lng":55.14824,"risk_score":0.4705,"risk_class":"moderate","flood_exposure":0.0033,"charger_access_deficit":0.9863,"transport_disruption":0.7812},"geometry":{"type":"Polygon","coordinates":[[[55.1431,25.2828],[55.1449,25.2785],[55.15,25.2774],[55.1534,25.2806],[55.1516,25.2849],[55.1465,25.286],[55.1431,25.2828]]]}},{"type":"Feature","properties":{"h3_index":"8843acdb47fffff","h3_resolution":8,"center_lat":25.28377,"center_lng":55.1567,"risk_score":0.497,"risk_class":"moderate","flood_exposure":0.0073,"charger_access_deficit":0.9792,"transport_disruption":0.7954},"geometry":{"type":"Polygon","coordinates":[[[55.1516,25.2849],[55.1534,25.2806],[55.1585,25.2795],[55.1618,25.2826],[55.16,25.2869],[55.1549,25.2881],[55.1516,25.2849]]]}},{"type":"Feature","properties":{"h3_index":"8843acdb49fffff","h3_resolution":8,"center_lat":25.2946,"center_lng":55.14293,"risk_score":0.4726,"risk_class":"moderate","flood_exposure":0.0003,"charger_access_deficit":0.9978,"transport_disruption":0.7629},"geometry":{"type":"Polygon","coordinates":[[[55.1378,25.2957],[55.1396,25.2914],[55.1447,25.2903],[55.148,25.2935],[55.1463,25.2978],[55.1412,25.2989],[55.1378,25.2957]]]}},{"type":"Feature","properties":{"h3_index":"8843acdb4bfffff","h3_resolution":8,"center_lat":25.29665,"center_lng":55.15138,"risk_score":0.4656,"risk_class":"moderate","flood_exposure":0.0011,"charger_access_deficit":0.9959,"transport_disruption":0.767},"geometry":{"type":"Polygon","coordinates":[[[55.1463,25.2978],[55.148,25.2935],[55.1532,25.2924],[55.1565,25.2955],[55.1547,25.2998],[55.1496,25.3009],[55.1463,25.2978]]]}},{"type":"Feature","properties":{"h3_index":"8843acdb4dfffff","h3_resolution":8,"center_lat":25.28713,"center_lng":55.14136,"risk_score":0.4498,"risk_class":"moderate","flood_exposure":0.0006,"charger_access_deficit":0.9955,"transport_disruption":0.7698},"geometry":{"type":"Polygon","coordinates":[[[55.1362,25.2882],[55.138,25.284],[55.1431,25.2828],[55.1465,25.286],[55.1447,25.2903],[55.1396,25.2914],[55.1362,25.2882]]]}},{"type":"Feature","properties":{"h3_index":"8843acdb51fffff","h3_resolution":8,"center_lat":25.30076,"center_lng":55.16829,"risk_score":0.4779,"risk_class":"moderate","flood_exposure":0.0057,"charger_access_deficit":0.9857,"transport_disruption":0.7793},"geometry":{"type":"Polygon","coordinates":[[[55.1632,25.3019],[55.165,25.2976],[55.1701,25.2965],[55.1734,25.2996],[55.1716,25.3039],[55.1665,25.3051],[55.1632,25.3019]]]}},{"type":"Feature","properties":{"h3_index":"8843acdb53fffff","h3_resolution":8,"center_lat":25.30281,"center_lng":55.17675,"risk_score":0.4797,"risk_class":"moderate","flood_exposure":0.0101,"charger_access_deficit":0.9744,"transport_disruption":0.772},"geometry":{"type":"Polygon","coordinates":[[[55.1716,25.3039],[55.1734,25.2996],[55.1785,25.2985],[55.1819,25.3017],[55.1801,25.306],[55.175,25.3071],[55.1716,25.3039]]]}},{"type":"Feature","properties":{"h3_index":"8843acdb55fffff","h3_resolution":8,"center_lat":25.29329,"center_lng":55.16672,"risk_score":0.4844,"risk_class":"moderate","flood_exposure":0.0093,"charger_access_deficit":0.9792,"transport_disruption":0.797},"geometry":{"type":"Polygon","coordinates":[[[55.1616,25.2944],[55.1634,25.2901],[55.1685,25.289],[55.1718,25.2922],[55.1701,25.2965],[55.165,25.2976],[55.1616,25.2944]]]}},{"type":"Feature","properties":{"h3_index":"8843acdb57fffff","h3_resolution":8,"center_lat":25.29534,"center_lng":55.17518,"risk_score":0.4878,"risk_class":"moderate","flood_exposure":0.0157,"charger_access_deficit":0.9669,"transport_disruption":0.7946},"geometry":{"type":"Polygon","coordinates":[[[55.1701,25.2965],[55.1718,25.2922],[55.1769,25.291],[55.1803,25.2942],[55.1785,25.2985],[55.1734,25.2996],[55.1701,25.2965]]]}},{"type":"Feature","properties":{"h3_index":"8843acdb59fffff","h3_resolution":8,"center_lat":25.30617,"center_lng":55.16141,"risk_score":0.473,"risk_class":"moderate","flood_exposure":0.0015,"charger_access_deficit":0.995,"transport_disruption":0.7596},"geometry":{"type":"Polygon","coordinates":[[[55.1563,25.3073],[55.1581,25.303],[55.1632,25.3019],[55.1665,25.3051],[55.1648,25.3093],[55.1596,25.3105],[55.1563,25.3073]]]}},{"type":"Feature","properties":{"h3_index":"8843acdb5bfffff","h3_resolution":8,"center_lat":25.30823,"center_lng":55.16987,"risk_score":0.4445,"risk_class":"moderate","flood_exposure":0.0032,"charger_access_deficit":0.9896,"transport_disruption":0.755},"geometry":{"type":"Polygon","coordinates":[[[55.1648,25.3093],[55.1665,25.3051],[55.1716,25.3039],[55.175,25.3071],[55.1732,25.3114],[55.1681,25.3125],[55.1648,25.3093]]]}},{"type":"Feature","properties":{"h3_index":"8843acdb5dfffff","h3_resolution":8,"center_lat":25.29871,"center_lng":55.15984,"risk_score":0.4705,"risk_class":"moderate","flood_exposure":0.0028,"charger_access_deficit":0.9924,"transport_disruption":0.7742},"geometry":{"type":"Polygon","coordinates":[[[55.1547,25.2998],[55.1565,25.2955],[55.1616,25.2944],[55.165,25.2976],[55.1632,25.3019],[55.1581,25.303],[55.1547,25.2998]]]}},{"type":"Feature","properties":{"h3_index":"8843acdb61fffff","h3_resolution":8,"center_lat":25.26884,"center_lng":55.15356,"risk_score":0.4707,"risk_class":"moderate","flood_exposure":0.0135,"charger_access_deficit":0.9532,"transport_disruption":0.8009},"geometry":{"type":"Polygon","coordinates":[[[55.1484,25.27],[55.1502,25.2657],[55.1553,25.2645],[55.1587,25.2677],[55.1569,25.272],[55.1518,25.2731],[55.1484,25.27]]]}},{"type":"Feature","properties":{"h3_index":"8843acdb63fffff","h3_resolution":8,"center_lat":25.27089,"center_lng":55.16201,"risk_score":0.4762,"risk_class":"moderate","flood_exposure":0.0241,"charger_access_deficit":0.9373,"transport_disruption":0.8148},"geometry":{"type":"Polygon","coordinates":[[[55.1569,25.272],[55.1587,25.2677],[55.1638,25.2666],[55.1671,25.2698],[55.1653,25.2741],[55.1602,25.2752],[55.1569,25.272]]]}},{"type":"Feature","properties":{"h3_index":"8843acdb65fffff","h3_resolution":8,"center_lat":25.26137,"center_lng":55.15199,"risk_score":0.4481,"risk_class":"moderate","flood_exposure":0.0168,"charger_access_deficit":0.9361,"transport_disruption":0.8019},"geometry":{"type":"Polygon","coordinates":[[[55.1469,25.2625],[55.1486,25.2582],[55.1538,25.2571],[55.1571,25.2603],[55.1553,25.2645],[55.1502,25.2657],[55.1469,25.2625]]]}},{"type":"Feature","properties":{"h3_index":"8843acdb67fffff","h3_resolution":8,"center_lat":25.26343,"center_lng":55.16044,"risk_score":0.4551,"risk_class":"moderate","flood_exposure":0.0296,"charger_access_deficit":0.9154,"transport_disruption":0.8155},"geometry":{"type":"Polygon","coordinates":[[[55.1553,25.2645],[55.1571,25.2603],[55.1622,25.2591],[55.1655,25.2623],[55.1638,25.2666],[55.1587,25.2677],[55.1553,25.2645]]]}},{"type":"Feature","properties":{"h3_index":"8843acdb69fffff","h3_resolution":8,"center_lat":25.27425,"center_lng":55.14667,"risk_score":0.4722,"risk_class":"moderate","flood_exposure":0.0049,"charger_access_deficit":0.9778,"transport_disruption":0.7852},"geometry":{"type":"Polygon","coordinates":[[[55.1416,25.2754],[55.1433,25.2711],[55.1484,25.27],[55.1518,25.2731],[55.15,25.2774],[55.1449,25.2785],[55.1416,25.2754]]]}},{"type":"Feature","properties":{"h3_index":"8843acdb6bfffff","h3_resolution":8,"center_lat":25.2763,"center_lng":55.15513,"risk_score":0.4876,"risk_class":"moderate","flood_exposure":0.0103,"charger_access_deficit":0.9678,"transport_disruption":0.7992},"geometry":{"type":"Polygon","coordinates":[[[55.15,25.2774],[55.1518,25.2731],[55.1569,25.272],[55.1602,25.2752],[55.1585,25.2795],[55.1534,25.2806],[55.15,25.2774]]]}},{"type":"Feature","properties":{"h3_index":"8843acdb6dfffff","h3_resolution":8,"center_lat":25.26679,"center_lng":55.1451,"risk_score":0.476,"risk_class":"moderate","flood_exposure":0.0066,"charger_access_deficit":0.967,"transport_disruption":0.7874},"geometry":{"type":"Polygon","coordinates":[[[55.14,25.2679],[55.1418,25.2636],[55.1469,25.2625],[55.1502,25.2657],[55.1484,25.27],[55.1433,25.2711],[55.14,25.2679]]]}}]}